lead_id,created_date,first_name,last_name,email,company_domain,channel,campaign,became_deal
L000001,2025-01-21 18:00:00,Anaya,Doyle,anaya.doyle@harborview.com,harborview.com,Display - Programmatic,retarget-display,false
L000002,2025-01-23 16:00:00,Priya,Bergstrom,priya.bergstrom@quillon.com,quillon.com,Display - Programmatic,contextual-b2b,false
L000003,2025-01-27 16:30:00,Omar,Szabo,omar.szabo@redwood.com,redwood.com,Display - Programmatic,retarget-display,false
L000004,2025-01-17 09:45:00,Anaya,Whitfield,anaya.whitfield@anvil.com,anvil.com,Display - Programmatic,contextual-b2b,false
L000005,2025-01-05 17:45:00,Adeola,Farrell,adeola.farrell@meridian.com,meridian.com,Display - Programmatic,retarget-display,false
L000006,2025-01-22 12:30:00,Anaya,Almeida,anaya.almeida@oakhurst.com,oakhurst.com,Display - Programmatic,contextual-b2b,false
L000007,2025-01-10 08:15:00,Yusuf,Pires,yusuf.pires@ridgeline.com,ridgeline.com,Display - Programmatic,contextual-b2b,false
L000008,2025-01-13 08:00:00,Noor,Ferreira,noor.ferreira@juniper.com,juniper.com,Display - Programmatic,retarget-display,false
L000009,2025-01-01 07:45:00,Kenji,Horvat,kenji.horvat@juniper.com,juniper.com,Display - Programmatic,retarget-display,false
L000010,2025-01-10 20:45:00,Callum,Doyle,callum.doyle@saltmarsh.com,saltmarsh.com,Display - Programmatic,contextual-b2b,false
L000011,2025-01-15 14:45:00,Ivo,Demir,ivo.demir@harborview.com,harborview.com,Display - Programmatic,contextual-b2b,false
L000012,2025-01-19 13:45:00,Mei,Grant,mei.grant@redwood.com,redwood.com,Display - Programmatic,contextual-b2b,false
L000013,2025-01-25 11:45:00,Alicia,Lindqvist,alicia.lindqvist@ironwood.com,ironwood.com,Display - Programmatic,retarget-display,false
L000014,2025-01-11 17:00:00,Ivo,Okonkwo,ivo.okonkwo@pinnacle.com,pinnacle.com,Display - Programmatic,contextual-b2b,false
L000015,2025-01-16 19:15:00,Jonas,Pires,jonas.pires@brightpath.com,brightpath.com,Display - Programmatic,contextual-b2b,false
L000016,2025-01-18 16:00:00,Jonas,Moreau,jonas.moreau@northwind.com,northwind.com,Display - Programmatic,contextual-b2b,false
L000017,2025-01-30 15:15:00,Alicia,Petrov,alicia.petrov@oakhurst.com,oakhurst.com,Display - Programmatic,retarget-display,false
L000018,2025-01-19 16:15:00,Anaya,Okonkwo,anaya.okonkwo@harborview.com,harborview.com,Display - Programmatic,retarget-display,false
L000019,2025-01-01 18:00:00,Ivo,Moreau,ivo.moreau@harborview.com,harborview.com,Display - Programmatic,retarget-display,false
L000020,2025-01-09 14:45:00,Lena,Horvat,lena.horvat@halcyon.com,halcyon.com,Display - Programmatic,retarget-display,false
L000021,2025-01-09 14:15:00,Yusuf,Petrov,yusuf.petrov@granitepeak.com,granitepeak.com,Display - Programmatic,retarget-display,false
L000022,2025-01-06 18:30:00,Noor,Bergstrom,noor.bergstrom@marlowe.com,marlowe.com,Display - Programmatic,contextual-b2b,false
L000023,2025-01-26 15:45:00,Margit,Pires,margit.pires@northwind.com,northwind.com,Display - Programmatic,contextual-b2b,false
L000024,2025-01-06 09:30:00,Anaya,Kavanagh,anaya.kavanagh@quillon.com,quillon.com,Display - Programmatic,contextual-b2b,false
L000025,2025-01-17 20:45:00,Marcus,Vieira,marcus.vieira@foxglove.com,foxglove.com,Display - Programmatic,contextual-b2b,false
L000026,2025-01-23 13:45:00,Noor,Kavanagh,noor.kavanagh@quarry.com,quarry.com,Display - Programmatic,retarget-display,false
L000027,2025-01-01 10:15:00,Grace,Lindqvist,grace.lindqvist@oakhurst.com,oakhurst.com,Display - Programmatic,contextual-b2b,false
L000028,2025-01-18 10:30:00,Darius,Horvat,darius.horvat@copperline.com,copperline.com,Display - Programmatic,retarget-display,false
L000029,2025-01-04 20:30:00,Mei,Krishnan,mei.krishnan@ember.com,ember.com,Display - Programmatic,retarget-display,false
L000030,2025-01-24 10:45:00,Malik,Bahri,malik.bahri@foxglove.com,foxglove.com,Display - Programmatic,retarget-display,false
L000031,2025-01-22 15:00:00,Peter,Szabo,peter.szabo@tessellate.com,tessellate.com,Display - Programmatic,retarget-display,false
L000032,2025-01-18 19:30:00,Jonas,Bergstrom,jonas.bergstrom@solvent.com,solvent.com,Display - Programmatic,retarget-display,false
L000033,2025-01-05 12:15:00,Darius,Grant,darius.grant@foxglove.com,foxglove.com,Display - Programmatic,retarget-display,false
L000034,2025-01-12 10:45:00,Arun,Vieira,arun.vieira@copperline.com,copperline.com,Display - Programmatic,contextual-b2b,false
L000035,2025-01-14 08:30:00,Lena,Iyer,lena.iyer@foxglove.com,foxglove.com,Display - Programmatic,contextual-b2b,true
L000036,2025-01-03 14:30:00,Noor,Whitfield,noor.whitfield@foxglove.com,foxglove.com,Display - Programmatic,retarget-display,false
L000037,2025-01-28 10:15:00,Tomas,Krishnan,tomas.krishnan@halcyon.com,halcyon.com,Display - Programmatic,retarget-display,false
L000038,2025-01-28 20:15:00,Adeola,Haddad,adeola.haddad@kestrel.com,kestrel.com,Display - Programmatic,contextual-b2b,false
L000039,2025-01-08 18:15:00,Kenji,Iyer,kenji.iyer@foxglove.com,foxglove.com,Display - Programmatic,contextual-b2b,false
L000040,2025-01-19 09:30:00,Callum,Moreau,callum.moreau@pinnacle.com,pinnacle.com,Display - Programmatic,contextual-b2b,false
L000041,2025-01-08 09:30:00,Lena,Castellanos,lena.castellanos@anvil.com,anvil.com,Display - Programmatic,retarget-display,false
L000042,2025-01-27 15:45:00,Priya,Horvat,priya.horvat@quillon.com,quillon.com,Display - Programmatic,contextual-b2b,false
L000043,2025-01-22 17:00:00,Grace,Zhang,grace.zhang@brightpath.com,brightpath.com,Display - Programmatic,contextual-b2b,false
L000044,2025-01-23 09:00:00,Elodie,Moreau,elodie.moreau@halcyon.com,halcyon.com,Display - Programmatic,contextual-b2b,false
L000045,2025-01-18 13:00:00,Jonas,Doyle,jonas.doyle@halcyon.com,halcyon.com,Display - Programmatic,contextual-b2b,false
L000046,2025-01-13 08:45:00,Darius,Bahri,darius.bahri@ridgeline.com,ridgeline.com,Display - Programmatic,contextual-b2b,false
L000047,2025-01-03 09:45:00,Peter,Bergstrom,peter.bergstrom@ridgeline.com,ridgeline.com,Display - Programmatic,retarget-display,false
L000048,2025-01-27 07:30:00,Tomas,Watanabe,tomas.watanabe@ember.com,ember.com,Display - Programmatic,retarget-display,false
L000049,2025-01-18 08:45:00,Marcus,Moreau,marcus.moreau@northwind.com,northwind.com,Display - Programmatic,contextual-b2b,false
L000050,2025-01-22 16:00:00,Anaya,Szabo,anaya.szabo@nimbus.com,nimbus.com,Display - Programmatic,retarget-display,false
L000051,2025-01-09 09:30:00,Hollis,Petrov,hollis.petrov@dovetail.com,dovetail.com,Display - Programmatic,contextual-b2b,false
L000052,2025-01-07 11:15:00,Mei,Vieira,mei.vieira@thornbury.com,thornbury.com,Display - Programmatic,retarget-display,false
L000053,2025-01-02 07:30:00,Rafael,Iyer,rafael.iyer@meridian.com,meridian.com,Display - Programmatic,retarget-display,false
L000054,2025-01-01 16:00:00,Beatriz,Vieira,beatriz.vieira@pinnacle.com,pinnacle.com,Display - Programmatic,retarget-display,false
L000055,2025-01-09 20:15:00,Callum,Krishnan,callum.krishnan@halcyon.com,halcyon.com,Display - Programmatic,contextual-b2b,false
L000056,2025-01-30 20:45:00,Rafael,Aaltonen,rafael.aaltonen@quarry.com,quarry.com,Display - Programmatic,retarget-display,false
L000057,2025-01-18 12:15:00,Cormac,Almeida,cormac.almeida@cascade.com,cascade.com,Display - Programmatic,retarget-display,false
L000058,2025-01-27 12:15:00,Ingrid,Moreau,ingrid.moreau@tessellate.com,tessellate.com,Display - Programmatic,retarget-display,false
L000059,2025-01-09 14:45:00,Hollis,Watanabe,hollis.watanabe@cascade.com,cascade.com,Display - Programmatic,contextual-b2b,false
L000060,2025-01-15 08:30:00,Ivo,Farrell,ivo.farrell@dovetail.com,dovetail.com,Display - Programmatic,contextual-b2b,true
L000061,2025-01-28 09:15:00,Estelle,Szabo,estelle.szabo@quarry.com,quarry.com,Display - Programmatic,retarget-display,false
L000062,2025-01-07 15:30:00,Siobhan,Whitfield,siobhan.whitfield@quillon.com,quillon.com,Display - Programmatic,retarget-display,false
L000063,2025-01-31 19:00:00,Tomas,Pires,tomas.pires@tessellate.com,tessellate.com,Display - Programmatic,contextual-b2b,false
L000064,2025-01-31 09:15:00,Anaya,Raghunathan,anaya.raghunathan@juniper.com,juniper.com,Display - Programmatic,contextual-b2b,false
L000065,2025-01-13 10:00:00,Elodie,Watanabe,elodie.watanabe@northwind.com,northwind.com,Display - Programmatic,contextual-b2b,false
L000066,2025-01-06 07:30:00,Beatriz,Demir,beatriz.demir@nimbus.com,nimbus.com,Display - Programmatic,contextual-b2b,false
L000067,2025-01-04 08:45:00,Darius,Mulvaney,darius.mulvaney@quarry.com,quarry.com,Display - Programmatic,contextual-b2b,false
L000068,2025-01-18 16:30:00,Ivo,Kavanagh,ivo.kavanagh@oakhurst.com,oakhurst.com,Display - Programmatic,retarget-display,false
L000069,2025-01-02 15:30:00,Priya,Szabo,priya.szabo@lumen.com,lumen.com,Display - Programmatic,contextual-b2b,false
L000070,2025-01-19 08:45:00,Beatriz,Pires,beatriz.pires@oakhurst.com,oakhurst.com,Display - Programmatic,retarget-display,false
L000071,2025-01-26 19:30:00,Arun,Grant,arun.grant@arclight.com,arclight.com,Display - Programmatic,contextual-b2b,false
L000072,2025-01-13 18:30:00,Alicia,Raghunathan,alicia.raghunathan@quillon.com,quillon.com,Display - Programmatic,retarget-display,false
L000073,2025-01-12 19:00:00,Hollis,Lindqvist,hollis.lindqvist@meridian.com,meridian.com,Display - Programmatic,retarget-display,false
L000074,2025-01-10 18:45:00,Grace,Watanabe,grace.watanabe@halcyon.com,halcyon.com,Display - Programmatic,retarget-display,false
L000075,2025-01-03 18:15:00,Peter,Novak,peter.novak@dovetail.com,dovetail.com,Display - Programmatic,retarget-display,false
L000076,2025-01-22 09:00:00,Siobhan,Castellanos,siobhan.castellanos@quillon.com,quillon.com,Display - Programmatic,contextual-b2b,false
L000077,2025-01-06 18:30:00,Ivo,Horvat,ivo.horvat@ferrous.com,ferrous.com,Display - Programmatic,retarget-display,false
L000078,2025-01-16 12:15:00,Noor,Petrov,noor.petrov@tessellate.com,tessellate.com,Display - Programmatic,retarget-display,false
L000079,2025-01-18 14:45:00,Estelle,Whitfield,estelle.whitfield@redwood.com,redwood.com,Display - Programmatic,retarget-display,false
L000080,2025-01-05 07:00:00,Renata,Demir,renata.demir@ferrous.com,ferrous.com,Display - Programmatic,contextual-b2b,false
L000081,2025-01-06 19:30:00,Noor,Whitfield,noor.whitfield@dovetail.com,dovetail.com,Display - Programmatic,retarget-display,false
L000082,2025-01-04 12:30:00,Ingrid,Petrov,ingrid.petrov@dovetail.com,dovetail.com,Display - Programmatic,retarget-display,false
L000083,2025-01-11 13:15:00,Ivo,Farrell,ivo.farrell@pinnacle.com,pinnacle.com,Display - Programmatic,contextual-b2b,false
L000084,2025-01-15 16:15:00,Marcus,Okonkwo,marcus.okonkwo@kestrel.com,kestrel.com,Display - Programmatic,contextual-b2b,false
L000085,2025-01-26 07:30:00,Elodie,Krishnan,elodie.krishnan@quillon.com,quillon.com,Display - Programmatic,contextual-b2b,false
L000086,2025-01-10 09:15:00,Priya,Farrell,priya.farrell@tessellate.com,tessellate.com,Display - Programmatic,retarget-display,false
L000087,2025-01-13 17:00:00,Callum,Novak,callum.novak@solvent.com,solvent.com,Display - Programmatic,contextual-b2b,false
L000088,2025-01-11 09:30:00,Margit,Moreau,margit.moreau@quillon.com,quillon.com,Display - Programmatic,retarget-display,false
L000089,2025-01-17 15:00:00,Lena,Doyle,lena.doyle@thornbury.com,thornbury.com,Display - Programmatic,retarget-display,false
L000090,2025-01-11 11:15:00,Anaya,Castellanos,anaya.castellanos@tessellate.com,tessellate.com,Paid Search - Brand,brand-exact,false
L000091,2025-01-18 13:15:00,Siobhan,Doyle,siobhan.doyle@thornbury.com,thornbury.com,Paid Search - Brand,brand-phrase,false
L000092,2025-01-20 13:00:00,Marcus,Novak,marcus.novak@juniper.com,juniper.com,Paid Search - Brand,brand-phrase,false
L000093,2025-01-18 10:45:00,Beatriz,Raghunathan,beatriz.raghunathan@granitepeak.com,granitepeak.com,Paid Search - Brand,brand-exact,false
L000094,2025-01-16 11:45:00,Tomas,Krishnan,tomas.krishnan@thornbury.com,thornbury.com,Paid Search - Brand,brand-exact,false
L000095,2025-01-09 13:15:00,Ivo,Aaltonen,ivo.aaltonen@halcyon.com,halcyon.com,Paid Search - Brand,brand-phrase,true
L000096,2025-01-01 15:30:00,Malik,Raghunathan,malik.raghunathan@saltmarsh.com,saltmarsh.com,Paid Search - Brand,brand-phrase,false
L000097,2025-01-17 12:30:00,Kenji,Moreau,kenji.moreau@granitepeak.com,granitepeak.com,Paid Search - Brand,brand-exact,false
L000098,2025-01-11 18:15:00,Yusuf,Petrov,yusuf.petrov@northwind.com,northwind.com,Paid Search - Brand,brand-exact,false
L000099,2025-01-07 12:30:00,Arun,Bahri,arun.bahri@pinnacle.com,pinnacle.com,Paid Search - Brand,brand-phrase,true
L000100,2025-01-30 13:15:00,Darius,Byrne,darius.byrne@meridian.com,meridian.com,Paid Search - Brand,brand-exact,true
L000101,2025-01-02 20:30:00,Anaya,Vieira,anaya.vieira@copperline.com,copperline.com,Paid Search - Brand,brand-phrase,false
L000102,2025-01-27 07:30:00,Noor,Haddad,noor.haddad@quarry.com,quarry.com,Paid Search - Brand,brand-phrase,false
L000103,2025-01-31 17:15:00,Ingrid,Doyle,ingrid.doyle@ridgeline.com,ridgeline.com,Paid Search - Brand,brand-exact,false
L000104,2025-01-08 17:45:00,Callum,Zhang,callum.zhang@tessellate.com,tessellate.com,Paid Search - Brand,brand-exact,false
L000105,2025-01-15 15:30:00,Beatriz,Zhang,beatriz.zhang@granitepeak.com,granitepeak.com,Paid Search - Brand,brand-exact,false
L000106,2025-01-29 17:45:00,Anaya,Watanabe,anaya.watanabe@ember.com,ember.com,Paid Search - Brand,brand-exact,false
L000107,2025-01-26 15:15:00,Priya,Pires,priya.pires@solvent.com,solvent.com,Paid Search - Brand,brand-phrase,true
L000108,2025-01-27 10:15:00,Omar,Castellanos,omar.castellanos@thornbury.com,thornbury.com,Paid Search - Brand,brand-exact,false
L000109,2025-01-03 20:45:00,Estelle,Raghunathan,estelle.raghunathan@kestrel.com,kestrel.com,Paid Search - Brand,brand-phrase,false
L000110,2025-01-08 12:45:00,Omar,Bergstrom,omar.bergstrom@quillon.com,quillon.com,Paid Search - Brand,brand-phrase,true
L000111,2025-01-01 10:30:00,Callum,Zhang,callum.zhang@foxglove.com,foxglove.com,Paid Search - Brand,brand-exact,false
L000112,2025-01-23 17:00:00,Grace,Nwosu,grace.nwosu@arclight.com,arclight.com,Paid Search - Brand,brand-phrase,false
L000113,2025-01-31 12:00:00,Cormac,Grant,cormac.grant@harborview.com,harborview.com,Paid Search - Brand,brand-phrase,false
L000114,2025-01-24 16:15:00,Malik,Pires,malik.pires@foxglove.com,foxglove.com,Paid Search - Brand,brand-exact,false
L000115,2025-01-15 10:00:00,Alicia,Zhang,alicia.zhang@quillon.com,quillon.com,Paid Search - Brand,brand-exact,true
L000116,2025-01-27 18:45:00,Marcus,Szabo,marcus.szabo@solvent.com,solvent.com,Paid Search - Brand,brand-exact,false
L000117,2025-01-29 19:15:00,Adeola,Iyer,adeola.iyer@ridgeline.com,ridgeline.com,Paid Search - Brand,brand-phrase,false
L000118,2025-01-17 08:15:00,Arun,Haddad,arun.haddad@juniper.com,juniper.com,Paid Search - Brand,brand-phrase,false
L000119,2025-01-17 16:15:00,Anaya,Bahri,anaya.bahri@redwood.com,redwood.com,Paid Search - Brand,brand-exact,false
L000120,2025-01-20 10:45:00,Margit,Krishnan,margit.krishnan@solvent.com,solvent.com,Paid Search - Brand,brand-exact,false
L000121,2025-01-29 10:45:00,Rafael,Whitfield,rafael.whitfield@saltmarsh.com,saltmarsh.com,Paid Search - Brand,brand-exact,false
L000122,2025-01-05 17:15:00,Marcus,Almeida,marcus.almeida@kestrel.com,kestrel.com,Paid Search - Brand,brand-phrase,false
L000123,2025-01-07 14:00:00,Hollis,Farrell,hollis.farrell@saltmarsh.com,saltmarsh.com,Paid Search - Brand,brand-exact,false
L000124,2025-01-08 18:45:00,Ivo,Szabo,ivo.szabo@halcyon.com,halcyon.com,Paid Search - Brand,brand-phrase,false
L000125,2025-01-02 19:30:00,Anaya,Bergstrom,anaya.bergstrom@marlowe.com,marlowe.com,Paid Search - Brand,brand-exact,false
L000126,2025-01-06 19:15:00,Callum,Grant,callum.grant@arclight.com,arclight.com,Paid Search - Brand,brand-phrase,false
L000127,2025-01-27 13:30:00,Jonas,Krishnan,jonas.krishnan@harborview.com,harborview.com,Paid Search - Brand,brand-exact,false
L000128,2025-01-29 17:30:00,Omar,Castellanos,omar.castellanos@cascade.com,cascade.com,Paid Search - Brand,brand-phrase,false
L000129,2025-01-18 08:15:00,Jonas,Petrov,jonas.petrov@ember.com,ember.com,Paid Search - Brand,brand-phrase,false
L000130,2025-01-16 12:45:00,Ingrid,Byrne,ingrid.byrne@ferrous.com,ferrous.com,Paid Search - Brand,brand-exact,false
L000131,2025-01-03 11:30:00,Margit,Doyle,margit.doyle@brightpath.com,brightpath.com,Paid Search - Brand,brand-exact,false
L000132,2025-01-04 11:15:00,Anaya,Iyer,anaya.iyer@northwind.com,northwind.com,Paid Search - Brand,brand-phrase,true
L000133,2025-01-13 16:15:00,Yusuf,Bergstrom,yusuf.bergstrom@kestrel.com,kestrel.com,Paid Search - Brand,brand-exact,false
L000134,2025-01-31 12:30:00,Elodie,Farrell,elodie.farrell@brightpath.com,brightpath.com,Paid Search - Brand,brand-phrase,false
L000135,2025-01-07 16:45:00,Margit,Kavanagh,margit.kavanagh@halcyon.com,halcyon.com,Paid Search - Brand,brand-exact,false
L000136,2025-01-18 09:30:00,Alicia,Zhang,alicia.zhang@thornbury.com,thornbury.com,Paid Search - Brand,brand-exact,false
L000137,2025-01-01 11:30:00,Siobhan,Raghunathan,siobhan.raghunathan@anvil.com,anvil.com,Paid Search - Brand,brand-phrase,false
L000138,2025-01-31 13:15:00,Lena,Almeida,lena.almeida@ridgeline.com,ridgeline.com,Paid Search - Brand,brand-exact,false
L000139,2025-01-23 13:45:00,Noor,Byrne,noor.byrne@marlowe.com,marlowe.com,Paid Search - Brand,brand-phrase,false
L000140,2025-01-24 17:15:00,Adeola,Novak,adeola.novak@oakhurst.com,oakhurst.com,Paid Search - Brand,brand-exact,false
L000141,2025-01-24 08:45:00,Tomas,Krishnan,tomas.krishnan@anvil.com,anvil.com,Paid Search - Brand,brand-exact,false
L000142,2025-01-14 08:00:00,Tomas,Farrell,tomas.farrell@ferrous.com,ferrous.com,Paid Search - Brand,brand-phrase,false
L000143,2025-01-26 09:30:00,Grace,Moreau,grace.moreau@brightpath.com,brightpath.com,Paid Search - Brand,brand-exact,false
L000144,2025-01-11 07:15:00,Kenji,Raghunathan,kenji.raghunathan@nimbus.com,nimbus.com,Paid Search - Brand,brand-phrase,false
L000145,2025-01-09 08:00:00,Lena,Ferreira,lena.ferreira@kestrel.com,kestrel.com,Paid Search - Brand,brand-phrase,false
L000146,2025-01-02 13:45:00,Darius,Iyer,darius.iyer@northwind.com,northwind.com,Paid Search - Brand,brand-phrase,false
L000147,2025-01-15 14:15:00,Peter,Szabo,peter.szabo@ferrous.com,ferrous.com,Paid Search - Brand,brand-phrase,false
L000148,2025-01-11 08:45:00,Tomas,Nwosu,tomas.nwosu@ferrous.com,ferrous.com,Paid Search - Brand,brand-exact,false
L000149,2025-01-29 07:00:00,Priya,Nwosu,priya.nwosu@ridgeline.com,ridgeline.com,Paid Search - Brand,brand-exact,false
L000150,2025-01-03 13:30:00,Malik,Pires,malik.pires@foxglove.com,foxglove.com,Paid Search - Brand,brand-phrase,false
L000151,2025-01-26 14:00:00,Siobhan,Moreau,siobhan.moreau@solvent.com,solvent.com,Paid Search - Brand,brand-phrase,false
L000152,2025-01-08 18:30:00,Ivo,Szabo,ivo.szabo@foxglove.com,foxglove.com,Paid Search - Brand,brand-exact,false
L000153,2025-01-24 08:15:00,Beatriz,Whitfield,beatriz.whitfield@tessellate.com,tessellate.com,Paid Search - Brand,brand-phrase,false
L000154,2025-01-27 19:30:00,Omar,Haddad,omar.haddad@quillon.com,quillon.com,Paid Social - Meta,prospecting-lal,false
L000155,2025-01-11 19:00:00,Hollis,Bergstrom,hollis.bergstrom@brightpath.com,brightpath.com,Paid Social - Meta,lead-form-broad,false
L000156,2025-01-13 07:45:00,Adeola,Demir,adeola.demir@ironwood.com,ironwood.com,Paid Social - Meta,lead-form-broad,false
L000157,2025-01-11 07:30:00,Margit,Whitfield,margit.whitfield@ember.com,ember.com,Paid Social - Meta,prospecting-lal,false
L000158,2025-01-06 20:15:00,Renata,Zhang,renata.zhang@tessellate.com,tessellate.com,Paid Social - Meta,lead-form-broad,false
L000159,2025-01-18 17:45:00,Noor,Almeida,noor.almeida@anvil.com,anvil.com,Paid Social - Meta,prospecting-lal,false
L000160,2025-01-26 13:00:00,Peter,Iyer,peter.iyer@harborview.com,harborview.com,Paid Social - Meta,lead-form-broad,false
L000161,2025-01-01 12:30:00,Marcus,Raghunathan,marcus.raghunathan@quarry.com,quarry.com,Paid Social - Meta,lead-form-broad,false
L000162,2025-01-17 07:30:00,Peter,Iyer,peter.iyer@ember.com,ember.com,Paid Social - Meta,lead-form-broad,false
L000163,2025-01-04 08:15:00,Jonas,Whitfield,jonas.whitfield@oakhurst.com,oakhurst.com,Paid Social - Meta,prospecting-lal,false
L000164,2025-01-12 15:15:00,Marcus,Byrne,marcus.byrne@ember.com,ember.com,Paid Social - Meta,mofu-retarget,false
L000165,2025-01-12 09:30:00,Jonas,Novak,jonas.novak@anvil.com,anvil.com,Paid Social - Meta,mofu-retarget,false
L000166,2025-01-20 12:00:00,Adeola,Mulvaney,adeola.mulvaney@meridian.com,meridian.com,Paid Social - Meta,prospecting-lal,false
L000167,2025-01-12 19:00:00,Lena,Szabo,lena.szabo@ironwood.com,ironwood.com,Paid Social - Meta,lead-form-broad,false
L000168,2025-01-18 19:00:00,Hollis,Doyle,hollis.doyle@solvent.com,solvent.com,Paid Social - Meta,prospecting-lal,false
L000169,2025-01-27 18:30:00,Marcus,Szabo,marcus.szabo@tessellate.com,tessellate.com,Paid Social - Meta,prospecting-lal,false
L000170,2025-01-30 10:30:00,Margit,Bahri,margit.bahri@nimbus.com,nimbus.com,Paid Social - Meta,prospecting-lal,false
L000171,2025-01-25 19:15:00,Beatriz,Nwosu,beatriz.nwosu@cascade.com,cascade.com,Paid Social - Meta,prospecting-lal,false
L000172,2025-01-07 12:30:00,Margit,Krishnan,margit.krishnan@saltmarsh.com,saltmarsh.com,Paid Social - Meta,mofu-retarget,false
L000173,2025-01-28 15:30:00,Arun,Watanabe,arun.watanabe@arclight.com,arclight.com,Paid Social - Meta,lead-form-broad,false
L000174,2025-01-29 20:00:00,Noor,Watanabe,noor.watanabe@halcyon.com,halcyon.com,Paid Social - Meta,prospecting-lal,false
L000175,2025-01-10 17:15:00,Elodie,Iyer,elodie.iyer@ferrous.com,ferrous.com,Paid Social - Meta,lead-form-broad,false
L000176,2025-01-30 17:30:00,Yusuf,Lindqvist,yusuf.lindqvist@ferrous.com,ferrous.com,Paid Social - Meta,prospecting-lal,false
L000177,2025-01-02 16:30:00,Peter,Lindqvist,peter.lindqvist@ironwood.com,ironwood.com,Paid Social - Meta,prospecting-lal,false
L000178,2025-01-07 16:00:00,Peter,Zhang,peter.zhang@nimbus.com,nimbus.com,Paid Social - Meta,mofu-retarget,false
L000179,2025-01-07 13:00:00,Omar,Moreau,omar.moreau@thornbury.com,thornbury.com,Paid Social - Meta,mofu-retarget,false
L000180,2025-01-01 07:00:00,Arun,Szabo,arun.szabo@saltmarsh.com,saltmarsh.com,Paid Social - Meta,lead-form-broad,false
L000181,2025-01-07 09:30:00,Yusuf,Demir,yusuf.demir@brightpath.com,brightpath.com,Paid Social - Meta,mofu-retarget,false
L000182,2025-01-20 08:30:00,Jonas,Iyer,jonas.iyer@ridgeline.com,ridgeline.com,Paid Social - Meta,mofu-retarget,false
L000183,2025-01-12 10:15:00,Renata,Krishnan,renata.krishnan@quillon.com,quillon.com,Paid Social - Meta,lead-form-broad,true
L000184,2025-01-18 20:00:00,Tomas,Watanabe,tomas.watanabe@meridian.com,meridian.com,Paid Social - Meta,prospecting-lal,false
L000185,2025-01-01 18:15:00,Tomas,Farrell,tomas.farrell@northwind.com,northwind.com,Paid Social - Meta,lead-form-broad,false
L000186,2025-01-12 16:45:00,Renata,Nwosu,renata.nwosu@kestrel.com,kestrel.com,Paid Social - Meta,lead-form-broad,false
L000187,2025-01-01 18:30:00,Peter,Byrne,peter.byrne@solvent.com,solvent.com,Paid Social - Meta,mofu-retarget,false
L000188,2025-01-23 17:00:00,Beatriz,Raghunathan,beatriz.raghunathan@nimbus.com,nimbus.com,Paid Social - Meta,prospecting-lal,false
L000189,2025-01-10 20:45:00,Margit,Bahri,margit.bahri@anvil.com,anvil.com,Paid Social - Meta,prospecting-lal,false
L000190,2025-01-21 07:30:00,Hollis,Castellanos,hollis.castellanos@tessellate.com,tessellate.com,Paid Social - Meta,prospecting-lal,true
L000191,2025-01-19 16:15:00,Estelle,Pires,estelle.pires@saltmarsh.com,saltmarsh.com,Paid Social - Meta,prospecting-lal,false
L000192,2025-01-13 17:45:00,Mei,Mulvaney,mei.mulvaney@brightpath.com,brightpath.com,Paid Social - Meta,lead-form-broad,false
L000193,2025-01-21 08:45:00,Yusuf,Moreau,yusuf.moreau@northwind.com,northwind.com,Paid Social - Meta,prospecting-lal,false
L000194,2025-01-10 19:30:00,Peter,Ferreira,peter.ferreira@harborview.com,harborview.com,Paid Social - Meta,prospecting-lal,false
L000195,2025-01-03 18:45:00,Peter,Castellanos,peter.castellanos@ember.com,ember.com,Paid Social - Meta,prospecting-lal,false
L000196,2025-01-30 17:15:00,Callum,Farrell,callum.farrell@redwood.com,redwood.com,Paid Social - Meta,lead-form-broad,false
L000197,2025-01-05 07:30:00,Estelle,Nwosu,estelle.nwosu@ember.com,ember.com,Paid Social - Meta,mofu-retarget,false
L000198,2025-01-02 12:15:00,Alicia,Vieira,alicia.vieira@pinnacle.com,pinnacle.com,Paid Social - Meta,lead-form-broad,false
L000199,2025-01-06 12:00:00,Ingrid,Iyer,ingrid.iyer@ridgeline.com,ridgeline.com,Paid Social - Meta,lead-form-broad,false
L000200,2025-01-25 12:00:00,Margit,Zhang,margit.zhang@anvil.com,anvil.com,Paid Social - Meta,mofu-retarget,false
L000201,2025-01-13 08:00:00,Mei,Pires,mei.pires@lumen.com,lumen.com,Paid Social - Meta,lead-form-broad,false
L000202,2025-01-15 15:15:00,Ivo,Pires,ivo.pires@saltmarsh.com,saltmarsh.com,Paid Social - Meta,prospecting-lal,true
L000203,2025-01-21 20:00:00,Anaya,Demir,anaya.demir@tessellate.com,tessellate.com,Paid Social - Meta,prospecting-lal,false
L000204,2025-01-28 10:00:00,Jonas,Ferreira,jonas.ferreira@marlowe.com,marlowe.com,Paid Social - Meta,lead-form-broad,false
L000205,2025-01-27 10:15:00,Anaya,Aaltonen,anaya.aaltonen@arclight.com,arclight.com,Paid Social - Meta,lead-form-broad,false
L000206,2025-01-28 15:45:00,Yusuf,Petrov,yusuf.petrov@arclight.com,arclight.com,Paid Social - Meta,prospecting-lal,false
L000207,2025-01-02 08:15:00,Renata,Grant,renata.grant@redwood.com,redwood.com,Paid Social - Meta,mofu-retarget,false
L000208,2025-01-03 10:15:00,Yusuf,Doyle,yusuf.doyle@cascade.com,cascade.com,Paid Social - Meta,lead-form-broad,false
L000209,2025-01-17 17:30:00,Alicia,Haddad,alicia.haddad@quarry.com,quarry.com,Paid Social - Meta,lead-form-broad,false
L000210,2025-01-21 12:15:00,Elodie,Doyle,elodie.doyle@saltmarsh.com,saltmarsh.com,Paid Social - Meta,lead-form-broad,false
L000211,2025-01-06 07:45:00,Rafael,Ferreira,rafael.ferreira@northwind.com,northwind.com,Paid Social - Meta,mofu-retarget,false
L000212,2025-01-20 19:30:00,Priya,Szabo,priya.szabo@ember.com,ember.com,Paid Social - Meta,lead-form-broad,false
L000213,2025-01-25 09:00:00,Callum,Castellanos,callum.castellanos@anvil.com,anvil.com,Paid Social - Meta,prospecting-lal,false
L000214,2025-01-26 07:30:00,Estelle,Watanabe,estelle.watanabe@ferrous.com,ferrous.com,Paid Social - Meta,lead-form-broad,false
L000215,2025-01-23 20:15:00,Jonas,Horvat,jonas.horvat@harborview.com,harborview.com,Paid Social - Meta,lead-form-broad,false
L000216,2025-01-29 17:30:00,Kenji,Bergstrom,kenji.bergstrom@meridian.com,meridian.com,Paid Social - Meta,lead-form-broad,false
L000217,2025-01-17 09:00:00,Peter,Whitfield,peter.whitfield@northwind.com,northwind.com,Paid Social - Meta,lead-form-broad,false
L000218,2025-01-26 15:30:00,Malik,Ferreira,malik.ferreira@arclight.com,arclight.com,Paid Social - Meta,lead-form-broad,false
L000219,2025-01-15 13:45:00,Grace,Doyle,grace.doyle@cascade.com,cascade.com,Paid Social - Meta,mofu-retarget,false
L000220,2025-01-05 12:15:00,Lena,Demir,lena.demir@nimbus.com,nimbus.com,Paid Social - Meta,mofu-retarget,false
L000221,2025-01-11 11:45:00,Ivo,Doyle,ivo.doyle@cascade.com,cascade.com,Paid Social - Meta,prospecting-lal,false
L000222,2025-01-26 15:15:00,Omar,Farrell,omar.farrell@nimbus.com,nimbus.com,Paid Social - Meta,lead-form-broad,false
L000223,2025-01-01 11:00:00,Elodie,Petrov,elodie.petrov@solvent.com,solvent.com,Paid Social - Meta,mofu-retarget,false
L000224,2025-01-27 16:45:00,Margit,Novak,margit.novak@marlowe.com,marlowe.com,Paid Social - Meta,prospecting-lal,false
L000225,2025-01-19 20:30:00,Mei,Farrell,mei.farrell@thornbury.com,thornbury.com,Paid Social - Meta,mofu-retarget,false
L000226,2025-01-28 10:30:00,Alicia,Vieira,alicia.vieira@brightpath.com,brightpath.com,Paid Social - Meta,mofu-retarget,false
L000227,2025-01-07 11:30:00,Renata,Farrell,renata.farrell@anvil.com,anvil.com,Paid Social - Meta,prospecting-lal,false
L000228,2025-01-15 08:15:00,Malik,Szabo,malik.szabo@anvil.com,anvil.com,Paid Social - Meta,lead-form-broad,false
L000229,2025-01-01 08:00:00,Ingrid,Farrell,ingrid.farrell@quarry.com,quarry.com,Paid Social - Meta,prospecting-lal,false
L000230,2025-01-16 16:00:00,Cormac,Byrne,cormac.byrne@ferrous.com,ferrous.com,Paid Social - Meta,lead-form-broad,false
L000231,2025-01-28 08:00:00,Grace,Demir,grace.demir@harborview.com,harborview.com,Paid Social - Meta,lead-form-broad,false
L000232,2025-01-17 11:30:00,Tomas,Iyer,tomas.iyer@halcyon.com,halcyon.com,Paid Social - Meta,mofu-retarget,false
L000233,2025-01-31 15:15:00,Jonas,Grant,jonas.grant@juniper.com,juniper.com,Paid Social - Meta,lead-form-broad,false
L000234,2025-01-02 15:45:00,Marcus,Castellanos,marcus.castellanos@dovetail.com,dovetail.com,Paid Social - Meta,prospecting-lal,false
L000235,2025-01-14 13:15:00,Lena,Horvat,lena.horvat@oakhurst.com,oakhurst.com,Paid Social - Meta,prospecting-lal,false
L000236,2025-01-29 12:00:00,Kenji,Iyer,kenji.iyer@juniper.com,juniper.com,Paid Social - Meta,lead-form-broad,false
L000237,2025-01-10 18:30:00,Elodie,Whitfield,elodie.whitfield@ironwood.com,ironwood.com,Paid Social - Meta,mofu-retarget,false
L000238,2025-01-04 18:30:00,Adeola,Ferreira,adeola.ferreira@copperline.com,copperline.com,Paid Social - Meta,mofu-retarget,false
L000239,2025-01-13 14:45:00,Priya,Aaltonen,priya.aaltonen@thornbury.com,thornbury.com,Paid Social - Meta,prospecting-lal,false
L000240,2025-01-20 10:45:00,Arun,Farrell,arun.farrell@ironwood.com,ironwood.com,Paid Social - Meta,lead-form-broad,false
L000241,2025-01-28 11:00:00,Alicia,Castellanos,alicia.castellanos@quillon.com,quillon.com,Paid Social - Meta,mofu-retarget,false
L000242,2025-01-29 13:00:00,Siobhan,Pires,siobhan.pires@ridgeline.com,ridgeline.com,Paid Social - Meta,prospecting-lal,false
L000243,2025-01-26 12:00:00,Anaya,Horvat,anaya.horvat@juniper.com,juniper.com,Paid Social - Meta,mofu-retarget,false
L000244,2025-01-17 10:30:00,Lena,Zhang,lena.zhang@brightpath.com,brightpath.com,Paid Social - Meta,prospecting-lal,false
L000245,2025-01-11 14:45:00,Malik,Horvat,malik.horvat@pinnacle.com,pinnacle.com,Paid Social - Meta,prospecting-lal,false
L000246,2025-01-08 16:45:00,Arun,Petrov,arun.petrov@copperline.com,copperline.com,Paid Social - Meta,mofu-retarget,false
L000247,2025-01-19 14:00:00,Margit,Novak,margit.novak@quillon.com,quillon.com,Paid Social - Meta,prospecting-lal,false
L000248,2025-01-21 10:30:00,Hollis,Castellanos,hollis.castellanos@halcyon.com,halcyon.com,Paid Social - Meta,prospecting-lal,false
L000249,2025-01-10 09:00:00,Kenji,Castellanos,kenji.castellanos@tessellate.com,tessellate.com,Paid Social - Meta,prospecting-lal,false
L000250,2025-01-21 08:30:00,Grace,Aaltonen,grace.aaltonen@oakhurst.com,oakhurst.com,Paid Social - Meta,mofu-retarget,false
L000251,2025-01-02 08:00:00,Tomas,Pires,tomas.pires@halcyon.com,halcyon.com,Paid Social - Meta,prospecting-lal,false
L000252,2025-01-30 15:45:00,Yusuf,Nwosu,yusuf.nwosu@arclight.com,arclight.com,Paid Social - Meta,mofu-retarget,false
L000253,2025-01-27 19:45:00,Elodie,Ferreira,elodie.ferreira@redwood.com,redwood.com,Paid Social - Meta,prospecting-lal,false
L000254,2025-01-24 13:15:00,Priya,Castellanos,priya.castellanos@cascade.com,cascade.com,Paid Social - Meta,prospecting-lal,false
L000255,2025-01-05 11:45:00,Ingrid,Lindqvist,ingrid.lindqvist@granitepeak.com,granitepeak.com,Paid Social - Meta,prospecting-lal,false
L000256,2025-01-28 17:30:00,Peter,Vieira,peter.vieira@tessellate.com,tessellate.com,Paid Social - Meta,prospecting-lal,false
L000257,2025-01-30 11:00:00,Kenji,Vieira,kenji.vieira@ironwood.com,ironwood.com,Paid Social - Meta,lead-form-broad,false
L000258,2025-01-31 10:30:00,Siobhan,Szabo,siobhan.szabo@ember.com,ember.com,Paid Social - Meta,mofu-retarget,false
L000259,2025-01-14 10:45:00,Noor,Byrne,noor.byrne@quarry.com,quarry.com,Paid Social - Meta,lead-form-broad,false
L000260,2025-01-20 13:30:00,Kenji,Bahri,kenji.bahri@pinnacle.com,pinnacle.com,Paid Social - Meta,lead-form-broad,false
L000261,2025-01-25 19:15:00,Jonas,Nwosu,jonas.nwosu@nimbus.com,nimbus.com,Paid Social - Meta,lead-form-broad,false
L000262,2025-01-14 07:00:00,Beatriz,Iyer,beatriz.iyer@ember.com,ember.com,Paid Social - Meta,lead-form-broad,false
L000263,2025-01-22 15:45:00,Yusuf,Iyer,yusuf.iyer@meridian.com,meridian.com,Paid Social - Meta,prospecting-lal,false
L000264,2025-01-21 07:15:00,Anaya,Novak,anaya.novak@cascade.com,cascade.com,Paid Social - Meta,mofu-retarget,false
L000265,2025-01-25 18:45:00,Cormac,Krishnan,cormac.krishnan@saltmarsh.com,saltmarsh.com,Paid Social - Meta,prospecting-lal,false
L000266,2025-01-04 09:30:00,Arun,Lindqvist,arun.lindqvist@copperline.com,copperline.com,Paid Social - Meta,prospecting-lal,false
L000267,2025-01-31 15:00:00,Alicia,Doyle,alicia.doyle@granitepeak.com,granitepeak.com,Paid Social - Meta,mofu-retarget,false
L000268,2025-01-13 11:00:00,Kenji,Iyer,kenji.iyer@granitepeak.com,granitepeak.com,Paid Social - Meta,lead-form-broad,false
L000269,2025-01-05 20:15:00,Kenji,Watanabe,kenji.watanabe@ridgeline.com,ridgeline.com,Paid Social - Meta,mofu-retarget,false
L000270,2025-01-11 12:30:00,Callum,Bahri,callum.bahri@northwind.com,northwind.com,Paid Social - Meta,mofu-retarget,false
L000271,2025-01-19 13:00:00,Yusuf,Grant,yusuf.grant@kestrel.com,kestrel.com,Paid Social - Meta,prospecting-lal,false
L000272,2025-01-27 20:45:00,Elodie,Nwosu,elodie.nwosu@ferrous.com,ferrous.com,Paid Social - Meta,mofu-retarget,false
L000273,2025-01-21 19:30:00,Darius,Szabo,darius.szabo@arclight.com,arclight.com,Paid Social - Meta,lead-form-broad,false
L000274,2025-01-15 16:15:00,Anaya,Haddad,anaya.haddad@ferrous.com,ferrous.com,Paid Social - Meta,lead-form-broad,false
L000275,2025-01-12 07:30:00,Renata,Kavanagh,renata.kavanagh@quarry.com,quarry.com,Paid Social - Meta,lead-form-broad,false
L000276,2025-01-13 16:00:00,Noor,Szabo,noor.szabo@nimbus.com,nimbus.com,Paid Social - Meta,prospecting-lal,false
L000277,2025-01-29 08:45:00,Marcus,Kavanagh,marcus.kavanagh@ridgeline.com,ridgeline.com,Paid Social - Meta,lead-form-broad,false
L000278,2025-01-01 07:30:00,Renata,Whitfield,renata.whitfield@quarry.com,quarry.com,Paid Social - Meta,lead-form-broad,false
L000279,2025-01-16 17:15:00,Lena,Pires,lena.pires@kestrel.com,kestrel.com,Paid Social - Meta,mofu-retarget,false
L000280,2025-01-14 19:45:00,Tomas,Castellanos,tomas.castellanos@anvil.com,anvil.com,Paid Social - Meta,prospecting-lal,false
L000281,2025-01-02 18:45:00,Adeola,Lindqvist,adeola.lindqvist@harborview.com,harborview.com,Paid Social - Meta,lead-form-broad,false
L000282,2025-01-24 16:15:00,Adeola,Bergstrom,adeola.bergstrom@northwind.com,northwind.com,Paid Social - Meta,lead-form-broad,false
L000283,2025-01-25 16:45:00,Adeola,Nwosu,adeola.nwosu@arclight.com,arclight.com,Paid Social - Meta,mofu-retarget,false
L000284,2025-01-20 14:45:00,Callum,Vieira,callum.vieira@solvent.com,solvent.com,Paid Social - Meta,prospecting-lal,false
L000285,2025-01-17 19:15:00,Adeola,Novak,adeola.novak@brightpath.com,brightpath.com,Paid Social - Meta,mofu-retarget,false
L000286,2025-01-20 12:00:00,Callum,Demir,callum.demir@northwind.com,northwind.com,Paid Social - Meta,mofu-retarget,false
L000287,2025-01-06 08:15:00,Callum,Mulvaney,callum.mulvaney@brightpath.com,brightpath.com,Paid Social - Meta,prospecting-lal,false
L000288,2025-01-28 19:15:00,Priya,Szabo,priya.szabo@kestrel.com,kestrel.com,Paid Social - Meta,mofu-retarget,false
L000289,2025-01-20 19:45:00,Alicia,Ferreira,alicia.ferreira@lumen.com,lumen.com,Paid Social - Meta,lead-form-broad,false
L000290,2025-01-27 14:00:00,Hollis,Krishnan,hollis.krishnan@ironwood.com,ironwood.com,Paid Social - Meta,prospecting-lal,false
L000291,2025-01-22 19:15:00,Alicia,Raghunathan,alicia.raghunathan@meridian.com,meridian.com,Paid Social - Meta,prospecting-lal,false
L000292,2025-01-01 19:00:00,Omar,Grant,omar.grant@solvent.com,solvent.com,Paid Social - Meta,lead-form-broad,false
L000293,2025-01-16 12:45:00,Cormac,Lindqvist,cormac.lindqvist@juniper.com,juniper.com,Paid Social - Meta,prospecting-lal,false
L000294,2025-01-22 11:15:00,Hollis,Doyle,hollis.doyle@kestrel.com,kestrel.com,Paid Social - Meta,mofu-retarget,false
L000295,2025-01-30 14:45:00,Marcus,Lindqvist,marcus.lindqvist@brightpath.com,brightpath.com,Paid Social - Meta,lead-form-broad,false
L000296,2025-01-03 11:15:00,Yusuf,Petrov,yusuf.petrov@marlowe.com,marlowe.com,Paid Social - Meta,mofu-retarget,false
L000297,2025-01-04 08:15:00,Lena,Doyle,lena.doyle@quillon.com,quillon.com,Paid Social - Meta,prospecting-lal,false
L000298,2025-01-21 12:30:00,Adeola,Byrne,adeola.byrne@juniper.com,juniper.com,Paid Social - Meta,lead-form-broad,false
L000299,2025-01-10 19:45:00,Beatriz,Byrne,beatriz.byrne@northwind.com,northwind.com,Paid Social - Meta,prospecting-lal,false
L000300,2025-01-19 07:45:00,Noor,Zhang,noor.zhang@northwind.com,northwind.com,Paid Search - Non-Brand,competitor-terms,false
L000301,2025-01-18 20:00:00,Margit,Haddad,margit.haddad@brightpath.com,brightpath.com,Paid Search - Non-Brand,category-terms,false
L000302,2025-01-25 07:45:00,Peter,Demir,peter.demir@quarry.com,quarry.com,Paid Search - Non-Brand,competitor-terms,false
L000303,2025-01-04 17:15:00,Estelle,Castellanos,estelle.castellanos@saltmarsh.com,saltmarsh.com,Paid Search - Non-Brand,solution-terms,false
L000304,2025-01-25 17:15:00,Estelle,Vieira,estelle.vieira@quillon.com,quillon.com,Paid Search - Non-Brand,solution-terms,false
L000305,2025-01-13 14:30:00,Adeola,Nwosu,adeola.nwosu@pinnacle.com,pinnacle.com,Paid Search - Non-Brand,competitor-terms,false
L000306,2025-01-19 13:00:00,Tomas,Castellanos,tomas.castellanos@foxglove.com,foxglove.com,Paid Search - Non-Brand,solution-terms,false
L000307,2025-01-08 10:15:00,Ivo,Byrne,ivo.byrne@kestrel.com,kestrel.com,Paid Search - Non-Brand,solution-terms,false
L000308,2025-01-25 07:15:00,Malik,Byrne,malik.byrne@quillon.com,quillon.com,Paid Search - Non-Brand,category-terms,false
L000309,2025-01-30 14:00:00,Beatriz,Horvat,beatriz.horvat@quillon.com,quillon.com,Paid Search - Non-Brand,category-terms,false
L000310,2025-01-22 11:30:00,Alicia,Raghunathan,alicia.raghunathan@copperline.com,copperline.com,Paid Search - Non-Brand,competitor-terms,false
L000311,2025-01-15 14:30:00,Omar,Krishnan,omar.krishnan@meridian.com,meridian.com,Paid Search - Non-Brand,category-terms,false
L000312,2025-01-02 11:15:00,Peter,Ferreira,peter.ferreira@nimbus.com,nimbus.com,Paid Search - Non-Brand,category-terms,false
L000313,2025-01-18 15:15:00,Anaya,Iyer,anaya.iyer@quillon.com,quillon.com,Paid Search - Non-Brand,competitor-terms,false
L000314,2025-01-24 19:15:00,Rafael,Ferreira,rafael.ferreira@copperline.com,copperline.com,Paid Search - Non-Brand,competitor-terms,false
L000315,2025-01-09 20:45:00,Elodie,Grant,elodie.grant@solvent.com,solvent.com,Paid Search - Non-Brand,category-terms,false
L000316,2025-01-31 13:30:00,Margit,Demir,margit.demir@lumen.com,lumen.com,Paid Search - Non-Brand,category-terms,true
L000317,2025-01-10 08:00:00,Priya,Kavanagh,priya.kavanagh@nimbus.com,nimbus.com,Paid Search - Non-Brand,competitor-terms,false
L000318,2025-01-20 11:30:00,Malik,Doyle,malik.doyle@redwood.com,redwood.com,Paid Search - Non-Brand,category-terms,false
L000319,2025-01-25 12:45:00,Callum,Ferreira,callum.ferreira@lumen.com,lumen.com,Paid Search - Non-Brand,solution-terms,false
L000320,2025-01-12 15:15:00,Marcus,Okonkwo,marcus.okonkwo@dovetail.com,dovetail.com,Paid Search - Non-Brand,solution-terms,false
L000321,2025-01-13 19:45:00,Peter,Mulvaney,peter.mulvaney@cascade.com,cascade.com,Paid Search - Non-Brand,solution-terms,false
L000322,2025-01-29 17:00:00,Marcus,Horvat,marcus.horvat@halcyon.com,halcyon.com,Paid Search - Non-Brand,solution-terms,false
L000323,2025-01-15 18:45:00,Peter,Novak,peter.novak@dovetail.com,dovetail.com,Paid Search - Non-Brand,category-terms,false
L000324,2025-01-07 17:30:00,Marcus,Pires,marcus.pires@cascade.com,cascade.com,Paid Search - Non-Brand,solution-terms,false
L000325,2025-01-30 16:30:00,Adeola,Iyer,adeola.iyer@halcyon.com,halcyon.com,Paid Search - Non-Brand,competitor-terms,true
L000326,2025-01-15 14:45:00,Estelle,Bahri,estelle.bahri@saltmarsh.com,saltmarsh.com,Paid Search - Non-Brand,competitor-terms,false
L000327,2025-01-21 18:15:00,Ingrid,Okonkwo,ingrid.okonkwo@brightpath.com,brightpath.com,Paid Search - Non-Brand,competitor-terms,false
L000328,2025-01-04 19:45:00,Priya,Aaltonen,priya.aaltonen@copperline.com,copperline.com,Paid Search - Non-Brand,competitor-terms,true
L000329,2025-01-20 15:45:00,Ivo,Ferreira,ivo.ferreira@juniper.com,juniper.com,Paid Search - Non-Brand,competitor-terms,false
L000330,2025-01-01 16:45:00,Priya,Nwosu,priya.nwosu@quarry.com,quarry.com,Paid Search - Non-Brand,competitor-terms,false
L000331,2025-01-15 15:45:00,Lena,Moreau,lena.moreau@halcyon.com,halcyon.com,Paid Search - Non-Brand,category-terms,false
L000332,2025-01-06 15:45:00,Ivo,Novak,ivo.novak@harborview.com,harborview.com,Paid Search - Non-Brand,competitor-terms,false
L000333,2025-01-27 13:00:00,Beatriz,Watanabe,beatriz.watanabe@meridian.com,meridian.com,Paid Search - Non-Brand,category-terms,false
L000334,2025-01-27 12:45:00,Ingrid,Petrov,ingrid.petrov@nimbus.com,nimbus.com,Paid Search - Non-Brand,solution-terms,false
L000335,2025-01-24 14:00:00,Mei,Watanabe,mei.watanabe@quillon.com,quillon.com,Paid Search - Non-Brand,solution-terms,false
L000336,2025-01-26 18:30:00,Margit,Krishnan,margit.krishnan@kestrel.com,kestrel.com,Paid Search - Non-Brand,category-terms,false
L000337,2025-01-26 17:15:00,Renata,Petrov,renata.petrov@pinnacle.com,pinnacle.com,Paid Search - Non-Brand,competitor-terms,false
L000338,2025-01-16 07:15:00,Kenji,Petrov,kenji.petrov@kestrel.com,kestrel.com,Paid Search - Non-Brand,competitor-terms,false
L000339,2025-01-21 13:30:00,Renata,Demir,renata.demir@juniper.com,juniper.com,Paid Search - Non-Brand,solution-terms,false
L000340,2025-01-10 13:30:00,Malik,Whitfield,malik.whitfield@quarry.com,quarry.com,Paid Search - Non-Brand,category-terms,false
L000341,2025-01-28 07:45:00,Rafael,Lindqvist,rafael.lindqvist@dovetail.com,dovetail.com,Paid Search - Non-Brand,category-terms,false
L000342,2025-01-02 09:45:00,Noor,Farrell,noor.farrell@anvil.com,anvil.com,Paid Search - Non-Brand,competitor-terms,false
L000343,2025-01-05 14:00:00,Arun,Zhang,arun.zhang@ridgeline.com,ridgeline.com,Paid Search - Non-Brand,category-terms,false
L000344,2025-01-28 15:45:00,Yusuf,Zhang,yusuf.zhang@oakhurst.com,oakhurst.com,Paid Search - Non-Brand,solution-terms,false
L000345,2025-01-19 15:45:00,Beatriz,Raghunathan,beatriz.raghunathan@ferrous.com,ferrous.com,Paid Search - Non-Brand,competitor-terms,false
L000346,2025-01-03 19:30:00,Adeola,Szabo,adeola.szabo@quillon.com,quillon.com,Paid Search - Non-Brand,competitor-terms,false
L000347,2025-01-09 18:45:00,Callum,Lindqvist,callum.lindqvist@dovetail.com,dovetail.com,Paid Search - Non-Brand,competitor-terms,false
L000348,2025-01-06 15:00:00,Marcus,Krishnan,marcus.krishnan@ironwood.com,ironwood.com,Paid Search - Non-Brand,category-terms,false
L000349,2025-01-26 18:00:00,Arun,Almeida,arun.almeida@nimbus.com,nimbus.com,Paid Search - Non-Brand,solution-terms,false
L000350,2025-01-31 12:00:00,Noor,Pires,noor.pires@solvent.com,solvent.com,Paid Search - Non-Brand,solution-terms,false
L000351,2025-01-28 13:00:00,Hollis,Haddad,hollis.haddad@anvil.com,anvil.com,Paid Social - LinkedIn,content-download,false
L000352,2025-01-12 16:15:00,Priya,Farrell,priya.farrell@dovetail.com,dovetail.com,Paid Social - LinkedIn,abm-tier1,false
L000353,2025-01-31 17:45:00,Omar,Ferreira,omar.ferreira@ember.com,ember.com,Paid Social - LinkedIn,abm-tier1,false
L000354,2025-01-06 18:45:00,Yusuf,Aaltonen,yusuf.aaltonen@ferrous.com,ferrous.com,Paid Social - LinkedIn,content-download,false
L000355,2025-01-06 19:00:00,Cormac,Demir,cormac.demir@copperline.com,copperline.com,Paid Social - LinkedIn,jobtitle-targeting,false
L000356,2025-01-24 18:15:00,Callum,Okonkwo,callum.okonkwo@granitepeak.com,granitepeak.com,Paid Social - LinkedIn,jobtitle-targeting,false
L000357,2025-01-12 13:00:00,Alicia,Szabo,alicia.szabo@anvil.com,anvil.com,Paid Social - LinkedIn,abm-tier1,false
L000358,2025-01-12 19:15:00,Lena,Mulvaney,lena.mulvaney@solvent.com,solvent.com,Paid Social - LinkedIn,content-download,false
L000359,2025-01-04 07:30:00,Estelle,Bergstrom,estelle.bergstrom@quillon.com,quillon.com,Paid Social - LinkedIn,content-download,false
L000360,2025-01-11 18:45:00,Arun,Doyle,arun.doyle@dovetail.com,dovetail.com,Paid Social - LinkedIn,abm-tier1,false
L000361,2025-01-02 11:45:00,Ivo,Kavanagh,ivo.kavanagh@cascade.com,cascade.com,Paid Social - LinkedIn,content-download,true
L000362,2025-01-22 10:15:00,Omar,Zhang,omar.zhang@oakhurst.com,oakhurst.com,Paid Social - LinkedIn,jobtitle-targeting,false
L000363,2025-01-15 16:30:00,Peter,Raghunathan,peter.raghunathan@meridian.com,meridian.com,Paid Social - LinkedIn,abm-tier1,false
L000364,2025-01-07 17:45:00,Mei,Lindqvist,mei.lindqvist@pinnacle.com,pinnacle.com,Paid Social - LinkedIn,content-download,true
L000365,2025-01-20 17:15:00,Rafael,Byrne,rafael.byrne@cascade.com,cascade.com,Paid Social - LinkedIn,abm-tier1,false
L000366,2025-01-04 07:00:00,Rafael,Raghunathan,rafael.raghunathan@halcyon.com,halcyon.com,Paid Social - LinkedIn,content-download,false
L000367,2025-01-12 19:30:00,Tomas,Aaltonen,tomas.aaltonen@tessellate.com,tessellate.com,Paid Social - LinkedIn,jobtitle-targeting,false
L000368,2025-01-02 12:15:00,Mei,Iyer,mei.iyer@northwind.com,northwind.com,Paid Social - LinkedIn,content-download,false
L000369,2025-01-07 15:00:00,Beatriz,Novak,beatriz.novak@thornbury.com,thornbury.com,Paid Social - LinkedIn,abm-tier1,false
L000370,2025-01-18 12:30:00,Ivo,Bergstrom,ivo.bergstrom@dovetail.com,dovetail.com,Paid Social - LinkedIn,content-download,false
L000371,2025-01-22 10:30:00,Priya,Doyle,priya.doyle@lumen.com,lumen.com,Paid Social - LinkedIn,content-download,false
L000372,2025-01-06 18:15:00,Callum,Farrell,callum.farrell@dovetail.com,dovetail.com,Paid Social - LinkedIn,content-download,false
L000373,2025-01-18 08:15:00,Alicia,Demir,alicia.demir@northwind.com,northwind.com,Paid Social - LinkedIn,content-download,false
L000374,2025-01-27 07:15:00,Malik,Ferreira,malik.ferreira@anvil.com,anvil.com,Paid Social - LinkedIn,content-download,false
L000375,2025-01-01 15:45:00,Priya,Lindqvist,priya.lindqvist@anvil.com,anvil.com,Paid Social - LinkedIn,jobtitle-targeting,false
L000376,2025-01-08 14:00:00,Peter,Vieira,peter.vieira@tessellate.com,tessellate.com,Paid Social - LinkedIn,jobtitle-targeting,false
L000377,2025-01-12 09:00:00,Estelle,Bahri,estelle.bahri@lumen.com,lumen.com,Paid Social - LinkedIn,content-download,false
L000378,2025-01-28 20:15:00,Adeola,Whitfield,adeola.whitfield@pinnacle.com,pinnacle.com,Paid Social - LinkedIn,abm-tier1,false
L000379,2025-01-01 19:00:00,Ivo,Haddad,ivo.haddad@juniper.com,juniper.com,Paid Social - LinkedIn,abm-tier1,false
L000380,2025-01-05 11:00:00,Marcus,Vieira,marcus.vieira@meridian.com,meridian.com,Paid Social - LinkedIn,jobtitle-targeting,false
L000381,2025-01-09 20:30:00,Omar,Doyle,omar.doyle@meridian.com,meridian.com,Organic / Direct,none,false
L000382,2025-01-06 13:45:00,Alicia,Ferreira,alicia.ferreira@redwood.com,redwood.com,Organic / Direct,none,false
L000383,2025-01-30 14:15:00,Ingrid,Petrov,ingrid.petrov@foxglove.com,foxglove.com,Organic / Direct,none,false
L000384,2025-01-28 17:45:00,Rafael,Whitfield,rafael.whitfield@brightpath.com,brightpath.com,Organic / Direct,none,false
L000385,2025-01-30 12:15:00,Cormac,Okonkwo,cormac.okonkwo@saltmarsh.com,saltmarsh.com,Organic / Direct,none,false
L000386,2025-01-15 09:15:00,Alicia,Bahri,alicia.bahri@ember.com,ember.com,Organic / Direct,none,false
L000387,2025-01-13 11:00:00,Arun,Bergstrom,arun.bergstrom@meridian.com,meridian.com,Organic / Direct,none,false
L000388,2025-01-27 10:15:00,Arun,Pires,arun.pires@lumen.com,lumen.com,Organic / Direct,none,false
L000389,2025-01-25 14:15:00,Siobhan,Doyle,siobhan.doyle@quarry.com,quarry.com,Organic / Direct,none,false
L000390,2025-01-27 10:00:00,Callum,Iyer,callum.iyer@thornbury.com,thornbury.com,Organic / Direct,none,false
L000391,2025-01-05 07:30:00,Renata,Aaltonen,renata.aaltonen@lumen.com,lumen.com,Organic / Direct,none,false
L000392,2025-01-18 14:30:00,Tomas,Byrne,tomas.byrne@halcyon.com,halcyon.com,Organic / Direct,none,false
L000393,2025-01-05 11:30:00,Margit,Nwosu,margit.nwosu@nimbus.com,nimbus.com,Organic / Direct,none,false
L000394,2025-01-29 11:15:00,Renata,Doyle,renata.doyle@lumen.com,lumen.com,Organic / Direct,none,false
L000395,2025-01-15 11:45:00,Hollis,Farrell,hollis.farrell@cascade.com,cascade.com,Organic / Direct,none,false
L000396,2025-01-10 14:00:00,Estelle,Mulvaney,estelle.mulvaney@quillon.com,quillon.com,Organic / Direct,none,false
L000397,2025-01-10 07:00:00,Elodie,Szabo,elodie.szabo@northwind.com,northwind.com,Organic / Direct,none,false
L000398,2025-01-01 08:15:00,Rafael,Almeida,rafael.almeida@halcyon.com,halcyon.com,Organic / Direct,none,false
L000399,2025-01-13 10:45:00,Darius,Farrell,darius.farrell@ironwood.com,ironwood.com,Organic / Direct,none,false
L000400,2025-01-27 14:00:00,Darius,Bergstrom,darius.bergstrom@arclight.com,arclight.com,Organic / Direct,none,false
L000401,2025-01-03 13:15:00,Jonas,Demir,jonas.demir@brightpath.com,brightpath.com,Organic / Direct,none,false
L000402,2025-01-18 15:30:00,Ivo,Mulvaney,ivo.mulvaney@halcyon.com,halcyon.com,Organic / Direct,none,false
L000403,2025-01-16 08:30:00,Arun,Nwosu,arun.nwosu@lumen.com,lumen.com,Organic / Direct,none,false
L000404,2025-01-17 11:15:00,Lena,Demir,lena.demir@meridian.com,meridian.com,Organic / Direct,none,true
L000405,2025-01-05 19:30:00,Kenji,Aaltonen,kenji.aaltonen@ironwood.com,ironwood.com,Organic / Direct,none,false
L000406,2025-01-23 14:30:00,Beatriz,Doyle,beatriz.doyle@marlowe.com,marlowe.com,Organic / Direct,none,false
L000407,2025-01-27 19:30:00,Renata,Lindqvist,renata.lindqvist@thornbury.com,thornbury.com,Organic / Direct,none,true
L000408,2025-01-31 17:00:00,Lena,Mulvaney,lena.mulvaney@kestrel.com,kestrel.com,Organic / Direct,none,false
L000409,2025-02-03 12:15:00,Arun,Bahri,arun.bahri@ember.com,ember.com,Display - Programmatic,retarget-display,false
L000410,2025-02-06 12:45:00,Mei,Aaltonen,mei.aaltonen@arclight.com,arclight.com,Display - Programmatic,contextual-b2b,false
L000411,2025-02-16 09:30:00,Siobhan,Farrell,siobhan.farrell@arclight.com,arclight.com,Display - Programmatic,retarget-display,false
L000412,2025-02-07 14:45:00,Adeola,Vieira,adeola.vieira@northwind.com,northwind.com,Display - Programmatic,contextual-b2b,false
L000413,2025-02-08 09:00:00,Darius,Iyer,darius.iyer@solvent.com,solvent.com,Display - Programmatic,contextual-b2b,false
L000414,2025-02-27 11:30:00,Arun,Watanabe,arun.watanabe@nimbus.com,nimbus.com,Display - Programmatic,contextual-b2b,false
L000415,2025-02-11 13:45:00,Ivo,Castellanos,ivo.castellanos@kestrel.com,kestrel.com,Display - Programmatic,retarget-display,false
L000416,2025-02-12 12:45:00,Noor,Almeida,noor.almeida@quarry.com,quarry.com,Display - Programmatic,contextual-b2b,false
L000417,2025-02-20 11:00:00,Peter,Haddad,peter.haddad@oakhurst.com,oakhurst.com,Display - Programmatic,retarget-display,false
L000418,2025-02-14 19:30:00,Renata,Iyer,renata.iyer@harborview.com,harborview.com,Display - Programmatic,retarget-display,false
L000419,2025-02-24 19:15:00,Elodie,Vieira,elodie.vieira@pinnacle.com,pinnacle.com,Display - Programmatic,contextual-b2b,false
L000420,2025-02-02 10:00:00,Rafael,Bahri,rafael.bahri@oakhurst.com,oakhurst.com,Display - Programmatic,retarget-display,false
L000421,2025-02-04 07:15:00,Peter,Pires,peter.pires@nimbus.com,nimbus.com,Display - Programmatic,contextual-b2b,false
L000422,2025-02-18 07:30:00,Arun,Demir,arun.demir@harborview.com,harborview.com,Display - Programmatic,contextual-b2b,false
L000423,2025-02-15 08:15:00,Siobhan,Raghunathan,siobhan.raghunathan@cascade.com,cascade.com,Display - Programmatic,contextual-b2b,false
L000424,2025-02-13 13:15:00,Beatriz,Nwosu,beatriz.nwosu@oakhurst.com,oakhurst.com,Display - Programmatic,retarget-display,false
L000425,2025-02-19 17:00:00,Priya,Bergstrom,priya.bergstrom@arclight.com,arclight.com,Display - Programmatic,contextual-b2b,true
L000426,2025-02-07 17:45:00,Cormac,Haddad,cormac.haddad@ferrous.com,ferrous.com,Display - Programmatic,contextual-b2b,false
L000427,2025-02-25 07:15:00,Alicia,Raghunathan,alicia.raghunathan@ironwood.com,ironwood.com,Display - Programmatic,contextual-b2b,true
L000428,2025-02-21 20:45:00,Darius,Almeida,darius.almeida@lumen.com,lumen.com,Display - Programmatic,retarget-display,false
L000429,2025-02-21 17:45:00,Cormac,Vieira,cormac.vieira@northwind.com,northwind.com,Display - Programmatic,contextual-b2b,false
L000430,2025-02-25 18:15:00,Estelle,Okonkwo,estelle.okonkwo@quarry.com,quarry.com,Display - Programmatic,contextual-b2b,false
L000431,2025-02-16 20:30:00,Marcus,Szabo,marcus.szabo@quarry.com,quarry.com,Display - Programmatic,retarget-display,false
L000432,2025-02-06 14:45:00,Kenji,Whitfield,kenji.whitfield@brightpath.com,brightpath.com,Display - Programmatic,contextual-b2b,false
L000433,2025-02-04 13:30:00,Kenji,Horvat,kenji.horvat@dovetail.com,dovetail.com,Display - Programmatic,retarget-display,false
L000434,2025-02-14 15:30:00,Mei,Lindqvist,mei.lindqvist@saltmarsh.com,saltmarsh.com,Display - Programmatic,retarget-display,false
L000435,2025-02-14 12:15:00,Jonas,Novak,jonas.novak@ferrous.com,ferrous.com,Display - Programmatic,retarget-display,false
L000436,2025-02-11 08:15:00,Marcus,Farrell,marcus.farrell@ironwood.com,ironwood.com,Display - Programmatic,contextual-b2b,false
L000437,2025-02-07 12:15:00,Mei,Pires,mei.pires@redwood.com,redwood.com,Display - Programmatic,retarget-display,false
L000438,2025-02-15 19:30:00,Siobhan,Okonkwo,siobhan.okonkwo@arclight.com,arclight.com,Display - Programmatic,retarget-display,false
L000439,2025-02-14 20:30:00,Estelle,Vieira,estelle.vieira@nimbus.com,nimbus.com,Display - Programmatic,contextual-b2b,false
L000440,2025-02-17 10:30:00,Mei,Whitfield,mei.whitfield@northwind.com,northwind.com,Display - Programmatic,contextual-b2b,false
L000441,2025-02-06 17:45:00,Yusuf,Byrne,yusuf.byrne@lumen.com,lumen.com,Display - Programmatic,retarget-display,false
L000442,2025-02-16 12:30:00,Mei,Bahri,mei.bahri@thornbury.com,thornbury.com,Display - Programmatic,contextual-b2b,false
L000443,2025-02-12 07:00:00,Jonas,Okonkwo,jonas.okonkwo@meridian.com,meridian.com,Display - Programmatic,contextual-b2b,false
L000444,2025-02-02 07:30:00,Marcus,Lindqvist,marcus.lindqvist@thornbury.com,thornbury.com,Display - Programmatic,contextual-b2b,false
L000445,2025-02-23 12:00:00,Renata,Byrne,renata.byrne@kestrel.com,kestrel.com,Display - Programmatic,retarget-display,false
L000446,2025-02-07 19:45:00,Omar,Haddad,omar.haddad@anvil.com,anvil.com,Display - Programmatic,retarget-display,false
L000447,2025-02-07 09:30:00,Kenji,Farrell,kenji.farrell@thornbury.com,thornbury.com,Display - Programmatic,retarget-display,false
L000448,2025-02-01 17:00:00,Peter,Zhang,peter.zhang@quarry.com,quarry.com,Display - Programmatic,retarget-display,false
L000449,2025-02-12 17:00:00,Margit,Byrne,margit.byrne@tessellate.com,tessellate.com,Display - Programmatic,contextual-b2b,false
L000450,2025-02-14 10:45:00,Beatriz,Mulvaney,beatriz.mulvaney@marlowe.com,marlowe.com,Display - Programmatic,retarget-display,false
L000451,2025-02-24 19:30:00,Arun,Moreau,arun.moreau@solvent.com,solvent.com,Display - Programmatic,contextual-b2b,false
L000452,2025-02-04 17:30:00,Noor,Watanabe,noor.watanabe@pinnacle.com,pinnacle.com,Display - Programmatic,contextual-b2b,false
L000453,2025-02-20 11:30:00,Estelle,Pires,estelle.pires@oakhurst.com,oakhurst.com,Display - Programmatic,retarget-display,false
L000454,2025-02-17 18:00:00,Adeola,Bahri,adeola.bahri@ridgeline.com,ridgeline.com,Display - Programmatic,contextual-b2b,false
L000455,2025-02-07 19:30:00,Arun,Haddad,arun.haddad@tessellate.com,tessellate.com,Display - Programmatic,contextual-b2b,false
L000456,2025-02-07 09:45:00,Arun,Pires,arun.pires@copperline.com,copperline.com,Display - Programmatic,retarget-display,false
L000457,2025-02-07 09:15:00,Ivo,Ferreira,ivo.ferreira@copperline.com,copperline.com,Display - Programmatic,retarget-display,false
L000458,2025-02-17 14:15:00,Tomas,Demir,tomas.demir@ironwood.com,ironwood.com,Display - Programmatic,contextual-b2b,false
L000459,2025-02-16 15:00:00,Renata,Okonkwo,renata.okonkwo@kestrel.com,kestrel.com,Display - Programmatic,contextual-b2b,false
L000460,2025-02-28 18:15:00,Omar,Kavanagh,omar.kavanagh@ironwood.com,ironwood.com,Display - Programmatic,contextual-b2b,false
L000461,2025-02-02 12:30:00,Ingrid,Castellanos,ingrid.castellanos@halcyon.com,halcyon.com,Display - Programmatic,retarget-display,false
L000462,2025-02-16 13:45:00,Rafael,Nwosu,rafael.nwosu@tessellate.com,tessellate.com,Display - Programmatic,contextual-b2b,false
L000463,2025-02-02 07:45:00,Siobhan,Iyer,siobhan.iyer@marlowe.com,marlowe.com,Display - Programmatic,contextual-b2b,false
L000464,2025-02-06 11:45:00,Tomas,Pires,tomas.pires@redwood.com,redwood.com,Display - Programmatic,retarget-display,false
L000465,2025-02-07 14:00:00,Renata,Nwosu,renata.nwosu@harborview.com,harborview.com,Display - Programmatic,contextual-b2b,false
L000466,2025-02-14 20:00:00,Anaya,Farrell,anaya.farrell@halcyon.com,halcyon.com,Display - Programmatic,contextual-b2b,false
L000467,2025-02-26 15:45:00,Marcus,Szabo,marcus.szabo@halcyon.com,halcyon.com,Display - Programmatic,contextual-b2b,false
L000468,2025-02-04 11:15:00,Tomas,Horvat,tomas.horvat@solvent.com,solvent.com,Display - Programmatic,retarget-display,false
L000469,2025-02-05 10:00:00,Renata,Grant,renata.grant@juniper.com,juniper.com,Display - Programmatic,contextual-b2b,false
L000470,2025-02-14 07:45:00,Grace,Almeida,grace.almeida@marlowe.com,marlowe.com,Display - Programmatic,retarget-display,false
L000471,2025-02-19 13:15:00,Marcus,Kavanagh,marcus.kavanagh@tessellate.com,tessellate.com,Display - Programmatic,retarget-display,false
L000472,2025-02-26 20:45:00,Jonas,Castellanos,jonas.castellanos@halcyon.com,halcyon.com,Display - Programmatic,retarget-display,false
L000473,2025-02-22 16:30:00,Yusuf,Grant,yusuf.grant@saltmarsh.com,saltmarsh.com,Display - Programmatic,contextual-b2b,false
L000474,2025-02-13 17:30:00,Noor,Grant,noor.grant@arclight.com,arclight.com,Display - Programmatic,contextual-b2b,false
L000475,2025-02-20 17:45:00,Margit,Farrell,margit.farrell@lumen.com,lumen.com,Display - Programmatic,retarget-display,false
L000476,2025-02-01 10:15:00,Beatriz,Grant,beatriz.grant@arclight.com,arclight.com,Display - Programmatic,contextual-b2b,false
L000477,2025-02-14 12:30:00,Anaya,Okonkwo,anaya.okonkwo@lumen.com,lumen.com,Paid Search - Brand,brand-exact,false
L000478,2025-02-25 10:00:00,Margit,Doyle,margit.doyle@foxglove.com,foxglove.com,Paid Search - Brand,brand-exact,false
L000479,2025-02-27 07:45:00,Beatriz,Horvat,beatriz.horvat@halcyon.com,halcyon.com,Paid Search - Brand,brand-phrase,false
L000480,2025-02-27 11:00:00,Ingrid,Mulvaney,ingrid.mulvaney@halcyon.com,halcyon.com,Paid Search - Brand,brand-exact,false
L000481,2025-02-17 07:00:00,Lena,Doyle,lena.doyle@foxglove.com,foxglove.com,Paid Search - Brand,brand-exact,false
L000482,2025-02-12 20:30:00,Arun,Vieira,arun.vieira@oakhurst.com,oakhurst.com,Paid Search - Brand,brand-phrase,false
L000483,2025-02-05 10:45:00,Priya,Vieira,priya.vieira@ridgeline.com,ridgeline.com,Paid Search - Brand,brand-exact,false
L000484,2025-02-16 10:15:00,Mei,Lindqvist,mei.lindqvist@quillon.com,quillon.com,Paid Search - Brand,brand-phrase,false
L000485,2025-02-27 14:30:00,Renata,Horvat,renata.horvat@cascade.com,cascade.com,Paid Search - Brand,brand-phrase,true
L000486,2025-02-18 11:00:00,Grace,Bergstrom,grace.bergstrom@arclight.com,arclight.com,Paid Search - Brand,brand-exact,true
L000487,2025-02-22 12:45:00,Ingrid,Bergstrom,ingrid.bergstrom@ironwood.com,ironwood.com,Paid Search - Brand,brand-exact,true
L000488,2025-02-04 11:00:00,Peter,Ferreira,peter.ferreira@ferrous.com,ferrous.com,Paid Search - Brand,brand-phrase,false
L000489,2025-02-14 20:15:00,Malik,Vieira,malik.vieira@meridian.com,meridian.com,Paid Search - Brand,brand-exact,false
L000490,2025-02-04 19:00:00,Mei,Doyle,mei.doyle@northwind.com,northwind.com,Paid Search - Brand,brand-phrase,false
L000491,2025-02-13 07:30:00,Grace,Vieira,grace.vieira@cascade.com,cascade.com,Paid Search - Brand,brand-phrase,false
L000492,2025-02-15 10:00:00,Kenji,Nwosu,kenji.nwosu@marlowe.com,marlowe.com,Paid Search - Brand,brand-phrase,false
L000493,2025-02-12 10:30:00,Adeola,Almeida,adeola.almeida@halcyon.com,halcyon.com,Paid Search - Brand,brand-exact,false
L000494,2025-02-04 09:15:00,Rafael,Ferreira,rafael.ferreira@marlowe.com,marlowe.com,Paid Search - Brand,brand-exact,false
L000495,2025-02-15 10:15:00,Elodie,Horvat,elodie.horvat@thornbury.com,thornbury.com,Paid Search - Brand,brand-exact,false
L000496,2025-02-23 10:45:00,Peter,Raghunathan,peter.raghunathan@foxglove.com,foxglove.com,Paid Search - Brand,brand-phrase,false
L000497,2025-02-16 12:45:00,Kenji,Szabo,kenji.szabo@pinnacle.com,pinnacle.com,Paid Search - Brand,brand-phrase,false
L000498,2025-02-24 16:00:00,Noor,Krishnan,noor.krishnan@copperline.com,copperline.com,Paid Search - Brand,brand-exact,true
L000499,2025-02-10 12:30:00,Ivo,Haddad,ivo.haddad@solvent.com,solvent.com,Paid Search - Brand,brand-exact,false
L000500,2025-02-25 12:30:00,Rafael,Kavanagh,rafael.kavanagh@granitepeak.com,granitepeak.com,Paid Search - Brand,brand-exact,false
L000501,2025-02-24 10:30:00,Elodie,Bergstrom,elodie.bergstrom@ferrous.com,ferrous.com,Paid Search - Brand,brand-exact,false
L000502,2025-02-24 12:45:00,Jonas,Almeida,jonas.almeida@cascade.com,cascade.com,Paid Search - Brand,brand-exact,false
L000503,2025-02-15 10:30:00,Arun,Castellanos,arun.castellanos@ironwood.com,ironwood.com,Paid Search - Brand,brand-phrase,false
L000504,2025-02-09 20:30:00,Grace,Castellanos,grace.castellanos@northwind.com,northwind.com,Paid Search - Brand,brand-exact,false
L000505,2025-02-19 15:15:00,Estelle,Iyer,estelle.iyer@northwind.com,northwind.com,Paid Search - Brand,brand-phrase,true
L000506,2025-02-28 15:00:00,Estelle,Krishnan,estelle.krishnan@ferrous.com,ferrous.com,Paid Search - Brand,brand-phrase,false
L000507,2025-02-01 19:00:00,Grace,Vieira,grace.vieira@thornbury.com,thornbury.com,Paid Search - Brand,brand-phrase,false
L000508,2025-02-16 11:45:00,Tomas,Vieira,tomas.vieira@oakhurst.com,oakhurst.com,Paid Search - Brand,brand-phrase,false
L000509,2025-02-18 12:45:00,Noor,Kavanagh,noor.kavanagh@harborview.com,harborview.com,Paid Search - Brand,brand-exact,false
L000510,2025-02-21 16:30:00,Jonas,Moreau,jonas.moreau@ironwood.com,ironwood.com,Paid Search - Brand,brand-exact,false
L000511,2025-02-05 16:15:00,Yusuf,Iyer,yusuf.iyer@ferrous.com,ferrous.com,Paid Search - Brand,brand-exact,false
L000512,2025-02-28 09:15:00,Arun,Mulvaney,arun.mulvaney@meridian.com,meridian.com,Paid Search - Brand,brand-exact,false
L000513,2025-02-09 15:15:00,Callum,Lindqvist,callum.lindqvist@lumen.com,lumen.com,Paid Search - Brand,brand-phrase,false
L000514,2025-02-22 13:45:00,Anaya,Whitfield,anaya.whitfield@ironwood.com,ironwood.com,Paid Search - Brand,brand-phrase,false
L000515,2025-02-06 10:45:00,Malik,Pires,malik.pires@brightpath.com,brightpath.com,Paid Search - Brand,brand-phrase,false
L000516,2025-02-09 16:00:00,Ingrid,Vieira,ingrid.vieira@arclight.com,arclight.com,Paid Search - Brand,brand-phrase,false
L000517,2025-02-03 07:45:00,Renata,Byrne,renata.byrne@kestrel.com,kestrel.com,Paid Search - Brand,brand-phrase,false
L000518,2025-02-19 20:15:00,Ingrid,Krishnan,ingrid.krishnan@dovetail.com,dovetail.com,Paid Search - Brand,brand-exact,false
L000519,2025-02-12 13:30:00,Rafael,Raghunathan,rafael.raghunathan@granitepeak.com,granitepeak.com,Paid Search - Brand,brand-exact,true
L000520,2025-02-22 12:15:00,Renata,Haddad,renata.haddad@solvent.com,solvent.com,Paid Search - Brand,brand-exact,false
L000521,2025-02-10 20:45:00,Ivo,Okonkwo,ivo.okonkwo@granitepeak.com,granitepeak.com,Paid Search - Brand,brand-phrase,false
L000522,2025-02-13 19:30:00,Darius,Horvat,darius.horvat@nimbus.com,nimbus.com,Paid Search - Brand,brand-phrase,false
L000523,2025-02-01 20:00:00,Priya,Zhang,priya.zhang@arclight.com,arclight.com,Paid Search - Brand,brand-exact,false
L000524,2025-02-11 15:45:00,Anaya,Pires,anaya.pires@ironwood.com,ironwood.com,Paid Search - Brand,brand-phrase,false
L000525,2025-02-10 14:00:00,Darius,Okonkwo,darius.okonkwo@ferrous.com,ferrous.com,Paid Search - Brand,brand-exact,false
L000526,2025-02-27 11:45:00,Ingrid,Petrov,ingrid.petrov@brightpath.com,brightpath.com,Paid Search - Brand,brand-exact,true
L000527,2025-02-06 19:15:00,Jonas,Bahri,jonas.bahri@foxglove.com,foxglove.com,Paid Search - Brand,brand-phrase,false
L000528,2025-02-20 07:30:00,Cormac,Bergstrom,cormac.bergstrom@cascade.com,cascade.com,Paid Search - Brand,brand-phrase,false
L000529,2025-02-08 13:00:00,Marcus,Byrne,marcus.byrne@meridian.com,meridian.com,Paid Search - Brand,brand-phrase,false
L000530,2025-02-28 07:45:00,Rafael,Krishnan,rafael.krishnan@ember.com,ember.com,Paid Search - Brand,brand-phrase,false
L000531,2025-02-07 20:30:00,Jonas,Kavanagh,jonas.kavanagh@harborview.com,harborview.com,Paid Search - Brand,brand-phrase,false
L000532,2025-02-11 18:15:00,Kenji,Iyer,kenji.iyer@ironwood.com,ironwood.com,Paid Search - Brand,brand-phrase,true
L000533,2025-02-01 08:00:00,Mei,Castellanos,mei.castellanos@ferrous.com,ferrous.com,Paid Search - Brand,brand-exact,false
L000534,2025-02-24 20:30:00,Malik,Grant,malik.grant@solvent.com,solvent.com,Paid Search - Brand,brand-phrase,false
L000535,2025-02-25 08:45:00,Lena,Mulvaney,lena.mulvaney@kestrel.com,kestrel.com,Paid Search - Brand,brand-phrase,false
L000536,2025-02-27 15:00:00,Estelle,Petrov,estelle.petrov@nimbus.com,nimbus.com,Paid Search - Brand,brand-exact,false
L000537,2025-02-13 14:45:00,Priya,Whitfield,priya.whitfield@oakhurst.com,oakhurst.com,Paid Social - Meta,prospecting-lal,false
L000538,2025-02-09 20:15:00,Anaya,Zhang,anaya.zhang@foxglove.com,foxglove.com,Paid Social - Meta,prospecting-lal,false
L000539,2025-02-20 07:00:00,Callum,Grant,callum.grant@meridian.com,meridian.com,Paid Social - Meta,prospecting-lal,false
L000540,2025-02-13 15:45:00,Omar,Okonkwo,omar.okonkwo@brightpath.com,brightpath.com,Paid Social - Meta,prospecting-lal,false
L000541,2025-02-15 15:45:00,Priya,Doyle,priya.doyle@thornbury.com,thornbury.com,Paid Social - Meta,lead-form-broad,false
L000542,2025-02-03 08:15:00,Estelle,Lindqvist,estelle.lindqvist@nimbus.com,nimbus.com,Paid Social - Meta,prospecting-lal,false
L000543,2025-02-24 20:45:00,Marcus,Watanabe,marcus.watanabe@arclight.com,arclight.com,Paid Social - Meta,mofu-retarget,false
L000544,2025-02-03 16:45:00,Ingrid,Byrne,ingrid.byrne@halcyon.com,halcyon.com,Paid Social - Meta,mofu-retarget,false
L000545,2025-02-07 09:45:00,Hollis,Doyle,hollis.doyle@saltmarsh.com,saltmarsh.com,Paid Social - Meta,lead-form-broad,false
L000546,2025-02-27 12:15:00,Hollis,Moreau,hollis.moreau@redwood.com,redwood.com,Paid Social - Meta,prospecting-lal,false
L000547,2025-02-06 10:15:00,Ingrid,Watanabe,ingrid.watanabe@brightpath.com,brightpath.com,Paid Social - Meta,lead-form-broad,false
L000548,2025-02-04 10:00:00,Siobhan,Farrell,siobhan.farrell@meridian.com,meridian.com,Paid Social - Meta,lead-form-broad,false
L000549,2025-02-01 08:30:00,Marcus,Almeida,marcus.almeida@foxglove.com,foxglove.com,Paid Social - Meta,prospecting-lal,false
L000550,2025-02-12 08:45:00,Cormac,Ferreira,cormac.ferreira@quillon.com,quillon.com,Paid Social - Meta,lead-form-broad,false
L000551,2025-02-19 19:45:00,Alicia,Castellanos,alicia.castellanos@oakhurst.com,oakhurst.com,Paid Social - Meta,prospecting-lal,false
L000552,2025-02-24 16:45:00,Adeola,Doyle,adeola.doyle@brightpath.com,brightpath.com,Paid Social - Meta,prospecting-lal,false
L000553,2025-02-03 17:45:00,Estelle,Krishnan,estelle.krishnan@harborview.com,harborview.com,Paid Social - Meta,mofu-retarget,false
L000554,2025-02-08 07:00:00,Grace,Pires,grace.pires@halcyon.com,halcyon.com,Paid Social - Meta,prospecting-lal,false
L000555,2025-02-25 09:45:00,Beatriz,Okonkwo,beatriz.okonkwo@marlowe.com,marlowe.com,Paid Social - Meta,lead-form-broad,false
L000556,2025-02-04 20:00:00,Noor,Haddad,noor.haddad@juniper.com,juniper.com,Paid Social - Meta,prospecting-lal,false
L000557,2025-02-24 13:45:00,Lena,Almeida,lena.almeida@marlowe.com,marlowe.com,Paid Social - Meta,mofu-retarget,false
L000558,2025-02-24 08:00:00,Siobhan,Whitfield,siobhan.whitfield@solvent.com,solvent.com,Paid Social - Meta,lead-form-broad,false
L000559,2025-02-14 13:30:00,Darius,Aaltonen,darius.aaltonen@dovetail.com,dovetail.com,Paid Social - Meta,lead-form-broad,false
L000560,2025-02-26 18:45:00,Hollis,Lindqvist,hollis.lindqvist@saltmarsh.com,saltmarsh.com,Paid Social - Meta,prospecting-lal,false
L000561,2025-02-04 10:30:00,Adeola,Haddad,adeola.haddad@kestrel.com,kestrel.com,Paid Social - Meta,prospecting-lal,false
L000562,2025-02-15 15:45:00,Rafael,Kavanagh,rafael.kavanagh@quillon.com,quillon.com,Paid Social - Meta,mofu-retarget,false
L000563,2025-02-28 19:00:00,Grace,Ferreira,grace.ferreira@quillon.com,quillon.com,Paid Social - Meta,prospecting-lal,false
L000564,2025-02-14 10:30:00,Priya,Aaltonen,priya.aaltonen@pinnacle.com,pinnacle.com,Paid Social - Meta,mofu-retarget,false
L000565,2025-02-08 08:15:00,Ivo,Doyle,ivo.doyle@ridgeline.com,ridgeline.com,Paid Social - Meta,mofu-retarget,false
L000566,2025-02-18 12:00:00,Kenji,Lindqvist,kenji.lindqvist@meridian.com,meridian.com,Paid Social - Meta,mofu-retarget,false
L000567,2025-02-07 16:30:00,Marcus,Watanabe,marcus.watanabe@anvil.com,anvil.com,Paid Social - Meta,prospecting-lal,false
L000568,2025-02-22 20:45:00,Hollis,Grant,hollis.grant@ferrous.com,ferrous.com,Paid Social - Meta,prospecting-lal,false
L000569,2025-02-04 17:45:00,Alicia,Demir,alicia.demir@solvent.com,solvent.com,Paid Social - Meta,mofu-retarget,false
L000570,2025-02-09 16:15:00,Mei,Iyer,mei.iyer@brightpath.com,brightpath.com,Paid Social - Meta,lead-form-broad,false
L000571,2025-02-18 11:30:00,Siobhan,Bergstrom,siobhan.bergstrom@thornbury.com,thornbury.com,Paid Social - Meta,lead-form-broad,false
L000572,2025-02-04 12:00:00,Jonas,Haddad,jonas.haddad@ironwood.com,ironwood.com,Paid Social - Meta,mofu-retarget,false
L000573,2025-02-06 17:00:00,Hollis,Haddad,hollis.haddad@solvent.com,solvent.com,Paid Social - Meta,mofu-retarget,false
L000574,2025-02-12 19:15:00,Siobhan,Grant,siobhan.grant@lumen.com,lumen.com,Paid Social - Meta,prospecting-lal,false
L000575,2025-02-22 11:30:00,Siobhan,Iyer,siobhan.iyer@halcyon.com,halcyon.com,Paid Social - Meta,lead-form-broad,false
L000576,2025-02-26 12:30:00,Ivo,Doyle,ivo.doyle@halcyon.com,halcyon.com,Paid Social - Meta,lead-form-broad,false
L000577,2025-02-21 08:15:00,Rafael,Horvat,rafael.horvat@nimbus.com,nimbus.com,Paid Social - Meta,mofu-retarget,false
L000578,2025-02-26 16:00:00,Peter,Watanabe,peter.watanabe@pinnacle.com,pinnacle.com,Paid Social - Meta,mofu-retarget,false
L000579,2025-02-13 09:30:00,Alicia,Moreau,alicia.moreau@cascade.com,cascade.com,Paid Social - Meta,mofu-retarget,false
L000580,2025-02-24 10:00:00,Margit,Almeida,margit.almeida@quarry.com,quarry.com,Paid Social - Meta,mofu-retarget,false
L000581,2025-02-25 20:15:00,Tomas,Okonkwo,tomas.okonkwo@granitepeak.com,granitepeak.com,Paid Social - Meta,prospecting-lal,false
L000582,2025-02-06 10:00:00,Peter,Ferreira,peter.ferreira@ferrous.com,ferrous.com,Paid Social - Meta,prospecting-lal,false
L000583,2025-02-09 07:00:00,Tomas,Mulvaney,tomas.mulvaney@harborview.com,harborview.com,Paid Social - Meta,mofu-retarget,false
L000584,2025-02-17 20:00:00,Beatriz,Doyle,beatriz.doyle@foxglove.com,foxglove.com,Paid Social - Meta,mofu-retarget,true
L000585,2025-02-21 07:30:00,Beatriz,Horvat,beatriz.horvat@ironwood.com,ironwood.com,Paid Social - Meta,lead-form-broad,false
L000586,2025-02-28 08:15:00,Mei,Watanabe,mei.watanabe@kestrel.com,kestrel.com,Paid Social - Meta,mofu-retarget,false
L000587,2025-02-14 08:00:00,Alicia,Demir,alicia.demir@redwood.com,redwood.com,Paid Social - Meta,mofu-retarget,false
L000588,2025-02-04 12:15:00,Peter,Okonkwo,peter.okonkwo@quillon.com,quillon.com,Paid Social - Meta,prospecting-lal,false
L000589,2025-02-01 14:30:00,Adeola,Doyle,adeola.doyle@dovetail.com,dovetail.com,Paid Social - Meta,prospecting-lal,false
L000590,2025-02-04 17:15:00,Priya,Doyle,priya.doyle@ferrous.com,ferrous.com,Paid Social - Meta,prospecting-lal,false
L000591,2025-02-14 09:15:00,Jonas,Haddad,jonas.haddad@harborview.com,harborview.com,Paid Social - Meta,mofu-retarget,false
L000592,2025-02-07 15:00:00,Grace,Novak,grace.novak@harborview.com,harborview.com,Paid Social - Meta,mofu-retarget,false
L000593,2025-02-19 09:45:00,Yusuf,Bergstrom,yusuf.bergstrom@meridian.com,meridian.com,Paid Social - Meta,prospecting-lal,false
L000594,2025-02-04 17:45:00,Lena,Farrell,lena.farrell@nimbus.com,nimbus.com,Paid Social - Meta,mofu-retarget,false
L000595,2025-02-27 15:15:00,Mei,Horvat,mei.horvat@arclight.com,arclight.com,Paid Social - Meta,lead-form-broad,false
L000596,2025-02-10 19:30:00,Elodie,Aaltonen,elodie.aaltonen@tessellate.com,tessellate.com,Paid Social - Meta,prospecting-lal,false
L000597,2025-02-21 09:15:00,Elodie,Whitfield,elodie.whitfield@cascade.com,cascade.com,Paid Social - Meta,lead-form-broad,false
L000598,2025-02-12 20:00:00,Hollis,Farrell,hollis.farrell@ember.com,ember.com,Paid Social - Meta,prospecting-lal,false
L000599,2025-02-17 19:45:00,Alicia,Iyer,alicia.iyer@meridian.com,meridian.com,Paid Social - Meta,mofu-retarget,false
L000600,2025-02-25 20:15:00,Peter,Aaltonen,peter.aaltonen@oakhurst.com,oakhurst.com,Paid Social - Meta,lead-form-broad,false
L000601,2025-02-24 16:15:00,Elodie,Horvat,elodie.horvat@oakhurst.com,oakhurst.com,Paid Social - Meta,lead-form-broad,false
L000602,2025-02-05 15:15:00,Callum,Farrell,callum.farrell@kestrel.com,kestrel.com,Paid Social - Meta,mofu-retarget,false
L000603,2025-02-11 10:00:00,Adeola,Mulvaney,adeola.mulvaney@copperline.com,copperline.com,Paid Social - Meta,mofu-retarget,false
L000604,2025-02-17 07:00:00,Peter,Castellanos,peter.castellanos@brightpath.com,brightpath.com,Paid Social - Meta,mofu-retarget,false
L000605,2025-02-04 12:00:00,Callum,Szabo,callum.szabo@quarry.com,quarry.com,Paid Social - Meta,mofu-retarget,false
L000606,2025-02-22 07:15:00,Tomas,Ferreira,tomas.ferreira@nimbus.com,nimbus.com,Paid Social - Meta,prospecting-lal,false
L000607,2025-02-17 14:15:00,Margit,Bahri,margit.bahri@saltmarsh.com,saltmarsh.com,Paid Social - Meta,mofu-retarget,false
L000608,2025-02-14 11:30:00,Marcus,Zhang,marcus.zhang@dovetail.com,dovetail.com,Paid Social - Meta,lead-form-broad,true
L000609,2025-02-14 17:30:00,Peter,Farrell,peter.farrell@meridian.com,meridian.com,Paid Social - Meta,prospecting-lal,false
L000610,2025-02-17 17:30:00,Jonas,Almeida,jonas.almeida@ferrous.com,ferrous.com,Paid Social - Meta,mofu-retarget,false
L000611,2025-02-27 15:00:00,Yusuf,Lindqvist,yusuf.lindqvist@halcyon.com,halcyon.com,Paid Social - Meta,prospecting-lal,false
L000612,2025-02-04 12:30:00,Noor,Ferreira,noor.ferreira@saltmarsh.com,saltmarsh.com,Paid Social - Meta,prospecting-lal,false
L000613,2025-02-22 10:15:00,Priya,Aaltonen,priya.aaltonen@granitepeak.com,granitepeak.com,Paid Social - Meta,prospecting-lal,false
L000614,2025-02-13 16:30:00,Mei,Mulvaney,mei.mulvaney@thornbury.com,thornbury.com,Paid Social - Meta,lead-form-broad,false
L000615,2025-02-22 20:15:00,Ivo,Okonkwo,ivo.okonkwo@copperline.com,copperline.com,Paid Social - Meta,lead-form-broad,false
L000616,2025-02-13 19:30:00,Rafael,Watanabe,rafael.watanabe@saltmarsh.com,saltmarsh.com,Paid Social - Meta,lead-form-broad,false
L000617,2025-02-13 10:30:00,Kenji,Doyle,kenji.doyle@ironwood.com,ironwood.com,Paid Social - Meta,prospecting-lal,false
L000618,2025-02-15 18:45:00,Grace,Haddad,grace.haddad@lumen.com,lumen.com,Paid Social - Meta,prospecting-lal,false
L000619,2025-02-19 11:30:00,Hollis,Farrell,hollis.farrell@copperline.com,copperline.com,Paid Social - Meta,mofu-retarget,false
L000620,2025-02-06 16:00:00,Peter,Byrne,peter.byrne@ridgeline.com,ridgeline.com,Paid Social - Meta,prospecting-lal,false
L000621,2025-02-18 18:15:00,Elodie,Novak,elodie.novak@kestrel.com,kestrel.com,Paid Social - Meta,prospecting-lal,false
L000622,2025-02-22 10:00:00,Ivo,Farrell,ivo.farrell@dovetail.com,dovetail.com,Paid Social - Meta,lead-form-broad,false
L000623,2025-02-13 18:45:00,Rafael,Almeida,rafael.almeida@ember.com,ember.com,Paid Social - Meta,mofu-retarget,false
L000624,2025-02-20 15:45:00,Cormac,Horvat,cormac.horvat@thornbury.com,thornbury.com,Paid Social - Meta,lead-form-broad,false
L000625,2025-02-04 12:00:00,Marcus,Demir,marcus.demir@granitepeak.com,granitepeak.com,Paid Social - Meta,mofu-retarget,false
L000626,2025-02-11 09:30:00,Priya,Novak,priya.novak@redwood.com,redwood.com,Paid Social - Meta,prospecting-lal,false
L000627,2025-02-15 15:00:00,Estelle,Novak,estelle.novak@ridgeline.com,ridgeline.com,Paid Social - Meta,prospecting-lal,false
L000628,2025-02-17 13:15:00,Renata,Novak,renata.novak@granitepeak.com,granitepeak.com,Paid Social - Meta,mofu-retarget,false
L000629,2025-02-26 16:30:00,Beatriz,Moreau,beatriz.moreau@cascade.com,cascade.com,Paid Social - Meta,mofu-retarget,false
L000630,2025-02-12 12:00:00,Elodie,Nwosu,elodie.nwosu@ridgeline.com,ridgeline.com,Paid Social - Meta,mofu-retarget,false
L000631,2025-02-24 14:15:00,Peter,Horvat,peter.horvat@foxglove.com,foxglove.com,Paid Social - Meta,mofu-retarget,false
L000632,2025-02-15 12:15:00,Elodie,Whitfield,elodie.whitfield@quarry.com,quarry.com,Paid Social - Meta,mofu-retarget,false
L000633,2025-02-11 14:15:00,Yusuf,Raghunathan,yusuf.raghunathan@juniper.com,juniper.com,Paid Social - Meta,mofu-retarget,false
L000634,2025-02-28 16:00:00,Noor,Okonkwo,noor.okonkwo@ironwood.com,ironwood.com,Paid Social - Meta,prospecting-lal,false
L000635,2025-02-24 12:30:00,Beatriz,Doyle,beatriz.doyle@ember.com,ember.com,Paid Social - Meta,lead-form-broad,false
L000636,2025-02-09 16:30:00,Estelle,Doyle,estelle.doyle@ferrous.com,ferrous.com,Paid Social - Meta,lead-form-broad,false
L000637,2025-02-09 08:45:00,Estelle,Iyer,estelle.iyer@dovetail.com,dovetail.com,Paid Social - Meta,lead-form-broad,false
L000638,2025-02-19 14:45:00,Adeola,Zhang,adeola.zhang@northwind.com,northwind.com,Paid Social - Meta,mofu-retarget,false
L000639,2025-02-26 17:45:00,Alicia,Zhang,alicia.zhang@quarry.com,quarry.com,Paid Social - Meta,lead-form-broad,false
L000640,2025-02-28 19:15:00,Jonas,Okonkwo,jonas.okonkwo@anvil.com,anvil.com,Paid Social - Meta,prospecting-lal,false
L000641,2025-02-09 16:15:00,Peter,Nwosu,peter.nwosu@quillon.com,quillon.com,Paid Social - Meta,prospecting-lal,false
L000642,2025-02-02 07:45:00,Peter,Almeida,peter.almeida@brightpath.com,brightpath.com,Paid Social - Meta,lead-form-broad,false
L000643,2025-02-14 18:45:00,Grace,Doyle,grace.doyle@northwind.com,northwind.com,Paid Social - Meta,lead-form-broad,false
L000644,2025-02-23 18:15:00,Renata,Lindqvist,renata.lindqvist@arclight.com,arclight.com,Paid Social - Meta,lead-form-broad,false
L000645,2025-02-01 13:00:00,Mei,Kavanagh,mei.kavanagh@ridgeline.com,ridgeline.com,Paid Social - Meta,prospecting-lal,false
L000646,2025-02-10 20:00:00,Darius,Kavanagh,darius.kavanagh@nimbus.com,nimbus.com,Paid Social - Meta,mofu-retarget,false
L000647,2025-02-25 07:30:00,Hollis,Bergstrom,hollis.bergstrom@granitepeak.com,granitepeak.com,Paid Social - Meta,prospecting-lal,true
L000648,2025-02-27 14:30:00,Estelle,Kavanagh,estelle.kavanagh@granitepeak.com,granitepeak.com,Paid Social - Meta,prospecting-lal,false
L000649,2025-02-24 19:00:00,Margit,Demir,margit.demir@redwood.com,redwood.com,Paid Social - Meta,lead-form-broad,false
L000650,2025-02-02 09:00:00,Noor,Kavanagh,noor.kavanagh@dovetail.com,dovetail.com,Paid Social - Meta,mofu-retarget,false
L000651,2025-02-13 15:00:00,Estelle,Castellanos,estelle.castellanos@northwind.com,northwind.com,Paid Social - Meta,lead-form-broad,false
L000652,2025-02-27 15:15:00,Arun,Watanabe,arun.watanabe@northwind.com,northwind.com,Paid Social - Meta,prospecting-lal,false
L000653,2025-02-15 18:00:00,Marcus,Krishnan,marcus.krishnan@arclight.com,arclight.com,Paid Social - Meta,prospecting-lal,false
L000654,2025-02-23 20:00:00,Priya,Nwosu,priya.nwosu@lumen.com,lumen.com,Paid Social - Meta,prospecting-lal,false
L000655,2025-02-03 08:30:00,Ingrid,Kavanagh,ingrid.kavanagh@tessellate.com,tessellate.com,Paid Social - Meta,prospecting-lal,false
L000656,2025-02-23 13:30:00,Alicia,Watanabe,alicia.watanabe@kestrel.com,kestrel.com,Paid Social - Meta,lead-form-broad,false
L000657,2025-02-24 18:30:00,Tomas,Szabo,tomas.szabo@nimbus.com,nimbus.com,Paid Social - Meta,lead-form-broad,false
L000658,2025-02-27 14:45:00,Beatriz,Lindqvist,beatriz.lindqvist@solvent.com,solvent.com,Paid Social - Meta,prospecting-lal,false
L000659,2025-02-22 09:00:00,Hollis,Raghunathan,hollis.raghunathan@brightpath.com,brightpath.com,Paid Social - Meta,lead-form-broad,false
L000660,2025-02-12 12:15:00,Elodie,Mulvaney,elodie.mulvaney@brightpath.com,brightpath.com,Paid Social - Meta,lead-form-broad,false
L000661,2025-02-17 10:30:00,Malik,Whitfield,malik.whitfield@harborview.com,harborview.com,Paid Social - Meta,lead-form-broad,false
L000662,2025-02-17 11:00:00,Callum,Castellanos,callum.castellanos@pinnacle.com,pinnacle.com,Paid Social - Meta,mofu-retarget,false
L000663,2025-02-09 15:45:00,Tomas,Okonkwo,tomas.okonkwo@foxglove.com,foxglove.com,Paid Social - Meta,lead-form-broad,false
L000664,2025-02-25 07:15:00,Beatriz,Haddad,beatriz.haddad@quarry.com,quarry.com,Paid Social - Meta,lead-form-broad,false
L000665,2025-02-06 20:15:00,Mei,Whitfield,mei.whitfield@marlowe.com,marlowe.com,Paid Search - Non-Brand,category-terms,false
L000666,2025-02-27 16:00:00,Malik,Demir,malik.demir@arclight.com,arclight.com,Paid Search - Non-Brand,category-terms,false
L000667,2025-02-23 17:15:00,Omar,Raghunathan,omar.raghunathan@granitepeak.com,granitepeak.com,Paid Search - Non-Brand,solution-terms,false
L000668,2025-02-18 15:00:00,Omar,Bergstrom,omar.bergstrom@granitepeak.com,granitepeak.com,Paid Search - Non-Brand,solution-terms,false
L000669,2025-02-02 07:45:00,Mei,Demir,mei.demir@copperline.com,copperline.com,Paid Search - Non-Brand,category-terms,false
L000670,2025-02-16 09:30:00,Callum,Farrell,callum.farrell@pinnacle.com,pinnacle.com,Paid Search - Non-Brand,solution-terms,true
L000671,2025-02-22 16:30:00,Renata,Novak,renata.novak@halcyon.com,halcyon.com,Paid Search - Non-Brand,category-terms,true
L000672,2025-02-16 07:15:00,Beatriz,Doyle,beatriz.doyle@brightpath.com,brightpath.com,Paid Search - Non-Brand,competitor-terms,false
L000673,2025-02-20 14:00:00,Estelle,Bergstrom,estelle.bergstrom@meridian.com,meridian.com,Paid Search - Non-Brand,competitor-terms,false
L000674,2025-02-22 20:15:00,Priya,Nwosu,priya.nwosu@thornbury.com,thornbury.com,Paid Search - Non-Brand,solution-terms,true
L000675,2025-02-09 08:00:00,Grace,Petrov,grace.petrov@ridgeline.com,ridgeline.com,Paid Search - Non-Brand,solution-terms,true
L000676,2025-02-01 09:30:00,Callum,Mulvaney,callum.mulvaney@solvent.com,solvent.com,Paid Search - Non-Brand,solution-terms,true
L000677,2025-02-27 07:00:00,Kenji,Whitfield,kenji.whitfield@ferrous.com,ferrous.com,Paid Search - Non-Brand,competitor-terms,true
L000678,2025-02-11 11:45:00,Arun,Petrov,arun.petrov@oakhurst.com,oakhurst.com,Paid Search - Non-Brand,competitor-terms,false
L000679,2025-02-09 18:45:00,Rafael,Bergstrom,rafael.bergstrom@solvent.com,solvent.com,Paid Search - Non-Brand,competitor-terms,false
L000680,2025-02-09 17:00:00,Anaya,Demir,anaya.demir@quarry.com,quarry.com,Paid Search - Non-Brand,category-terms,false
L000681,2025-02-26 07:45:00,Alicia,Castellanos,alicia.castellanos@nimbus.com,nimbus.com,Paid Search - Non-Brand,solution-terms,false
L000682,2025-02-12 08:30:00,Marcus,Byrne,marcus.byrne@anvil.com,anvil.com,Paid Search - Non-Brand,competitor-terms,false
L000683,2025-02-18 16:30:00,Tomas,Novak,tomas.novak@harborview.com,harborview.com,Paid Search - Non-Brand,competitor-terms,false
L000684,2025-02-03 19:45:00,Peter,Moreau,peter.moreau@halcyon.com,halcyon.com,Paid Search - Non-Brand,competitor-terms,false
L000685,2025-02-16 16:00:00,Omar,Mulvaney,omar.mulvaney@quarry.com,quarry.com,Paid Search - Non-Brand,competitor-terms,false
L000686,2025-02-28 16:45:00,Estelle,Okonkwo,estelle.okonkwo@meridian.com,meridian.com,Paid Search - Non-Brand,category-terms,false
L000687,2025-02-10 10:15:00,Margit,Doyle,margit.doyle@anvil.com,anvil.com,Paid Search - Non-Brand,competitor-terms,false
L000688,2025-02-08 13:15:00,Rafael,Moreau,rafael.moreau@copperline.com,copperline.com,Paid Search - Non-Brand,solution-terms,false
L000689,2025-02-19 14:00:00,Estelle,Zhang,estelle.zhang@oakhurst.com,oakhurst.com,Paid Search - Non-Brand,competitor-terms,false
L000690,2025-02-13 08:45:00,Malik,Ferreira,malik.ferreira@marlowe.com,marlowe.com,Paid Search - Non-Brand,category-terms,false
L000691,2025-02-09 07:00:00,Arun,Watanabe,arun.watanabe@kestrel.com,kestrel.com,Paid Search - Non-Brand,solution-terms,false
L000692,2025-02-02 10:00:00,Kenji,Moreau,kenji.moreau@solvent.com,solvent.com,Paid Search - Non-Brand,competitor-terms,false
L000693,2025-02-18 07:00:00,Beatriz,Novak,beatriz.novak@ember.com,ember.com,Paid Search - Non-Brand,competitor-terms,false
L000694,2025-02-04 12:30:00,Peter,Pires,peter.pires@ridgeline.com,ridgeline.com,Paid Search - Non-Brand,competitor-terms,false
L000695,2025-02-11 16:45:00,Cormac,Castellanos,cormac.castellanos@ember.com,ember.com,Paid Search - Non-Brand,category-terms,false
L000696,2025-02-10 13:15:00,Cormac,Castellanos,cormac.castellanos@kestrel.com,kestrel.com,Paid Search - Non-Brand,solution-terms,false
L000697,2025-02-16 14:15:00,Hollis,Grant,hollis.grant@dovetail.com,dovetail.com,Paid Search - Non-Brand,solution-terms,false
L000698,2025-02-11 15:15:00,Rafael,Pires,rafael.pires@tessellate.com,tessellate.com,Paid Search - Non-Brand,competitor-terms,false
L000699,2025-02-16 18:30:00,Elodie,Petrov,elodie.petrov@arclight.com,arclight.com,Paid Search - Non-Brand,competitor-terms,false
L000700,2025-02-20 10:00:00,Ingrid,Mulvaney,ingrid.mulvaney@oakhurst.com,oakhurst.com,Paid Search - Non-Brand,category-terms,false
L000701,2025-02-02 13:30:00,Tomas,Petrov,tomas.petrov@marlowe.com,marlowe.com,Paid Search - Non-Brand,competitor-terms,false
L000702,2025-02-15 17:45:00,Ivo,Pires,ivo.pires@marlowe.com,marlowe.com,Paid Search - Non-Brand,category-terms,true
L000703,2025-02-20 16:45:00,Elodie,Novak,elodie.novak@cascade.com,cascade.com,Paid Search - Non-Brand,category-terms,false
L000704,2025-02-08 12:30:00,Siobhan,Szabo,siobhan.szabo@anvil.com,anvil.com,Paid Search - Non-Brand,category-terms,false
L000705,2025-02-06 14:00:00,Arun,Krishnan,arun.krishnan@ridgeline.com,ridgeline.com,Paid Search - Non-Brand,category-terms,true
L000706,2025-02-08 14:45:00,Arun,Moreau,arun.moreau@redwood.com,redwood.com,Paid Search - Non-Brand,competitor-terms,false
L000707,2025-02-05 20:15:00,Priya,Kavanagh,priya.kavanagh@harborview.com,harborview.com,Paid Search - Non-Brand,category-terms,true
L000708,2025-02-11 10:15:00,Alicia,Bahri,alicia.bahri@copperline.com,copperline.com,Paid Search - Non-Brand,competitor-terms,false
L000709,2025-02-11 13:15:00,Estelle,Novak,estelle.novak@copperline.com,copperline.com,Paid Search - Non-Brand,solution-terms,false
L000710,2025-02-17 08:45:00,Elodie,Aaltonen,elodie.aaltonen@kestrel.com,kestrel.com,Paid Search - Non-Brand,solution-terms,false
L000711,2025-02-11 10:00:00,Hollis,Lindqvist,hollis.lindqvist@nimbus.com,nimbus.com,Paid Search - Non-Brand,competitor-terms,true
L000712,2025-02-08 09:45:00,Hollis,Ferreira,hollis.ferreira@copperline.com,copperline.com,Paid Search - Non-Brand,solution-terms,false
L000713,2025-02-11 17:45:00,Grace,Grant,grace.grant@quarry.com,quarry.com,Paid Search - Non-Brand,competitor-terms,false
L000714,2025-02-04 11:30:00,Margit,Byrne,margit.byrne@cascade.com,cascade.com,Paid Search - Non-Brand,competitor-terms,false
L000715,2025-02-27 11:00:00,Tomas,Watanabe,tomas.watanabe@harborview.com,harborview.com,Paid Search - Non-Brand,category-terms,false
L000716,2025-02-14 11:30:00,Siobhan,Almeida,siobhan.almeida@kestrel.com,kestrel.com,Paid Search - Non-Brand,category-terms,false
L000717,2025-02-28 12:30:00,Priya,Mulvaney,priya.mulvaney@halcyon.com,halcyon.com,Paid Search - Non-Brand,solution-terms,false
L000718,2025-02-18 16:15:00,Darius,Watanabe,darius.watanabe@lumen.com,lumen.com,Paid Search - Non-Brand,solution-terms,false
L000719,2025-02-18 07:30:00,Grace,Moreau,grace.moreau@lumen.com,lumen.com,Paid Search - Non-Brand,competitor-terms,false
L000720,2025-02-18 12:45:00,Marcus,Nwosu,marcus.nwosu@granitepeak.com,granitepeak.com,Paid Search - Non-Brand,solution-terms,false
L000721,2025-02-17 15:45:00,Lena,Vieira,lena.vieira@northwind.com,northwind.com,Paid Search - Non-Brand,category-terms,false
L000722,2025-02-24 12:45:00,Ivo,Watanabe,ivo.watanabe@cascade.com,cascade.com,Paid Search - Non-Brand,category-terms,false
L000723,2025-02-12 14:15:00,Ingrid,Haddad,ingrid.haddad@marlowe.com,marlowe.com,Paid Search - Non-Brand,competitor-terms,false
L000724,2025-02-27 14:30:00,Omar,Demir,omar.demir@redwood.com,redwood.com,Paid Search - Non-Brand,category-terms,false
L000725,2025-02-04 12:15:00,Tomas,Okonkwo,tomas.okonkwo@quillon.com,quillon.com,Paid Search - Non-Brand,solution-terms,false
L000726,2025-02-22 16:45:00,Darius,Moreau,darius.moreau@juniper.com,juniper.com,Paid Search - Non-Brand,competitor-terms,false
L000727,2025-02-20 14:45:00,Jonas,Grant,jonas.grant@cascade.com,cascade.com,Paid Search - Non-Brand,solution-terms,false
L000728,2025-02-11 11:45:00,Rafael,Farrell,rafael.farrell@arclight.com,arclight.com,Paid Search - Non-Brand,solution-terms,false
L000729,2025-02-05 14:45:00,Anaya,Kavanagh,anaya.kavanagh@ridgeline.com,ridgeline.com,Paid Search - Non-Brand,solution-terms,false
L000730,2025-02-01 15:30:00,Tomas,Almeida,tomas.almeida@pinnacle.com,pinnacle.com,Paid Search - Non-Brand,category-terms,false
L000731,2025-02-12 07:00:00,Mei,Iyer,mei.iyer@dovetail.com,dovetail.com,Paid Search - Non-Brand,category-terms,false
L000732,2025-02-05 08:15:00,Malik,Szabo,malik.szabo@thornbury.com,thornbury.com,Paid Search - Non-Brand,category-terms,false
L000733,2025-02-01 13:15:00,Marcus,Pires,marcus.pires@kestrel.com,kestrel.com,Paid Search - Non-Brand,competitor-terms,false
L000734,2025-02-10 19:00:00,Ivo,Horvat,ivo.horvat@arclight.com,arclight.com,Paid Search - Non-Brand,category-terms,false
L000735,2025-02-08 10:45:00,Lena,Watanabe,lena.watanabe@oakhurst.com,oakhurst.com,Paid Search - Non-Brand,category-terms,false
L000736,2025-02-03 19:30:00,Grace,Zhang,grace.zhang@quarry.com,quarry.com,Paid Search - Non-Brand,category-terms,false
L000737,2025-02-23 12:45:00,Lena,Okonkwo,lena.okonkwo@dovetail.com,dovetail.com,Paid Social - LinkedIn,jobtitle-targeting,false
L000738,2025-02-27 12:15:00,Tomas,Byrne,tomas.byrne@quarry.com,quarry.com,Paid Social - LinkedIn,content-download,false
L000739,2025-02-18 18:00:00,Alicia,Ferreira,alicia.ferreira@anvil.com,anvil.com,Paid Social - LinkedIn,abm-tier1,false
L000740,2025-02-10 18:45:00,Estelle,Kavanagh,estelle.kavanagh@quillon.com,quillon.com,Paid Social - LinkedIn,jobtitle-targeting,false
L000741,2025-02-06 18:30:00,Noor,Novak,noor.novak@anvil.com,anvil.com,Paid Social - LinkedIn,content-download,false
L000742,2025-02-13 14:45:00,Grace,Castellanos,grace.castellanos@ferrous.com,ferrous.com,Paid Social - LinkedIn,jobtitle-targeting,false
L000743,2025-02-04 13:15:00,Malik,Aaltonen,malik.aaltonen@tessellate.com,tessellate.com,Paid Social - LinkedIn,jobtitle-targeting,false
L000744,2025-02-05 11:45:00,Peter,Mulvaney,peter.mulvaney@ferrous.com,ferrous.com,Paid Social - LinkedIn,content-download,false
L000745,2025-02-23 19:30:00,Noor,Zhang,noor.zhang@saltmarsh.com,saltmarsh.com,Paid Social - LinkedIn,content-download,false
L000746,2025-02-05 12:45:00,Kenji,Aaltonen,kenji.aaltonen@thornbury.com,thornbury.com,Paid Social - LinkedIn,abm-tier1,false
L000747,2025-02-24 16:45:00,Priya,Kavanagh,priya.kavanagh@solvent.com,solvent.com,Paid Social - LinkedIn,abm-tier1,false
L000748,2025-02-23 08:00:00,Ingrid,Petrov,ingrid.petrov@northwind.com,northwind.com,Paid Social - LinkedIn,abm-tier1,false
L000749,2025-02-08 13:00:00,Beatriz,Haddad,beatriz.haddad@marlowe.com,marlowe.com,Paid Social - LinkedIn,abm-tier1,false
L000750,2025-02-07 13:00:00,Ivo,Novak,ivo.novak@juniper.com,juniper.com,Paid Social - LinkedIn,content-download,false
L000751,2025-02-24 07:30:00,Rafael,Szabo,rafael.szabo@harborview.com,harborview.com,Paid Social - LinkedIn,abm-tier1,true
L000752,2025-02-27 18:15:00,Renata,Ferreira,renata.ferreira@pinnacle.com,pinnacle.com,Paid Social - LinkedIn,abm-tier1,true
L000753,2025-02-06 15:45:00,Kenji,Castellanos,kenji.castellanos@quillon.com,quillon.com,Paid Social - LinkedIn,content-download,false
L000754,2025-02-05 07:00:00,Anaya,Petrov,anaya.petrov@ember.com,ember.com,Paid Social - LinkedIn,abm-tier1,false
L000755,2025-02-04 07:45:00,Jonas,Bahri,jonas.bahri@lumen.com,lumen.com,Paid Social - LinkedIn,abm-tier1,false
L000756,2025-02-02 10:15:00,Marcus,Castellanos,marcus.castellanos@pinnacle.com,pinnacle.com,Paid Social - LinkedIn,jobtitle-targeting,true
L000757,2025-02-05 08:45:00,Peter,Novak,peter.novak@thornbury.com,thornbury.com,Paid Social - LinkedIn,content-download,false
L000758,2025-02-20 19:15:00,Peter,Okonkwo,peter.okonkwo@juniper.com,juniper.com,Paid Social - LinkedIn,jobtitle-targeting,false
L000759,2025-02-09 19:30:00,Jonas,Nwosu,jonas.nwosu@northwind.com,northwind.com,Paid Social - LinkedIn,content-download,false
L000760,2025-02-09 18:15:00,Darius,Kavanagh,darius.kavanagh@redwood.com,redwood.com,Paid Social - LinkedIn,content-download,false
L000761,2025-02-25 19:00:00,Kenji,Bahri,kenji.bahri@anvil.com,anvil.com,Paid Social - LinkedIn,content-download,false
L000762,2025-02-09 20:00:00,Arun,Bahri,arun.bahri@ironwood.com,ironwood.com,Paid Social - LinkedIn,jobtitle-targeting,false
L000763,2025-02-15 10:45:00,Jonas,Grant,jonas.grant@kestrel.com,kestrel.com,Paid Social - LinkedIn,abm-tier1,false
L000764,2025-02-01 18:00:00,Malik,Mulvaney,malik.mulvaney@northwind.com,northwind.com,Paid Social - LinkedIn,jobtitle-targeting,false
L000765,2025-02-11 10:45:00,Arun,Zhang,arun.zhang@harborview.com,harborview.com,Paid Social - LinkedIn,abm-tier1,false
L000766,2025-02-17 19:45:00,Ingrid,Lindqvist,ingrid.lindqvist@saltmarsh.com,saltmarsh.com,Paid Social - LinkedIn,abm-tier1,false
L000767,2025-02-16 12:30:00,Cormac,Horvat,cormac.horvat@northwind.com,northwind.com,Paid Social - LinkedIn,content-download,false
L000768,2025-02-04 17:30:00,Anaya,Watanabe,anaya.watanabe@halcyon.com,halcyon.com,Paid Social - LinkedIn,jobtitle-targeting,false
L000769,2025-02-11 09:00:00,Priya,Zhang,priya.zhang@copperline.com,copperline.com,Paid Social - LinkedIn,jobtitle-targeting,false
L000770,2025-02-26 08:30:00,Omar,Doyle,omar.doyle@ironwood.com,ironwood.com,Organic / Direct,none,false
L000771,2025-02-22 12:45:00,Ingrid,Watanabe,ingrid.watanabe@copperline.com,copperline.com,Organic / Direct,none,false
L000772,2025-02-13 19:15:00,Ivo,Szabo,ivo.szabo@ferrous.com,ferrous.com,Organic / Direct,none,false
L000773,2025-02-20 08:30:00,Mei,Kavanagh,mei.kavanagh@saltmarsh.com,saltmarsh.com,Organic / Direct,none,false
L000774,2025-02-21 10:30:00,Omar,Grant,omar.grant@marlowe.com,marlowe.com,Organic / Direct,none,false
L000775,2025-02-02 15:30:00,Priya,Vieira,priya.vieira@halcyon.com,halcyon.com,Organic / Direct,none,false
L000776,2025-02-10 08:00:00,Margit,Farrell,margit.farrell@ridgeline.com,ridgeline.com,Organic / Direct,none,false
L000777,2025-02-17 11:30:00,Callum,Horvat,callum.horvat@lumen.com,lumen.com,Organic / Direct,none,false
L000778,2025-02-03 09:30:00,Darius,Bergstrom,darius.bergstrom@kestrel.com,kestrel.com,Organic / Direct,none,false
L000779,2025-02-24 18:30:00,Rafael,Krishnan,rafael.krishnan@ridgeline.com,ridgeline.com,Organic / Direct,none,false
L000780,2025-02-12 14:30:00,Grace,Demir,grace.demir@meridian.com,meridian.com,Organic / Direct,none,true
L000781,2025-02-25 18:30:00,Alicia,Zhang,alicia.zhang@cascade.com,cascade.com,Organic / Direct,none,false
L000782,2025-02-05 14:45:00,Mei,Kavanagh,mei.kavanagh@oakhurst.com,oakhurst.com,Organic / Direct,none,false
L000783,2025-02-03 15:45:00,Mei,Petrov,mei.petrov@halcyon.com,halcyon.com,Organic / Direct,none,false
L000784,2025-02-07 16:00:00,Jonas,Ferreira,jonas.ferreira@cascade.com,cascade.com,Organic / Direct,none,true
L000785,2025-02-28 15:45:00,Arun,Novak,arun.novak@ridgeline.com,ridgeline.com,Organic / Direct,none,false
L000786,2025-02-16 09:30:00,Darius,Almeida,darius.almeida@anvil.com,anvil.com,Organic / Direct,none,false
L000787,2025-02-04 09:15:00,Anaya,Szabo,anaya.szabo@pinnacle.com,pinnacle.com,Organic / Direct,none,true
L000788,2025-02-16 09:15:00,Kenji,Petrov,kenji.petrov@anvil.com,anvil.com,Organic / Direct,none,false
L000789,2025-02-10 09:15:00,Alicia,Whitfield,alicia.whitfield@arclight.com,arclight.com,Organic / Direct,none,false
L000790,2025-02-09 08:15:00,Rafael,Aaltonen,rafael.aaltonen@marlowe.com,marlowe.com,Organic / Direct,none,true
L000791,2025-02-23 14:45:00,Kenji,Grant,kenji.grant@brightpath.com,brightpath.com,Organic / Direct,none,false
L000792,2025-02-10 08:00:00,Callum,Szabo,callum.szabo@ridgeline.com,ridgeline.com,Organic / Direct,none,true
L000793,2025-02-16 09:45:00,Margit,Ferreira,margit.ferreira@oakhurst.com,oakhurst.com,Organic / Direct,none,true
L000794,2025-02-07 19:00:00,Renata,Lindqvist,renata.lindqvist@tessellate.com,tessellate.com,Organic / Direct,none,false
L000795,2025-02-01 11:15:00,Alicia,Iyer,alicia.iyer@ember.com,ember.com,Organic / Direct,none,true
L000796,2025-03-01 19:30:00,Noor,Pires,noor.pires@arclight.com,arclight.com,Display - Programmatic,retarget-display,false
L000797,2025-03-19 13:30:00,Arun,Nwosu,arun.nwosu@brightpath.com,brightpath.com,Display - Programmatic,contextual-b2b,false
L000798,2025-03-03 07:45:00,Malik,Bergstrom,malik.bergstrom@anvil.com,anvil.com,Display - Programmatic,retarget-display,true
L000799,2025-03-18 10:30:00,Margit,Novak,margit.novak@anvil.com,anvil.com,Display - Programmatic,contextual-b2b,false
L000800,2025-03-20 19:00:00,Cormac,Almeida,cormac.almeida@dovetail.com,dovetail.com,Display - Programmatic,retarget-display,false
L000801,2025-03-28 17:00:00,Jonas,Grant,jonas.grant@pinnacle.com,pinnacle.com,Display - Programmatic,contextual-b2b,false
L000802,2025-03-24 09:45:00,Darius,Bahri,darius.bahri@lumen.com,lumen.com,Display - Programmatic,retarget-display,false
L000803,2025-03-10 12:30:00,Callum,Kavanagh,callum.kavanagh@saltmarsh.com,saltmarsh.com,Display - Programmatic,retarget-display,false
L000804,2025-03-30 20:30:00,Kenji,Byrne,kenji.byrne@ridgeline.com,ridgeline.com,Display - Programmatic,retarget-display,false
L000805,2025-03-30 09:15:00,Siobhan,Byrne,siobhan.byrne@harborview.com,harborview.com,Display - Programmatic,retarget-display,false
L000806,2025-03-05 18:00:00,Adeola,Castellanos,adeola.castellanos@ridgeline.com,ridgeline.com,Display - Programmatic,contextual-b2b,false
L000807,2025-03-10 10:45:00,Peter,Farrell,peter.farrell@halcyon.com,halcyon.com,Display - Programmatic,retarget-display,false
L000808,2025-03-05 07:30:00,Malik,Moreau,malik.moreau@pinnacle.com,pinnacle.com,Display - Programmatic,retarget-display,false
L000809,2025-03-05 13:15:00,Ivo,Szabo,ivo.szabo@harborview.com,harborview.com,Display - Programmatic,contextual-b2b,false
L000810,2025-03-14 08:45:00,Yusuf,Lindqvist,yusuf.lindqvist@kestrel.com,kestrel.com,Display - Programmatic,contextual-b2b,false
L000811,2025-03-04 17:45:00,Grace,Raghunathan,grace.raghunathan@meridian.com,meridian.com,Display - Programmatic,contextual-b2b,false
L000812,2025-03-06 08:00:00,Hollis,Moreau,hollis.moreau@arclight.com,arclight.com,Display - Programmatic,contextual-b2b,false
L000813,2025-03-06 16:00:00,Malik,Demir,malik.demir@thornbury.com,thornbury.com,Display - Programmatic,contextual-b2b,false
L000814,2025-03-02 09:30:00,Lena,Bahri,lena.bahri@halcyon.com,halcyon.com,Display - Programmatic,retarget-display,false
L000815,2025-03-15 10:00:00,Grace,Vieira,grace.vieira@saltmarsh.com,saltmarsh.com,Display - Programmatic,contextual-b2b,false
L000816,2025-03-26 08:00:00,Grace,Castellanos,grace.castellanos@kestrel.com,kestrel.com,Display - Programmatic,contextual-b2b,false
L000817,2025-03-17 17:00:00,Estelle,Lindqvist,estelle.lindqvist@marlowe.com,marlowe.com,Display - Programmatic,retarget-display,false
L000818,2025-03-26 09:45:00,Lena,Doyle,lena.doyle@foxglove.com,foxglove.com,Display - Programmatic,contextual-b2b,false
L000819,2025-03-17 19:30:00,Callum,Horvat,callum.horvat@anvil.com,anvil.com,Display - Programmatic,contextual-b2b,false
L000820,2025-03-29 07:30:00,Priya,Okonkwo,priya.okonkwo@redwood.com,redwood.com,Display - Programmatic,contextual-b2b,false
L000821,2025-03-31 17:30:00,Peter,Bahri,peter.bahri@ferrous.com,ferrous.com,Display - Programmatic,retarget-display,false
L000822,2025-03-25 19:30:00,Noor,Petrov,noor.petrov@ferrous.com,ferrous.com,Display - Programmatic,retarget-display,false
L000823,2025-03-24 15:30:00,Darius,Castellanos,darius.castellanos@granitepeak.com,granitepeak.com,Display - Programmatic,retarget-display,false
L000824,2025-03-21 20:30:00,Tomas,Mulvaney,tomas.mulvaney@pinnacle.com,pinnacle.com,Display - Programmatic,retarget-display,false
L000825,2025-03-11 20:30:00,Renata,Ferreira,renata.ferreira@granitepeak.com,granitepeak.com,Display - Programmatic,retarget-display,false
L000826,2025-03-29 08:15:00,Hollis,Kavanagh,hollis.kavanagh@redwood.com,redwood.com,Display - Programmatic,retarget-display,false
L000827,2025-03-06 12:15:00,Malik,Haddad,malik.haddad@marlowe.com,marlowe.com,Display - Programmatic,contextual-b2b,false
L000828,2025-03-22 20:30:00,Adeola,Moreau,adeola.moreau@harborview.com,harborview.com,Display - Programmatic,contextual-b2b,false
L000829,2025-03-04 12:30:00,Darius,Kavanagh,darius.kavanagh@foxglove.com,foxglove.com,Display - Programmatic,retarget-display,false
L000830,2025-03-06 10:15:00,Rafael,Castellanos,rafael.castellanos@tessellate.com,tessellate.com,Display - Programmatic,retarget-display,false
L000831,2025-03-24 19:30:00,Estelle,Grant,estelle.grant@ridgeline.com,ridgeline.com,Display - Programmatic,retarget-display,false
L000832,2025-03-27 17:30:00,Adeola,Farrell,adeola.farrell@thornbury.com,thornbury.com,Display - Programmatic,contextual-b2b,false
L000833,2025-03-23 15:30:00,Margit,Horvat,margit.horvat@kestrel.com,kestrel.com,Display - Programmatic,retarget-display,false
L000834,2025-03-12 20:30:00,Priya,Krishnan,priya.krishnan@harborview.com,harborview.com,Display - Programmatic,retarget-display,false
L000835,2025-03-23 16:15:00,Priya,Watanabe,priya.watanabe@anvil.com,anvil.com,Display - Programmatic,retarget-display,false
L000836,2025-03-03 09:15:00,Adeola,Doyle,adeola.doyle@ironwood.com,ironwood.com,Display - Programmatic,contextual-b2b,false
L000837,2025-03-28 14:45:00,Alicia,Byrne,alicia.byrne@anvil.com,anvil.com,Display - Programmatic,retarget-display,false
L000838,2025-03-30 17:15:00,Renata,Petrov,renata.petrov@harborview.com,harborview.com,Display - Programmatic,retarget-display,false
L000839,2025-03-17 08:45:00,Arun,Raghunathan,arun.raghunathan@kestrel.com,kestrel.com,Display - Programmatic,retarget-display,false
L000840,2025-03-27 12:30:00,Siobhan,Almeida,siobhan.almeida@saltmarsh.com,saltmarsh.com,Display - Programmatic,contextual-b2b,false
L000841,2025-03-31 19:30:00,Siobhan,Almeida,siobhan.almeida@tessellate.com,tessellate.com,Display - Programmatic,retarget-display,false
L000842,2025-03-25 15:00:00,Ivo,Zhang,ivo.zhang@solvent.com,solvent.com,Display - Programmatic,contextual-b2b,false
L000843,2025-03-30 14:45:00,Hollis,Watanabe,hollis.watanabe@marlowe.com,marlowe.com,Display - Programmatic,retarget-display,false
L000844,2025-03-27 16:15:00,Tomas,Byrne,tomas.byrne@cascade.com,cascade.com,Display - Programmatic,contextual-b2b,false
L000845,2025-03-16 10:45:00,Marcus,Bahri,marcus.bahri@ironwood.com,ironwood.com,Display - Programmatic,retarget-display,false
L000846,2025-03-15 20:30:00,Malik,Ferreira,malik.ferreira@quarry.com,quarry.com,Display - Programmatic,contextual-b2b,false
L000847,2025-03-02 17:45:00,Cormac,Watanabe,cormac.watanabe@oakhurst.com,oakhurst.com,Display - Programmatic,retarget-display,false
L000848,2025-03-04 19:00:00,Arun,Iyer,arun.iyer@cascade.com,cascade.com,Display - Programmatic,retarget-display,false
L000849,2025-03-10 11:15:00,Tomas,Byrne,tomas.byrne@northwind.com,northwind.com,Display - Programmatic,contextual-b2b,false
L000850,2025-03-11 08:45:00,Malik,Iyer,malik.iyer@lumen.com,lumen.com,Display - Programmatic,retarget-display,false
L000851,2025-03-10 09:30:00,Renata,Raghunathan,renata.raghunathan@oakhurst.com,oakhurst.com,Display - Programmatic,contextual-b2b,false
L000852,2025-03-28 15:00:00,Alicia,Lindqvist,alicia.lindqvist@meridian.com,meridian.com,Display - Programmatic,contextual-b2b,false
L000853,2025-03-24 14:30:00,Ingrid,Lindqvist,ingrid.lindqvist@kestrel.com,kestrel.com,Display - Programmatic,contextual-b2b,false
L000854,2025-03-15 10:00:00,Callum,Almeida,callum.almeida@pinnacle.com,pinnacle.com,Display - Programmatic,retarget-display,false
L000855,2025-03-31 17:00:00,Cormac,Doyle,cormac.doyle@thornbury.com,thornbury.com,Display - Programmatic,retarget-display,false
L000856,2025-03-22 19:45:00,Adeola,Byrne,adeola.byrne@foxglove.com,foxglove.com,Display - Programmatic,contextual-b2b,false
L000857,2025-03-16 20:45:00,Adeola,Iyer,adeola.iyer@tessellate.com,tessellate.com,Display - Programmatic,retarget-display,false
L000858,2025-03-09 07:00:00,Renata,Whitfield,renata.whitfield@nimbus.com,nimbus.com,Display - Programmatic,contextual-b2b,false
L000859,2025-03-04 15:45:00,Cormac,Raghunathan,cormac.raghunathan@cascade.com,cascade.com,Display - Programmatic,retarget-display,false
L000860,2025-03-11 11:45:00,Malik,Horvat,malik.horvat@halcyon.com,halcyon.com,Display - Programmatic,retarget-display,false
L000861,2025-03-31 12:00:00,Lena,Moreau,lena.moreau@foxglove.com,foxglove.com,Display - Programmatic,contextual-b2b,false
L000862,2025-03-01 20:00:00,Ingrid,Zhang,ingrid.zhang@kestrel.com,kestrel.com,Display - Programmatic,contextual-b2b,false
L000863,2025-03-20 16:30:00,Yusuf,Whitfield,yusuf.whitfield@lumen.com,lumen.com,Display - Programmatic,retarget-display,false
L000864,2025-03-08 15:30:00,Elodie,Vieira,elodie.vieira@quillon.com,quillon.com,Display - Programmatic,contextual-b2b,false
L000865,2025-03-13 17:15:00,Margit,Okonkwo,margit.okonkwo@harborview.com,harborview.com,Display - Programmatic,retarget-display,false
L000866,2025-03-17 18:45:00,Alicia,Mulvaney,alicia.mulvaney@lumen.com,lumen.com,Display - Programmatic,retarget-display,false
L000867,2025-03-23 17:30:00,Rafael,Bahri,rafael.bahri@redwood.com,redwood.com,Display - Programmatic,contextual-b2b,false
L000868,2025-03-15 10:00:00,Malik,Okonkwo,malik.okonkwo@halcyon.com,halcyon.com,Display - Programmatic,retarget-display,false
L000869,2025-03-05 08:30:00,Peter,Whitfield,peter.whitfield@quillon.com,quillon.com,Display - Programmatic,contextual-b2b,false
L000870,2025-03-26 19:00:00,Elodie,Horvat,elodie.horvat@brightpath.com,brightpath.com,Display - Programmatic,retarget-display,false
L000871,2025-03-23 11:30:00,Beatriz,Ferreira,beatriz.ferreira@halcyon.com,halcyon.com,Display - Programmatic,retarget-display,false
L000872,2025-03-28 08:00:00,Arun,Mulvaney,arun.mulvaney@halcyon.com,halcyon.com,Display - Programmatic,retarget-display,false
L000873,2025-03-28 08:00:00,Anaya,Krishnan,anaya.krishnan@northwind.com,northwind.com,Display - Programmatic,contextual-b2b,false
L000874,2025-03-06 18:30:00,Mei,Ferreira,mei.ferreira@granitepeak.com,granitepeak.com,Display - Programmatic,retarget-display,false
L000875,2025-03-06 20:00:00,Siobhan,Raghunathan,siobhan.raghunathan@lumen.com,lumen.com,Display - Programmatic,contextual-b2b,false
L000876,2025-03-18 08:00:00,Omar,Nwosu,omar.nwosu@arclight.com,arclight.com,Display - Programmatic,retarget-display,false
L000877,2025-03-09 11:30:00,Ivo,Raghunathan,ivo.raghunathan@thornbury.com,thornbury.com,Display - Programmatic,retarget-display,false
L000878,2025-03-04 17:30:00,Omar,Iyer,omar.iyer@pinnacle.com,pinnacle.com,Display - Programmatic,contextual-b2b,false
L000879,2025-03-02 09:15:00,Priya,Okonkwo,priya.okonkwo@arclight.com,arclight.com,Display - Programmatic,contextual-b2b,false
L000880,2025-03-11 10:00:00,Priya,Grant,priya.grant@redwood.com,redwood.com,Display - Programmatic,contextual-b2b,false
L000881,2025-03-08 09:45:00,Cormac,Nwosu,cormac.nwosu@oakhurst.com,oakhurst.com,Display - Programmatic,contextual-b2b,false
L000882,2025-03-24 07:00:00,Rafael,Farrell,rafael.farrell@halcyon.com,halcyon.com,Display - Programmatic,contextual-b2b,false
L000883,2025-03-10 10:00:00,Estelle,Bahri,estelle.bahri@kestrel.com,kestrel.com,Display - Programmatic,contextual-b2b,false
L000884,2025-03-11 18:00:00,Cormac,Horvat,cormac.horvat@ironwood.com,ironwood.com,Display - Programmatic,contextual-b2b,false
L000885,2025-03-15 12:00:00,Darius,Haddad,darius.haddad@nimbus.com,nimbus.com,Display - Programmatic,contextual-b2b,false
L000886,2025-03-13 18:15:00,Margit,Raghunathan,margit.raghunathan@quarry.com,quarry.com,Display - Programmatic,retarget-display,false
L000887,2025-03-07 10:15:00,Omar,Kavanagh,omar.kavanagh@marlowe.com,marlowe.com,Display - Programmatic,contextual-b2b,false
L000888,2025-03-19 13:45:00,Marcus,Ferreira,marcus.ferreira@tessellate.com,tessellate.com,Display - Programmatic,contextual-b2b,false
L000889,2025-03-09 20:00:00,Hollis,Byrne,hollis.byrne@halcyon.com,halcyon.com,Display - Programmatic,retarget-display,false
L000890,2025-03-18 10:15:00,Estelle,Bergstrom,estelle.bergstrom@foxglove.com,foxglove.com,Display - Programmatic,contextual-b2b,false
L000891,2025-03-12 07:15:00,Noor,Pires,noor.pires@harborview.com,harborview.com,Display - Programmatic,retarget-display,false
L000892,2025-03-15 14:15:00,Peter,Kavanagh,peter.kavanagh@cascade.com,cascade.com,Display - Programmatic,retarget-display,false
L000893,2025-03-19 14:00:00,Kenji,Kavanagh,kenji.kavanagh@copperline.com,copperline.com,Paid Search - Brand,brand-exact,false
L000894,2025-03-12 11:00:00,Ivo,Horvat,ivo.horvat@meridian.com,meridian.com,Paid Search - Brand,brand-phrase,false
L000895,2025-03-15 17:45:00,Kenji,Haddad,kenji.haddad@halcyon.com,halcyon.com,Paid Search - Brand,brand-exact,false
L000896,2025-03-06 12:00:00,Malik,Watanabe,malik.watanabe@juniper.com,juniper.com,Paid Search - Brand,brand-exact,true
L000897,2025-03-06 12:15:00,Ivo,Ferreira,ivo.ferreira@ferrous.com,ferrous.com,Paid Search - Brand,brand-phrase,false
L000898,2025-03-17 12:30:00,Adeola,Zhang,adeola.zhang@ridgeline.com,ridgeline.com,Paid Search - Brand,brand-phrase,false
L000899,2025-03-13 13:15:00,Adeola,Castellanos,adeola.castellanos@brightpath.com,brightpath.com,Paid Search - Brand,brand-exact,false
L000900,2025-03-25 15:00:00,Darius,Bergstrom,darius.bergstrom@kestrel.com,kestrel.com,Paid Search - Brand,brand-exact,false
L000901,2025-03-28 08:30:00,Ingrid,Castellanos,ingrid.castellanos@kestrel.com,kestrel.com,Paid Search - Brand,brand-exact,false
L000902,2025-03-26 20:15:00,Rafael,Zhang,rafael.zhang@pinnacle.com,pinnacle.com,Paid Search - Brand,brand-phrase,false
L000903,2025-03-24 19:15:00,Hollis,Krishnan,hollis.krishnan@nimbus.com,nimbus.com,Paid Search - Brand,brand-phrase,false
L000904,2025-03-07 20:00:00,Ingrid,Grant,ingrid.grant@saltmarsh.com,saltmarsh.com,Paid Search - Brand,brand-phrase,false
L000905,2025-03-30 19:00:00,Estelle,Novak,estelle.novak@anvil.com,anvil.com,Paid Search - Brand,brand-exact,false
L000906,2025-03-21 20:30:00,Cormac,Bergstrom,cormac.bergstrom@dovetail.com,dovetail.com,Paid Search - Brand,brand-phrase,true
L000907,2025-03-27 11:30:00,Noor,Iyer,noor.iyer@tessellate.com,tessellate.com,Paid Search - Brand,brand-phrase,false
L000908,2025-03-30 09:00:00,Beatriz,Bergstrom,beatriz.bergstrom@northwind.com,northwind.com,Paid Search - Brand,brand-exact,false
L000909,2025-03-24 08:15:00,Beatriz,Nwosu,beatriz.nwosu@dovetail.com,dovetail.com,Paid Search - Brand,brand-phrase,false
L000910,2025-03-21 19:00:00,Hollis,Mulvaney,hollis.mulvaney@ember.com,ember.com,Paid Search - Brand,brand-exact,false
L000911,2025-03-02 13:30:00,Kenji,Krishnan,kenji.krishnan@meridian.com,meridian.com,Paid Search - Brand,brand-phrase,false
L000912,2025-03-27 14:15:00,Noor,Zhang,noor.zhang@anvil.com,anvil.com,Paid Search - Brand,brand-exact,false
L000913,2025-03-04 10:00:00,Rafael,Pires,rafael.pires@ferrous.com,ferrous.com,Paid Search - Brand,brand-exact,false
L000914,2025-03-21 07:00:00,Malik,Bergstrom,malik.bergstrom@northwind.com,northwind.com,Paid Search - Brand,brand-exact,false
L000915,2025-03-08 19:00:00,Margit,Almeida,margit.almeida@lumen.com,lumen.com,Paid Search - Brand,brand-phrase,true
L000916,2025-03-10 08:45:00,Peter,Lindqvist,peter.lindqvist@foxglove.com,foxglove.com,Paid Search - Brand,brand-phrase,false
L000917,2025-03-12 08:15:00,Noor,Bergstrom,noor.bergstrom@brightpath.com,brightpath.com,Paid Search - Brand,brand-exact,false
L000918,2025-03-07 07:15:00,Cormac,Krishnan,cormac.krishnan@lumen.com,lumen.com,Paid Search - Brand,brand-exact,false
L000919,2025-03-21 15:45:00,Ingrid,Petrov,ingrid.petrov@oakhurst.com,oakhurst.com,Paid Search - Brand,brand-exact,false
L000920,2025-03-13 20:15:00,Lena,Nwosu,lena.nwosu@arclight.com,arclight.com,Paid Search - Brand,brand-phrase,false
L000921,2025-03-06 09:00:00,Lena,Krishnan,lena.krishnan@juniper.com,juniper.com,Paid Search - Brand,brand-exact,true
L000922,2025-03-07 10:00:00,Hollis,Moreau,hollis.moreau@anvil.com,anvil.com,Paid Search - Brand,brand-phrase,false
L000923,2025-03-22 15:15:00,Margit,Bahri,margit.bahri@quarry.com,quarry.com,Paid Search - Brand,brand-exact,false
L000924,2025-03-23 16:15:00,Cormac,Aaltonen,cormac.aaltonen@anvil.com,anvil.com,Paid Search - Brand,brand-phrase,false
L000925,2025-03-26 20:00:00,Estelle,Almeida,estelle.almeida@anvil.com,anvil.com,Paid Search - Brand,brand-phrase,false
L000926,2025-03-13 14:00:00,Priya,Demir,priya.demir@marlowe.com,marlowe.com,Paid Search - Brand,brand-exact,false
L000927,2025-03-12 12:15:00,Estelle,Zhang,estelle.zhang@tessellate.com,tessellate.com,Paid Search - Brand,brand-exact,false
L000928,2025-03-12 09:45:00,Renata,Lindqvist,renata.lindqvist@cascade.com,cascade.com,Paid Search - Brand,brand-exact,false
L000929,2025-03-24 14:15:00,Jonas,Whitfield,jonas.whitfield@oakhurst.com,oakhurst.com,Paid Search - Brand,brand-phrase,false
L000930,2025-03-26 09:30:00,Ingrid,Haddad,ingrid.haddad@ferrous.com,ferrous.com,Paid Search - Brand,brand-phrase,false
L000931,2025-03-28 17:15:00,Alicia,Haddad,alicia.haddad@lumen.com,lumen.com,Paid Search - Brand,brand-exact,false
L000932,2025-03-06 08:45:00,Omar,Bergstrom,omar.bergstrom@juniper.com,juniper.com,Paid Search - Brand,brand-phrase,false
L000933,2025-03-20 11:15:00,Anaya,Vieira,anaya.vieira@brightpath.com,brightpath.com,Paid Search - Brand,brand-phrase,false
L000934,2025-03-13 14:30:00,Priya,Byrne,priya.byrne@thornbury.com,thornbury.com,Paid Search - Brand,brand-exact,false
L000935,2025-03-31 17:45:00,Omar,Bahri,omar.bahri@ferrous.com,ferrous.com,Paid Search - Brand,brand-exact,false
L000936,2025-03-31 19:00:00,Beatriz,Kavanagh,beatriz.kavanagh@quillon.com,quillon.com,Paid Search - Brand,brand-phrase,false
L000937,2025-03-09 12:45:00,Cormac,Kavanagh,cormac.kavanagh@ferrous.com,ferrous.com,Paid Search - Brand,brand-phrase,false
L000938,2025-03-15 18:00:00,Rafael,Bahri,rafael.bahri@harborview.com,harborview.com,Paid Search - Brand,brand-phrase,true
L000939,2025-03-18 20:30:00,Beatriz,Zhang,beatriz.zhang@tessellate.com,tessellate.com,Paid Search - Brand,brand-exact,false
L000940,2025-03-29 09:30:00,Noor,Okonkwo,noor.okonkwo@saltmarsh.com,saltmarsh.com,Paid Search - Brand,brand-exact,false
L000941,2025-03-26 19:00:00,Hollis,Krishnan,hollis.krishnan@marlowe.com,marlowe.com,Paid Search - Brand,brand-phrase,false
L000942,2025-03-02 09:30:00,Kenji,Bahri,kenji.bahri@ferrous.com,ferrous.com,Paid Search - Brand,brand-exact,false
L000943,2025-03-15 10:45:00,Margit,Bahri,margit.bahri@tessellate.com,tessellate.com,Paid Search - Brand,brand-exact,false
L000944,2025-03-23 20:30:00,Marcus,Farrell,marcus.farrell@pinnacle.com,pinnacle.com,Paid Search - Brand,brand-phrase,false
L000945,2025-03-17 10:30:00,Mei,Almeida,mei.almeida@foxglove.com,foxglove.com,Paid Search - Brand,brand-phrase,false
L000946,2025-03-07 10:15:00,Cormac,Zhang,cormac.zhang@granitepeak.com,granitepeak.com,Paid Search - Brand,brand-exact,false
L000947,2025-03-01 16:30:00,Priya,Demir,priya.demir@ridgeline.com,ridgeline.com,Paid Search - Brand,brand-phrase,false
L000948,2025-03-02 14:00:00,Alicia,Byrne,alicia.byrne@quillon.com,quillon.com,Paid Search - Brand,brand-phrase,false
L000949,2025-03-05 20:30:00,Kenji,Novak,kenji.novak@redwood.com,redwood.com,Paid Search - Brand,brand-exact,false
L000950,2025-03-20 16:45:00,Mei,Szabo,mei.szabo@ember.com,ember.com,Paid Search - Brand,brand-exact,false
L000951,2025-03-04 16:45:00,Arun,Bergstrom,arun.bergstrom@dovetail.com,dovetail.com,Paid Search - Brand,brand-exact,false
L000952,2025-03-03 10:30:00,Estelle,Bergstrom,estelle.bergstrom@lumen.com,lumen.com,Paid Search - Brand,brand-exact,false
L000953,2025-03-01 08:30:00,Margit,Castellanos,margit.castellanos@arclight.com,arclight.com,Paid Search - Brand,brand-phrase,false
L000954,2025-03-01 18:45:00,Beatriz,Castellanos,beatriz.castellanos@harborview.com,harborview.com,Paid Search - Brand,brand-phrase,false
L000955,2025-03-01 20:45:00,Adeola,Bergstrom,adeola.bergstrom@redwood.com,redwood.com,Paid Social - Meta,prospecting-lal,false
L000956,2025-03-09 18:00:00,Anaya,Byrne,anaya.byrne@northwind.com,northwind.com,Paid Social - Meta,mofu-retarget,false
L000957,2025-03-14 19:30:00,Margit,Byrne,margit.byrne@solvent.com,solvent.com,Paid Social - Meta,lead-form-broad,false
L000958,2025-03-17 19:45:00,Darius,Novak,darius.novak@pinnacle.com,pinnacle.com,Paid Social - Meta,prospecting-lal,false
L000959,2025-03-02 08:00:00,Callum,Mulvaney,callum.mulvaney@foxglove.com,foxglove.com,Paid Social - Meta,lead-form-broad,false
L000960,2025-03-07 19:30:00,Cormac,Nwosu,cormac.nwosu@foxglove.com,foxglove.com,Paid Social - Meta,prospecting-lal,false
L000961,2025-03-26 07:15:00,Mei,Okonkwo,mei.okonkwo@foxglove.com,foxglove.com,Paid Social - Meta,lead-form-broad,false
L000962,2025-03-13 20:15:00,Yusuf,Almeida,yusuf.almeida@juniper.com,juniper.com,Paid Social - Meta,mofu-retarget,false
L000963,2025-03-18 18:45:00,Darius,Okonkwo,darius.okonkwo@juniper.com,juniper.com,Paid Social - Meta,lead-form-broad,false
L000964,2025-03-03 08:15:00,Omar,Iyer,omar.iyer@pinnacle.com,pinnacle.com,Paid Social - Meta,lead-form-broad,false
L000965,2025-03-30 14:30:00,Kenji,Szabo,kenji.szabo@cascade.com,cascade.com,Paid Social - Meta,prospecting-lal,false
L000966,2025-03-15 17:15:00,Ivo,Grant,ivo.grant@lumen.com,lumen.com,Paid Social - Meta,mofu-retarget,false
L000967,2025-03-10 17:15:00,Cormac,Szabo,cormac.szabo@brightpath.com,brightpath.com,Paid Social - Meta,mofu-retarget,false
L000968,2025-03-29 13:45:00,Peter,Moreau,peter.moreau@pinnacle.com,pinnacle.com,Paid Social - Meta,mofu-retarget,false
L000969,2025-03-23 12:15:00,Arun,Kavanagh,arun.kavanagh@lumen.com,lumen.com,Paid Social - Meta,lead-form-broad,false
L000970,2025-03-19 17:45:00,Elodie,Watanabe,elodie.watanabe@ridgeline.com,ridgeline.com,Paid Social - Meta,prospecting-lal,false
L000971,2025-03-11 16:00:00,Ivo,Nwosu,ivo.nwosu@cascade.com,cascade.com,Paid Social - Meta,lead-form-broad,false
L000972,2025-03-02 10:00:00,Peter,Doyle,peter.doyle@oakhurst.com,oakhurst.com,Paid Social - Meta,lead-form-broad,false
L000973,2025-03-09 16:15:00,Malik,Pires,malik.pires@northwind.com,northwind.com,Paid Social - Meta,mofu-retarget,false
L000974,2025-03-07 19:15:00,Noor,Demir,noor.demir@harborview.com,harborview.com,Paid Social - Meta,prospecting-lal,false
L000975,2025-03-01 20:30:00,Jonas,Almeida,jonas.almeida@kestrel.com,kestrel.com,Paid Social - Meta,prospecting-lal,false
L000976,2025-03-23 10:00:00,Priya,Okonkwo,priya.okonkwo@northwind.com,northwind.com,Paid Social - Meta,lead-form-broad,true
L000977,2025-03-17 18:15:00,Siobhan,Farrell,siobhan.farrell@quarry.com,quarry.com,Paid Social - Meta,mofu-retarget,false
L000978,2025-03-17 11:45:00,Arun,Nwosu,arun.nwosu@copperline.com,copperline.com,Paid Social - Meta,lead-form-broad,false
L000979,2025-03-12 11:45:00,Grace,Iyer,grace.iyer@harborview.com,harborview.com,Paid Social - Meta,lead-form-broad,false
L000980,2025-03-13 12:00:00,Darius,Mulvaney,darius.mulvaney@kestrel.com,kestrel.com,Paid Social - Meta,lead-form-broad,false
L000981,2025-03-18 13:15:00,Alicia,Iyer,alicia.iyer@marlowe.com,marlowe.com,Paid Social - Meta,prospecting-lal,false
L000982,2025-03-04 20:00:00,Yusuf,Moreau,yusuf.moreau@ferrous.com,ferrous.com,Paid Social - Meta,lead-form-broad,true
L000983,2025-03-17 07:30:00,Anaya,Bergstrom,anaya.bergstrom@redwood.com,redwood.com,Paid Social - Meta,lead-form-broad,false
L000984,2025-03-05 15:30:00,Margit,Haddad,margit.haddad@meridian.com,meridian.com,Paid Social - Meta,mofu-retarget,false
L000985,2025-03-14 08:30:00,Kenji,Vieira,kenji.vieira@oakhurst.com,oakhurst.com,Paid Social - Meta,lead-form-broad,false
L000986,2025-03-17 11:30:00,Arun,Kavanagh,arun.kavanagh@copperline.com,copperline.com,Paid Social - Meta,lead-form-broad,false
L000987,2025-03-07 12:15:00,Peter,Kavanagh,peter.kavanagh@northwind.com,northwind.com,Paid Social - Meta,prospecting-lal,false
L000988,2025-03-23 17:00:00,Lena,Nwosu,lena.nwosu@granitepeak.com,granitepeak.com,Paid Social - Meta,mofu-retarget,false
L000989,2025-03-21 20:00:00,Jonas,Farrell,jonas.farrell@northwind.com,northwind.com,Paid Social - Meta,mofu-retarget,false
L000990,2025-03-07 12:15:00,Anaya,Petrov,anaya.petrov@redwood.com,redwood.com,Paid Social - Meta,lead-form-broad,false
L000991,2025-03-04 07:45:00,Alicia,Mulvaney,alicia.mulvaney@nimbus.com,nimbus.com,Paid Social - Meta,lead-form-broad,false
L000992,2025-03-24 20:00:00,Elodie,Moreau,elodie.moreau@ferrous.com,ferrous.com,Paid Social - Meta,mofu-retarget,false
L000993,2025-03-03 16:15:00,Ingrid,Watanabe,ingrid.watanabe@cascade.com,cascade.com,Paid Social - Meta,mofu-retarget,false
L000994,2025-03-09 11:45:00,Tomas,Lindqvist,tomas.lindqvist@arclight.com,arclight.com,Paid Social - Meta,mofu-retarget,false
L000995,2025-03-05 14:15:00,Omar,Castellanos,omar.castellanos@anvil.com,anvil.com,Paid Social - Meta,prospecting-lal,false
L000996,2025-03-24 18:00:00,Renata,Moreau,renata.moreau@copperline.com,copperline.com,Paid Social - Meta,lead-form-broad,false
L000997,2025-03-13 10:30:00,Alicia,Pires,alicia.pires@solvent.com,solvent.com,Paid Social - Meta,prospecting-lal,false
L000998,2025-03-24 08:00:00,Peter,Szabo,peter.szabo@meridian.com,meridian.com,Paid Social - Meta,prospecting-lal,false
L000999,2025-03-11 19:45:00,Hollis,Castellanos,hollis.castellanos@tessellate.com,tessellate.com,Paid Social - Meta,lead-form-broad,false
L001000,2025-03-16 18:00:00,Yusuf,Krishnan,yusuf.krishnan@oakhurst.com,oakhurst.com,Paid Social - Meta,lead-form-broad,false
L001001,2025-03-03 10:00:00,Ingrid,Nwosu,ingrid.nwosu@kestrel.com,kestrel.com,Paid Social - Meta,mofu-retarget,false
L001002,2025-03-12 10:00:00,Mei,Kavanagh,mei.kavanagh@thornbury.com,thornbury.com,Paid Social - Meta,prospecting-lal,false
L001003,2025-03-17 18:45:00,Rafael,Doyle,rafael.doyle@nimbus.com,nimbus.com,Paid Social - Meta,prospecting-lal,false
L001004,2025-03-08 16:00:00,Adeola,Haddad,adeola.haddad@tessellate.com,tessellate.com,Paid Social - Meta,lead-form-broad,false
L001005,2025-03-02 10:00:00,Grace,Castellanos,grace.castellanos@ironwood.com,ironwood.com,Paid Social - Meta,lead-form-broad,false
L001006,2025-03-13 19:00:00,Adeola,Castellanos,adeola.castellanos@copperline.com,copperline.com,Paid Social - Meta,mofu-retarget,false
L001007,2025-03-17 16:00:00,Adeola,Raghunathan,adeola.raghunathan@arclight.com,arclight.com,Paid Social - Meta,prospecting-lal,false
L001008,2025-03-07 14:30:00,Noor,Zhang,noor.zhang@dovetail.com,dovetail.com,Paid Social - Meta,prospecting-lal,false
L001009,2025-03-19 12:15:00,Margit,Iyer,margit.iyer@arclight.com,arclight.com,Paid Social - Meta,mofu-retarget,true
L001010,2025-03-06 19:30:00,Alicia,Lindqvist,alicia.lindqvist@halcyon.com,halcyon.com,Paid Social - Meta,lead-form-broad,false
L001011,2025-03-17 13:00:00,Malik,Krishnan,malik.krishnan@pinnacle.com,pinnacle.com,Paid Social - Meta,mofu-retarget,false
L001012,2025-03-25 14:00:00,Estelle,Aaltonen,estelle.aaltonen@dovetail.com,dovetail.com,Paid Social - Meta,mofu-retarget,false
L001013,2025-03-28 10:30:00,Estelle,Watanabe,estelle.watanabe@marlowe.com,marlowe.com,Paid Social - Meta,lead-form-broad,false
L001014,2025-03-31 11:45:00,Lena,Aaltonen,lena.aaltonen@marlowe.com,marlowe.com,Paid Social - Meta,lead-form-broad,false
L001015,2025-03-26 20:30:00,Anaya,Moreau,anaya.moreau@arclight.com,arclight.com,Paid Social - Meta,lead-form-broad,false
L001016,2025-03-07 08:15:00,Callum,Raghunathan,callum.raghunathan@tessellate.com,tessellate.com,Paid Social - Meta,lead-form-broad,false
L001017,2025-03-31 17:30:00,Lena,Petrov,lena.petrov@brightpath.com,brightpath.com,Paid Social - Meta,lead-form-broad,false
L001018,2025-03-28 20:00:00,Cormac,Krishnan,cormac.krishnan@pinnacle.com,pinnacle.com,Paid Social - Meta,prospecting-lal,true
L001019,2025-03-11 16:15:00,Estelle,Castellanos,estelle.castellanos@meridian.com,meridian.com,Paid Social - Meta,lead-form-broad,false
L001020,2025-03-09 10:30:00,Priya,Byrne,priya.byrne@juniper.com,juniper.com,Paid Social - Meta,prospecting-lal,false
L001021,2025-03-06 15:15:00,Siobhan,Demir,siobhan.demir@tessellate.com,tessellate.com,Paid Social - Meta,prospecting-lal,false
L001022,2025-03-21 11:00:00,Renata,Novak,renata.novak@lumen.com,lumen.com,Paid Social - Meta,prospecting-lal,false
L001023,2025-03-28 16:45:00,Anaya,Farrell,anaya.farrell@kestrel.com,kestrel.com,Paid Social - Meta,lead-form-broad,false
L001024,2025-03-01 16:15:00,Tomas,Ferreira,tomas.ferreira@ironwood.com,ironwood.com,Paid Social - Meta,mofu-retarget,false
L001025,2025-03-28 08:15:00,Margit,Watanabe,margit.watanabe@quarry.com,quarry.com,Paid Social - Meta,prospecting-lal,false
L001026,2025-03-07 09:15:00,Elodie,Szabo,elodie.szabo@juniper.com,juniper.com,Paid Social - Meta,prospecting-lal,false
L001027,2025-03-11 07:15:00,Darius,Nwosu,darius.nwosu@ironwood.com,ironwood.com,Paid Social - Meta,prospecting-lal,false
L001028,2025-03-30 10:15:00,Elodie,Haddad,elodie.haddad@saltmarsh.com,saltmarsh.com,Paid Social - Meta,prospecting-lal,false
L001029,2025-03-28 07:15:00,Callum,Horvat,callum.horvat@meridian.com,meridian.com,Paid Social - Meta,lead-form-broad,false
L001030,2025-03-09 09:30:00,Cormac,Nwosu,cormac.nwosu@marlowe.com,marlowe.com,Paid Social - Meta,lead-form-broad,false
L001031,2025-03-23 20:30:00,Anaya,Kavanagh,anaya.kavanagh@brightpath.com,brightpath.com,Paid Social - Meta,mofu-retarget,false
L001032,2025-03-08 11:30:00,Yusuf,Krishnan,yusuf.krishnan@oakhurst.com,oakhurst.com,Paid Social - Meta,lead-form-broad,false
L001033,2025-03-26 19:00:00,Jonas,Doyle,jonas.doyle@thornbury.com,thornbury.com,Paid Social - Meta,mofu-retarget,false
L001034,2025-03-11 15:30:00,Peter,Aaltonen,peter.aaltonen@halcyon.com,halcyon.com,Paid Social - Meta,prospecting-lal,false
L001035,2025-03-21 12:15:00,Siobhan,Okonkwo,siobhan.okonkwo@harborview.com,harborview.com,Paid Social - Meta,lead-form-broad,false
L001036,2025-03-05 14:45:00,Malik,Byrne,malik.byrne@cascade.com,cascade.com,Paid Social - Meta,lead-form-broad,false
L001037,2025-03-23 16:00:00,Omar,Iyer,omar.iyer@ember.com,ember.com,Paid Social - Meta,lead-form-broad,false
L001038,2025-03-13 14:00:00,Adeola,Bahri,adeola.bahri@ember.com,ember.com,Paid Social - Meta,prospecting-lal,false
L001039,2025-03-12 14:30:00,Callum,Iyer,callum.iyer@ironwood.com,ironwood.com,Paid Social - Meta,lead-form-broad,false
L001040,2025-03-05 08:30:00,Peter,Bahri,peter.bahri@kestrel.com,kestrel.com,Paid Social - Meta,prospecting-lal,false
L001041,2025-03-26 11:45:00,Grace,Aaltonen,grace.aaltonen@nimbus.com,nimbus.com,Paid Social - Meta,lead-form-broad,false
L001042,2025-03-05 17:45:00,Callum,Kavanagh,callum.kavanagh@marlowe.com,marlowe.com,Paid Social - Meta,lead-form-broad,false
L001043,2025-03-04 19:00:00,Estelle,Bahri,estelle.bahri@meridian.com,meridian.com,Paid Social - Meta,prospecting-lal,false
L001044,2025-03-23 18:00:00,Adeola,Whitfield,adeola.whitfield@saltmarsh.com,saltmarsh.com,Paid Social - Meta,lead-form-broad,false
L001045,2025-03-24 15:00:00,Darius,Demir,darius.demir@juniper.com,juniper.com,Paid Social - Meta,prospecting-lal,false
L001046,2025-03-20 11:15:00,Marcus,Whitfield,marcus.whitfield@meridian.com,meridian.com,Paid Social - Meta,lead-form-broad,false
L001047,2025-03-05 17:45:00,Tomas,Ferreira,tomas.ferreira@copperline.com,copperline.com,Paid Social - Meta,prospecting-lal,false
L001048,2025-03-10 10:00:00,Darius,Kavanagh,darius.kavanagh@cascade.com,cascade.com,Paid Social - Meta,lead-form-broad,false
L001049,2025-03-03 14:00:00,Tomas,Mulvaney,tomas.mulvaney@cascade.com,cascade.com,Paid Social - Meta,lead-form-broad,false
L001050,2025-03-01 13:45:00,Estelle,Zhang,estelle.zhang@nimbus.com,nimbus.com,Paid Social - Meta,lead-form-broad,false
L001051,2025-03-03 15:45:00,Renata,Doyle,renata.doyle@harborview.com,harborview.com,Paid Social - Meta,prospecting-lal,false
L001052,2025-03-22 17:15:00,Yusuf,Byrne,yusuf.byrne@ironwood.com,ironwood.com,Paid Social - Meta,prospecting-lal,false
L001053,2025-03-07 17:30:00,Arun,Grant,arun.grant@marlowe.com,marlowe.com,Paid Social - Meta,prospecting-lal,false
L001054,2025-03-08 08:00:00,Mei,Nwosu,mei.nwosu@cascade.com,cascade.com,Paid Social - Meta,prospecting-lal,false
L001055,2025-03-15 14:00:00,Arun,Bergstrom,arun.bergstrom@marlowe.com,marlowe.com,Paid Social - Meta,lead-form-broad,false
L001056,2025-03-31 07:15:00,Peter,Mulvaney,peter.mulvaney@granitepeak.com,granitepeak.com,Paid Social - Meta,lead-form-broad,false
L001057,2025-03-04 09:00:00,Siobhan,Almeida,siobhan.almeida@juniper.com,juniper.com,Paid Social - Meta,lead-form-broad,false
L001058,2025-03-14 18:30:00,Ingrid,Novak,ingrid.novak@copperline.com,copperline.com,Paid Social - Meta,mofu-retarget,false
L001059,2025-03-15 15:45:00,Kenji,Pires,kenji.pires@ironwood.com,ironwood.com,Paid Social - Meta,lead-form-broad,false
L001060,2025-03-28 11:00:00,Kenji,Ferreira,kenji.ferreira@ferrous.com,ferrous.com,Paid Social - Meta,lead-form-broad,false
L001061,2025-03-16 17:45:00,Tomas,Szabo,tomas.szabo@harborview.com,harborview.com,Paid Social - Meta,prospecting-lal,false
L001062,2025-03-27 07:15:00,Priya,Bergstrom,priya.bergstrom@saltmarsh.com,saltmarsh.com,Paid Social - Meta,prospecting-lal,false
L001063,2025-03-16 20:15:00,Kenji,Zhang,kenji.zhang@nimbus.com,nimbus.com,Paid Social - Meta,prospecting-lal,false
L001064,2025-03-04 18:45:00,Lena,Aaltonen,lena.aaltonen@halcyon.com,halcyon.com,Paid Social - Meta,prospecting-lal,false
L001065,2025-03-31 08:15:00,Adeola,Mulvaney,adeola.mulvaney@ridgeline.com,ridgeline.com,Paid Social - Meta,mofu-retarget,false
L001066,2025-03-14 12:30:00,Ivo,Haddad,ivo.haddad@quillon.com,quillon.com,Paid Social - Meta,mofu-retarget,false
L001067,2025-03-02 15:00:00,Elodie,Almeida,elodie.almeida@nimbus.com,nimbus.com,Paid Social - Meta,lead-form-broad,true
L001068,2025-03-29 18:15:00,Anaya,Szabo,anaya.szabo@pinnacle.com,pinnacle.com,Paid Social - Meta,prospecting-lal,false
L001069,2025-03-23 09:30:00,Omar,Krishnan,omar.krishnan@brightpath.com,brightpath.com,Paid Social - Meta,mofu-retarget,false
L001070,2025-03-08 08:45:00,Darius,Mulvaney,darius.mulvaney@anvil.com,anvil.com,Paid Social - Meta,mofu-retarget,false
L001071,2025-03-21 07:15:00,Tomas,Raghunathan,tomas.raghunathan@nimbus.com,nimbus.com,Paid Social - Meta,lead-form-broad,false
L001072,2025-03-23 17:15:00,Anaya,Ferreira,anaya.ferreira@harborview.com,harborview.com,Paid Social - Meta,prospecting-lal,false
L001073,2025-03-15 20:45:00,Beatriz,Doyle,beatriz.doyle@granitepeak.com,granitepeak.com,Paid Social - Meta,prospecting-lal,false
L001074,2025-03-28 15:15:00,Marcus,Raghunathan,marcus.raghunathan@redwood.com,redwood.com,Paid Social - Meta,lead-form-broad,false
L001075,2025-03-09 16:45:00,Siobhan,Iyer,siobhan.iyer@oakhurst.com,oakhurst.com,Paid Social - Meta,mofu-retarget,false
L001076,2025-03-25 07:30:00,Estelle,Novak,estelle.novak@foxglove.com,foxglove.com,Paid Social - Meta,lead-form-broad,false
L001077,2025-03-14 13:45:00,Elodie,Grant,elodie.grant@harborview.com,harborview.com,Paid Social - Meta,lead-form-broad,false
L001078,2025-03-19 14:30:00,Ingrid,Kavanagh,ingrid.kavanagh@cascade.com,cascade.com,Paid Social - Meta,mofu-retarget,false
L001079,2025-03-18 20:45:00,Kenji,Lindqvist,kenji.lindqvist@ember.com,ember.com,Paid Social - Meta,mofu-retarget,false
L001080,2025-03-30 12:30:00,Estelle,Moreau,estelle.moreau@meridian.com,meridian.com,Paid Social - Meta,prospecting-lal,false
L001081,2025-03-21 19:30:00,Renata,Demir,renata.demir@saltmarsh.com,saltmarsh.com,Paid Social - Meta,lead-form-broad,false
L001082,2025-03-12 19:00:00,Margit,Pires,margit.pires@brightpath.com,brightpath.com,Paid Social - Meta,prospecting-lal,false
L001083,2025-03-24 12:30:00,Kenji,Castellanos,kenji.castellanos@nimbus.com,nimbus.com,Paid Social - Meta,prospecting-lal,false
L001084,2025-03-24 08:00:00,Arun,Bergstrom,arun.bergstrom@northwind.com,northwind.com,Paid Social - Meta,lead-form-broad,false
L001085,2025-03-07 17:00:00,Siobhan,Okonkwo,siobhan.okonkwo@marlowe.com,marlowe.com,Paid Social - Meta,prospecting-lal,false
L001086,2025-03-09 10:15:00,Margit,Pires,margit.pires@halcyon.com,halcyon.com,Paid Social - Meta,mofu-retarget,false
L001087,2025-03-24 15:45:00,Lena,Petrov,lena.petrov@solvent.com,solvent.com,Paid Social - Meta,prospecting-lal,true
L001088,2025-03-24 16:30:00,Ivo,Bergstrom,ivo.bergstrom@granitepeak.com,granitepeak.com,Paid Social - Meta,lead-form-broad,false
L001089,2025-03-09 14:15:00,Cormac,Moreau,cormac.moreau@harborview.com,harborview.com,Paid Social - Meta,mofu-retarget,false
L001090,2025-03-18 19:45:00,Jonas,Bahri,jonas.bahri@pinnacle.com,pinnacle.com,Paid Social - Meta,mofu-retarget,false
L001091,2025-03-21 20:30:00,Alicia,Almeida,alicia.almeida@ember.com,ember.com,Paid Social - Meta,mofu-retarget,false
L001092,2025-03-27 08:15:00,Callum,Almeida,callum.almeida@ferrous.com,ferrous.com,Paid Social - Meta,mofu-retarget,false
L001093,2025-03-17 18:30:00,Priya,Doyle,priya.doyle@thornbury.com,thornbury.com,Paid Social - Meta,lead-form-broad,false
L001094,2025-03-10 18:45:00,Omar,Vieira,omar.vieira@foxglove.com,foxglove.com,Paid Social - Meta,mofu-retarget,false
L001095,2025-03-26 17:00:00,Ivo,Bergstrom,ivo.bergstrom@lumen.com,lumen.com,Paid Social - Meta,prospecting-lal,false
L001096,2025-03-08 16:15:00,Grace,Vieira,grace.vieira@cascade.com,cascade.com,Paid Social - Meta,prospecting-lal,false
L001097,2025-03-08 18:45:00,Alicia,Iyer,alicia.iyer@redwood.com,redwood.com,Paid Social - Meta,lead-form-broad,false
L001098,2025-03-06 19:15:00,Adeola,Szabo,adeola.szabo@lumen.com,lumen.com,Paid Social - Meta,mofu-retarget,false
L001099,2025-03-09 07:00:00,Malik,Grant,malik.grant@cascade.com,cascade.com,Paid Social - Meta,prospecting-lal,false
L001100,2025-03-05 09:00:00,Elodie,Farrell,elodie.farrell@copperline.com,copperline.com,Paid Social - Meta,prospecting-lal,false
L001101,2025-03-22 16:15:00,Marcus,Haddad,marcus.haddad@ferrous.com,ferrous.com,Paid Social - Meta,lead-form-broad,false
L001102,2025-03-06 16:45:00,Estelle,Doyle,estelle.doyle@ferrous.com,ferrous.com,Paid Social - Meta,lead-form-broad,false
L001103,2025-03-29 15:30:00,Adeola,Castellanos,adeola.castellanos@quarry.com,quarry.com,Paid Social - Meta,prospecting-lal,false
L001104,2025-03-26 08:30:00,Peter,Almeida,peter.almeida@dovetail.com,dovetail.com,Paid Social - Meta,prospecting-lal,false
L001105,2025-03-18 18:00:00,Peter,Moreau,peter.moreau@quarry.com,quarry.com,Paid Social - Meta,prospecting-lal,false
L001106,2025-03-27 07:15:00,Estelle,Petrov,estelle.petrov@granitepeak.com,granitepeak.com,Paid Social - Meta,lead-form-broad,false
L001107,2025-03-27 09:00:00,Darius,Iyer,darius.iyer@juniper.com,juniper.com,Paid Social - Meta,lead-form-broad,false
L001108,2025-03-24 15:00:00,Mei,Kavanagh,mei.kavanagh@ironwood.com,ironwood.com,Paid Social - Meta,mofu-retarget,true
L001109,2025-03-03 14:45:00,Rafael,Iyer,rafael.iyer@tessellate.com,tessellate.com,Paid Social - Meta,mofu-retarget,false
L001110,2025-03-23 19:00:00,Elodie,Ferreira,elodie.ferreira@dovetail.com,dovetail.com,Paid Social - Meta,mofu-retarget,false
L001111,2025-03-18 15:00:00,Callum,Pires,callum.pires@tessellate.com,tessellate.com,Paid Social - Meta,lead-form-broad,false
L001112,2025-03-04 17:00:00,Adeola,Nwosu,adeola.nwosu@ironwood.com,ironwood.com,Paid Social - Meta,lead-form-broad,false
L001113,2025-03-11 19:45:00,Malik,Watanabe,malik.watanabe@brightpath.com,brightpath.com,Paid Social - Meta,prospecting-lal,false
L001114,2025-03-04 07:30:00,Kenji,Okonkwo,kenji.okonkwo@solvent.com,solvent.com,Paid Social - Meta,lead-form-broad,false
L001115,2025-03-30 12:45:00,Peter,Vieira,peter.vieira@oakhurst.com,oakhurst.com,Paid Social - Meta,mofu-retarget,false
L001116,2025-03-07 09:00:00,Anaya,Krishnan,anaya.krishnan@solvent.com,solvent.com,Paid Social - Meta,lead-form-broad,false
L001117,2025-03-05 11:45:00,Hollis,Mulvaney,hollis.mulvaney@saltmarsh.com,saltmarsh.com,Paid Social - Meta,prospecting-lal,false
L001118,2025-03-07 12:15:00,Estelle,Haddad,estelle.haddad@cascade.com,cascade.com,Paid Social - Meta,prospecting-lal,false
L001119,2025-03-25 18:15:00,Hollis,Novak,hollis.novak@lumen.com,lumen.com,Paid Social - Meta,mofu-retarget,false
L001120,2025-03-29 19:30:00,Estelle,Okonkwo,estelle.okonkwo@ferrous.com,ferrous.com,Paid Social - Meta,mofu-retarget,true
L001121,2025-03-12 08:15:00,Marcus,Iyer,marcus.iyer@cascade.com,cascade.com,Paid Social - Meta,prospecting-lal,false
L001122,2025-03-15 16:15:00,Jonas,Novak,jonas.novak@arclight.com,arclight.com,Paid Social - Meta,lead-form-broad,false
L001123,2025-03-17 10:15:00,Anaya,Bergstrom,anaya.bergstrom@foxglove.com,foxglove.com,Paid Social - Meta,lead-form-broad,false
L001124,2025-03-09 17:45:00,Jonas,Bahri,jonas.bahri@quarry.com,quarry.com,Paid Social - Meta,prospecting-lal,false
L001125,2025-03-09 13:00:00,Mei,Farrell,mei.farrell@arclight.com,arclight.com,Paid Search - Non-Brand,competitor-terms,false
L001126,2025-03-17 16:45:00,Yusuf,Whitfield,yusuf.whitfield@nimbus.com,nimbus.com,Paid Search - Non-Brand,category-terms,false
L001127,2025-03-29 19:15:00,Mei,Krishnan,mei.krishnan@ember.com,ember.com,Paid Search - Non-Brand,solution-terms,false
L001128,2025-03-16 13:30:00,Peter,Mulvaney,peter.mulvaney@lumen.com,lumen.com,Paid Search - Non-Brand,category-terms,false
L001129,2025-03-02 17:00:00,Margit,Castellanos,margit.castellanos@cascade.com,cascade.com,Paid Search - Non-Brand,category-terms,false
L001130,2025-03-13 17:45:00,Noor,Vieira,noor.vieira@northwind.com,northwind.com,Paid Search - Non-Brand,solution-terms,false
L001131,2025-03-16 07:45:00,Jonas,Nwosu,jonas.nwosu@ironwood.com,ironwood.com,Paid Search - Non-Brand,category-terms,false
L001132,2025-03-01 16:30:00,Kenji,Szabo,kenji.szabo@copperline.com,copperline.com,Paid Search - Non-Brand,category-terms,false
L001133,2025-03-21 14:30:00,Darius,Horvat,darius.horvat@lumen.com,lumen.com,Paid Search - Non-Brand,competitor-terms,true
L001134,2025-03-09 07:15:00,Renata,Raghunathan,renata.raghunathan@meridian.com,meridian.com,Paid Search - Non-Brand,category-terms,false
L001135,2025-03-18 16:30:00,Cormac,Ferreira,cormac.ferreira@marlowe.com,marlowe.com,Paid Search - Non-Brand,competitor-terms,false
L001136,2025-03-28 07:30:00,Jonas,Horvat,jonas.horvat@cascade.com,cascade.com,Paid Search - Non-Brand,competitor-terms,false
L001137,2025-03-26 19:30:00,Hollis,Raghunathan,hollis.raghunathan@kestrel.com,kestrel.com,Paid Search - Non-Brand,competitor-terms,false
L001138,2025-03-20 14:45:00,Renata,Raghunathan,renata.raghunathan@meridian.com,meridian.com,Paid Search - Non-Brand,solution-terms,false
L001139,2025-03-29 16:00:00,Beatriz,Ferreira,beatriz.ferreira@ferrous.com,ferrous.com,Paid Search - Non-Brand,solution-terms,false
L001140,2025-03-31 16:00:00,Arun,Kavanagh,arun.kavanagh@ridgeline.com,ridgeline.com,Paid Search - Non-Brand,solution-terms,false
L001141,2025-03-04 14:30:00,Marcus,Moreau,marcus.moreau@copperline.com,copperline.com,Paid Search - Non-Brand,solution-terms,false
L001142,2025-03-28 11:00:00,Ivo,Pires,ivo.pires@marlowe.com,marlowe.com,Paid Search - Non-Brand,solution-terms,false
L001143,2025-03-03 08:15:00,Lena,Kavanagh,lena.kavanagh@cascade.com,cascade.com,Paid Search - Non-Brand,solution-terms,true
L001144,2025-03-22 14:30:00,Mei,Haddad,mei.haddad@ferrous.com,ferrous.com,Paid Search - Non-Brand,solution-terms,false
L001145,2025-03-04 19:30:00,Noor,Castellanos,noor.castellanos@kestrel.com,kestrel.com,Paid Search - Non-Brand,category-terms,false
L001146,2025-03-11 15:00:00,Priya,Haddad,priya.haddad@saltmarsh.com,saltmarsh.com,Paid Search - Non-Brand,category-terms,false
L001147,2025-03-02 13:45:00,Priya,Raghunathan,priya.raghunathan@brightpath.com,brightpath.com,Paid Search - Non-Brand,competitor-terms,false
L001148,2025-03-31 20:45:00,Mei,Raghunathan,mei.raghunathan@tessellate.com,tessellate.com,Paid Search - Non-Brand,competitor-terms,false
L001149,2025-03-26 14:30:00,Renata,Nwosu,renata.nwosu@ridgeline.com,ridgeline.com,Paid Search - Non-Brand,solution-terms,true
L001150,2025-03-13 11:45:00,Siobhan,Watanabe,siobhan.watanabe@nimbus.com,nimbus.com,Paid Search - Non-Brand,category-terms,false
L001151,2025-03-02 09:45:00,Peter,Whitfield,peter.whitfield@harborview.com,harborview.com,Paid Search - Non-Brand,competitor-terms,false
L001152,2025-03-10 11:30:00,Mei,Bahri,mei.bahri@tessellate.com,tessellate.com,Paid Search - Non-Brand,solution-terms,false
L001153,2025-03-11 16:45:00,Lena,Szabo,lena.szabo@ferrous.com,ferrous.com,Paid Search - Non-Brand,category-terms,false
L001154,2025-03-02 18:15:00,Estelle,Nwosu,estelle.nwosu@marlowe.com,marlowe.com,Paid Search - Non-Brand,solution-terms,false
L001155,2025-03-25 07:45:00,Siobhan,Grant,siobhan.grant@redwood.com,redwood.com,Paid Search - Non-Brand,solution-terms,false
L001156,2025-03-12 17:15:00,Jonas,Pires,jonas.pires@northwind.com,northwind.com,Paid Search - Non-Brand,solution-terms,true
L001157,2025-03-30 17:30:00,Arun,Szabo,arun.szabo@thornbury.com,thornbury.com,Paid Search - Non-Brand,solution-terms,false
L001158,2025-03-30 19:15:00,Lena,Grant,lena.grant@kestrel.com,kestrel.com,Paid Search - Non-Brand,category-terms,false
L001159,2025-03-03 16:45:00,Darius,Ferreira,darius.ferreira@meridian.com,meridian.com,Paid Search - Non-Brand,competitor-terms,false
L001160,2025-03-15 13:00:00,Beatriz,Pires,beatriz.pires@ember.com,ember.com,Paid Search - Non-Brand,solution-terms,false
L001161,2025-03-17 11:45:00,Noor,Grant,noor.grant@halcyon.com,halcyon.com,Paid Search - Non-Brand,solution-terms,false
L001162,2025-03-17 17:15:00,Mei,Haddad,mei.haddad@lumen.com,lumen.com,Paid Search - Non-Brand,solution-terms,false
L001163,2025-03-10 18:45:00,Darius,Aaltonen,darius.aaltonen@ridgeline.com,ridgeline.com,Paid Search - Non-Brand,solution-terms,false
L001164,2025-03-03 12:15:00,Ingrid,Petrov,ingrid.petrov@quarry.com,quarry.com,Paid Search - Non-Brand,category-terms,false
L001165,2025-03-09 12:15:00,Kenji,Vieira,kenji.vieira@harborview.com,harborview.com,Paid Search - Non-Brand,category-terms,false
L001166,2025-03-21 10:15:00,Marcus,Whitfield,marcus.whitfield@juniper.com,juniper.com,Paid Search - Non-Brand,solution-terms,false
L001167,2025-03-04 20:45:00,Peter,Novak,peter.novak@granitepeak.com,granitepeak.com,Paid Search - Non-Brand,competitor-terms,false
L001168,2025-03-17 09:30:00,Omar,Mulvaney,omar.mulvaney@solvent.com,solvent.com,Paid Search - Non-Brand,category-terms,false
L001169,2025-03-08 11:15:00,Yusuf,Krishnan,yusuf.krishnan@ridgeline.com,ridgeline.com,Paid Search - Non-Brand,solution-terms,false
L001170,2025-03-17 16:30:00,Arun,Nwosu,arun.nwosu@redwood.com,redwood.com,Paid Search - Non-Brand,solution-terms,false
L001171,2025-03-15 15:30:00,Arun,Mulvaney,arun.mulvaney@cascade.com,cascade.com,Paid Search - Non-Brand,solution-terms,false
L001172,2025-03-01 13:15:00,Noor,Doyle,noor.doyle@pinnacle.com,pinnacle.com,Paid Search - Non-Brand,solution-terms,false
L001173,2025-03-07 10:45:00,Alicia,Szabo,alicia.szabo@ridgeline.com,ridgeline.com,Paid Search - Non-Brand,solution-terms,true
L001174,2025-03-11 20:15:00,Omar,Moreau,omar.moreau@juniper.com,juniper.com,Paid Search - Non-Brand,category-terms,false
L001175,2025-03-03 14:15:00,Arun,Novak,arun.novak@ferrous.com,ferrous.com,Paid Search - Non-Brand,competitor-terms,true
L001176,2025-03-14 08:00:00,Elodie,Novak,elodie.novak@arclight.com,arclight.com,Paid Search - Non-Brand,competitor-terms,false
L001177,2025-03-23 17:30:00,Malik,Aaltonen,malik.aaltonen@ferrous.com,ferrous.com,Paid Search - Non-Brand,competitor-terms,false
L001178,2025-03-20 19:45:00,Callum,Aaltonen,callum.aaltonen@quarry.com,quarry.com,Paid Search - Non-Brand,competitor-terms,false
L001179,2025-03-30 07:00:00,Ingrid,Mulvaney,ingrid.mulvaney@juniper.com,juniper.com,Paid Search - Non-Brand,solution-terms,false
L001180,2025-03-18 14:15:00,Elodie,Byrne,elodie.byrne@juniper.com,juniper.com,Paid Search - Non-Brand,competitor-terms,false
L001181,2025-03-14 07:45:00,Yusuf,Mulvaney,yusuf.mulvaney@granitepeak.com,granitepeak.com,Paid Search - Non-Brand,solution-terms,false
L001182,2025-03-13 10:15:00,Darius,Horvat,darius.horvat@saltmarsh.com,saltmarsh.com,Paid Search - Non-Brand,competitor-terms,false
L001183,2025-03-07 17:30:00,Anaya,Ferreira,anaya.ferreira@ember.com,ember.com,Paid Search - Non-Brand,solution-terms,false
L001184,2025-03-17 12:45:00,Renata,Farrell,renata.farrell@copperline.com,copperline.com,Paid Search - Non-Brand,competitor-terms,false
L001185,2025-03-03 14:15:00,Mei,Pires,mei.pires@ironwood.com,ironwood.com,Paid Search - Non-Brand,category-terms,false
L001186,2025-03-22 08:15:00,Darius,Whitfield,darius.whitfield@cascade.com,cascade.com,Paid Search - Non-Brand,category-terms,false
L001187,2025-03-22 10:30:00,Marcus,Novak,marcus.novak@marlowe.com,marlowe.com,Paid Social - LinkedIn,jobtitle-targeting,false
L001188,2025-03-26 19:30:00,Alicia,Lindqvist,alicia.lindqvist@ironwood.com,ironwood.com,Paid Social - LinkedIn,content-download,false
L001189,2025-03-01 16:15:00,Elodie,Pires,elodie.pires@nimbus.com,nimbus.com,Paid Social - LinkedIn,jobtitle-targeting,false
L001190,2025-03-15 18:30:00,Noor,Bergstrom,noor.bergstrom@thornbury.com,thornbury.com,Paid Social - LinkedIn,content-download,true
L001191,2025-03-17 07:45:00,Omar,Farrell,omar.farrell@granitepeak.com,granitepeak.com,Paid Social - LinkedIn,jobtitle-targeting,false
L001192,2025-03-26 19:45:00,Cormac,Byrne,cormac.byrne@ferrous.com,ferrous.com,Paid Social - LinkedIn,abm-tier1,false
L001193,2025-03-21 15:15:00,Grace,Demir,grace.demir@ferrous.com,ferrous.com,Paid Social - LinkedIn,abm-tier1,false
L001194,2025-03-17 07:15:00,Omar,Bergstrom,omar.bergstrom@juniper.com,juniper.com,Paid Social - LinkedIn,content-download,true
L001195,2025-03-19 20:15:00,Lena,Grant,lena.grant@juniper.com,juniper.com,Paid Social - LinkedIn,content-download,false
L001196,2025-03-20 15:30:00,Marcus,Grant,marcus.grant@ember.com,ember.com,Paid Social - LinkedIn,abm-tier1,false
L001197,2025-03-17 11:45:00,Callum,Demir,callum.demir@foxglove.com,foxglove.com,Paid Social - LinkedIn,content-download,false
L001198,2025-03-12 16:30:00,Ingrid,Iyer,ingrid.iyer@halcyon.com,halcyon.com,Paid Social - LinkedIn,content-download,false
L001199,2025-03-29 12:15:00,Grace,Farrell,grace.farrell@ridgeline.com,ridgeline.com,Paid Social - LinkedIn,jobtitle-targeting,false
L001200,2025-03-25 08:15:00,Malik,Raghunathan,malik.raghunathan@cascade.com,cascade.com,Paid Social - LinkedIn,abm-tier1,false
L001201,2025-03-16 09:00:00,Rafael,Krishnan,rafael.krishnan@halcyon.com,halcyon.com,Paid Social - LinkedIn,content-download,false
L001202,2025-03-02 07:00:00,Ivo,Haddad,ivo.haddad@tessellate.com,tessellate.com,Paid Social - LinkedIn,content-download,false
L001203,2025-03-30 07:00:00,Anaya,Almeida,anaya.almeida@dovetail.com,dovetail.com,Paid Social - LinkedIn,jobtitle-targeting,false
L001204,2025-03-20 14:00:00,Margit,Raghunathan,margit.raghunathan@marlowe.com,marlowe.com,Paid Social - LinkedIn,jobtitle-targeting,false
L001205,2025-03-10 08:30:00,Arun,Okonkwo,arun.okonkwo@brightpath.com,brightpath.com,Paid Social - LinkedIn,jobtitle-targeting,true
L001206,2025-03-13 07:30:00,Priya,Almeida,priya.almeida@tessellate.com,tessellate.com,Paid Social - LinkedIn,content-download,false
L001207,2025-03-01 09:30:00,Alicia,Ferreira,alicia.ferreira@thornbury.com,thornbury.com,Paid Social - LinkedIn,abm-tier1,false
L001208,2025-03-07 14:45:00,Hollis,Okonkwo,hollis.okonkwo@halcyon.com,halcyon.com,Paid Social - LinkedIn,content-download,false
L001209,2025-03-14 09:15:00,Hollis,Novak,hollis.novak@dovetail.com,dovetail.com,Paid Social - LinkedIn,jobtitle-targeting,false
L001210,2025-03-16 15:15:00,Ingrid,Almeida,ingrid.almeida@quillon.com,quillon.com,Paid Social - LinkedIn,jobtitle-targeting,false
L001211,2025-03-29 11:00:00,Marcus,Iyer,marcus.iyer@meridian.com,meridian.com,Paid Social - LinkedIn,jobtitle-targeting,false
L001212,2025-03-07 11:00:00,Yusuf,Nwosu,yusuf.nwosu@juniper.com,juniper.com,Paid Social - LinkedIn,jobtitle-targeting,false
L001213,2025-03-20 12:30:00,Alicia,Castellanos,alicia.castellanos@kestrel.com,kestrel.com,Paid Social - LinkedIn,abm-tier1,false
L001214,2025-03-30 11:45:00,Lena,Vieira,lena.vieira@dovetail.com,dovetail.com,Paid Social - LinkedIn,abm-tier1,false
L001215,2025-03-12 10:15:00,Ingrid,Novak,ingrid.novak@cascade.com,cascade.com,Paid Social - LinkedIn,content-download,false
L001216,2025-03-18 09:30:00,Grace,Petrov,grace.petrov@northwind.com,northwind.com,Paid Social - LinkedIn,content-download,false
L001217,2025-03-17 11:15:00,Tomas,Ferreira,tomas.ferreira@copperline.com,copperline.com,Paid Social - LinkedIn,jobtitle-targeting,true
L001218,2025-03-22 10:15:00,Hollis,Castellanos,hollis.castellanos@solvent.com,solvent.com,Organic / Direct,none,false
L001219,2025-03-27 09:30:00,Mei,Kavanagh,mei.kavanagh@marlowe.com,marlowe.com,Organic / Direct,none,false
L001220,2025-03-25 18:30:00,Tomas,Lindqvist,tomas.lindqvist@granitepeak.com,granitepeak.com,Organic / Direct,none,false
L001221,2025-03-28 17:45:00,Omar,Krishnan,omar.krishnan@ridgeline.com,ridgeline.com,Organic / Direct,none,false
L001222,2025-03-26 10:00:00,Elodie,Zhang,elodie.zhang@northwind.com,northwind.com,Organic / Direct,none,false
L001223,2025-03-01 11:30:00,Omar,Watanabe,omar.watanabe@juniper.com,juniper.com,Organic / Direct,none,false
L001224,2025-03-24 14:30:00,Darius,Szabo,darius.szabo@redwood.com,redwood.com,Organic / Direct,none,false
L001225,2025-03-21 15:30:00,Arun,Demir,arun.demir@dovetail.com,dovetail.com,Organic / Direct,none,false
L001226,2025-03-16 18:30:00,Ivo,Nwosu,ivo.nwosu@granitepeak.com,granitepeak.com,Organic / Direct,none,false
L001227,2025-03-31 11:30:00,Rafael,Demir,rafael.demir@harborview.com,harborview.com,Organic / Direct,none,false
L001228,2025-03-11 09:45:00,Alicia,Grant,alicia.grant@oakhurst.com,oakhurst.com,Organic / Direct,none,false
L001229,2025-03-10 15:15:00,Cormac,Vieira,cormac.vieira@ironwood.com,ironwood.com,Organic / Direct,none,false
L001230,2025-03-22 07:15:00,Lena,Mulvaney,lena.mulvaney@kestrel.com,kestrel.com,Organic / Direct,none,false
L001231,2025-03-10 17:00:00,Lena,Raghunathan,lena.raghunathan@arclight.com,arclight.com,Organic / Direct,none,false
L001232,2025-03-12 10:15:00,Callum,Aaltonen,callum.aaltonen@thornbury.com,thornbury.com,Organic / Direct,none,false
L001233,2025-03-18 13:15:00,Mei,Ferreira,mei.ferreira@halcyon.com,halcyon.com,Organic / Direct,none,false
L001234,2025-03-12 18:45:00,Marcus,Novak,marcus.novak@copperline.com,copperline.com,Organic / Direct,none,false
L001235,2025-03-23 17:00:00,Tomas,Bergstrom,tomas.bergstrom@tessellate.com,tessellate.com,Organic / Direct,none,false
L001236,2025-03-01 16:00:00,Tomas,Petrov,tomas.petrov@halcyon.com,halcyon.com,Organic / Direct,none,true
L001237,2025-03-08 11:30:00,Anaya,Kavanagh,anaya.kavanagh@lumen.com,lumen.com,Organic / Direct,none,false
L001238,2025-03-15 11:00:00,Mei,Farrell,mei.farrell@copperline.com,copperline.com,Organic / Direct,none,false
L001239,2025-03-12 17:15:00,Ingrid,Zhang,ingrid.zhang@meridian.com,meridian.com,Organic / Direct,none,false
L001240,2025-03-21 17:00:00,Callum,Moreau,callum.moreau@tessellate.com,tessellate.com,Organic / Direct,none,false
L001241,2025-03-11 07:45:00,Callum,Raghunathan,callum.raghunathan@marlowe.com,marlowe.com,Organic / Direct,none,false
L001242,2025-03-12 12:15:00,Tomas,Kavanagh,tomas.kavanagh@kestrel.com,kestrel.com,Organic / Direct,none,false
L001243,2025-03-20 09:00:00,Adeola,Bahri,adeola.bahri@anvil.com,anvil.com,Organic / Direct,none,false
L001244,2025-03-26 16:45:00,Kenji,Pires,kenji.pires@ironwood.com,ironwood.com,Organic / Direct,none,false
L001245,2025-03-18 15:45:00,Marcus,Castellanos,marcus.castellanos@copperline.com,copperline.com,Organic / Direct,none,true
L001246,2025-03-26 19:00:00,Ingrid,Raghunathan,ingrid.raghunathan@oakhurst.com,oakhurst.com,Organic / Direct,none,false
L001247,2025-03-25 09:45:00,Siobhan,Demir,siobhan.demir@halcyon.com,halcyon.com,Organic / Direct,none,false
L001248,2025-03-07 17:30:00,Tomas,Bahri,tomas.bahri@northwind.com,northwind.com,Organic / Direct,none,false
L001249,2025-03-20 08:00:00,Grace,Raghunathan,grace.raghunathan@dovetail.com,dovetail.com,Organic / Direct,none,false
L001250,2025-03-18 16:00:00,Margit,Kavanagh,margit.kavanagh@quillon.com,quillon.com,Organic / Direct,none,false
L001251,2025-03-12 07:00:00,Marcus,Krishnan,marcus.krishnan@redwood.com,redwood.com,Organic / Direct,none,true
L001252,2025-04-05 11:15:00,Ivo,Bahri,ivo.bahri@quillon.com,quillon.com,Display - Programmatic,retarget-display,false
L001253,2025-04-21 09:30:00,Elodie,Pires,elodie.pires@halcyon.com,halcyon.com,Display - Programmatic,retarget-display,false
L001254,2025-04-19 20:45:00,Ivo,Iyer,ivo.iyer@harborview.com,harborview.com,Display - Programmatic,contextual-b2b,false
L001255,2025-04-14 12:00:00,Ingrid,Doyle,ingrid.doyle@saltmarsh.com,saltmarsh.com,Display - Programmatic,retarget-display,false
L001256,2025-04-13 10:45:00,Noor,Castellanos,noor.castellanos@foxglove.com,foxglove.com,Display - Programmatic,retarget-display,false
L001257,2025-04-24 07:45:00,Anaya,Iyer,anaya.iyer@arclight.com,arclight.com,Display - Programmatic,retarget-display,true
L001258,2025-04-25 18:45:00,Beatriz,Mulvaney,beatriz.mulvaney@juniper.com,juniper.com,Display - Programmatic,contextual-b2b,false
L001259,2025-04-29 20:30:00,Renata,Kavanagh,renata.kavanagh@meridian.com,meridian.com,Display - Programmatic,retarget-display,false
L001260,2025-04-25 18:30:00,Hollis,Farrell,hollis.farrell@ridgeline.com,ridgeline.com,Display - Programmatic,contextual-b2b,false
L001261,2025-04-11 13:15:00,Siobhan,Mulvaney,siobhan.mulvaney@arclight.com,arclight.com,Display - Programmatic,contextual-b2b,false
L001262,2025-04-06 17:30:00,Hollis,Aaltonen,hollis.aaltonen@meridian.com,meridian.com,Display - Programmatic,contextual-b2b,false
L001263,2025-04-29 10:15:00,Ivo,Whitfield,ivo.whitfield@dovetail.com,dovetail.com,Display - Programmatic,retarget-display,false
L001264,2025-04-23 18:15:00,Margit,Nwosu,margit.nwosu@kestrel.com,kestrel.com,Display - Programmatic,retarget-display,false
L001265,2025-04-24 16:15:00,Mei,Aaltonen,mei.aaltonen@solvent.com,solvent.com,Display - Programmatic,contextual-b2b,false
L001266,2025-04-19 10:00:00,Grace,Farrell,grace.farrell@quarry.com,quarry.com,Display - Programmatic,contextual-b2b,false
L001267,2025-04-27 11:30:00,Peter,Okonkwo,peter.okonkwo@juniper.com,juniper.com,Display - Programmatic,contextual-b2b,false
L001268,2025-04-26 11:30:00,Rafael,Vieira,rafael.vieira@marlowe.com,marlowe.com,Display - Programmatic,contextual-b2b,false
L001269,2025-04-23 10:30:00,Priya,Castellanos,priya.castellanos@juniper.com,juniper.com,Display - Programmatic,contextual-b2b,false
L001270,2025-04-30 09:15:00,Grace,Ferreira,grace.ferreira@juniper.com,juniper.com,Display - Programmatic,contextual-b2b,false
L001271,2025-04-29 13:00:00,Yusuf,Nwosu,yusuf.nwosu@ferrous.com,ferrous.com,Display - Programmatic,retarget-display,false
L001272,2025-04-25 20:15:00,Cormac,Bergstrom,cormac.bergstrom@ironwood.com,ironwood.com,Display - Programmatic,contextual-b2b,false
L001273,2025-04-08 07:15:00,Mei,Aaltonen,mei.aaltonen@juniper.com,juniper.com,Display - Programmatic,contextual-b2b,false
L001274,2025-04-05 20:45:00,Arun,Castellanos,arun.castellanos@pinnacle.com,pinnacle.com,Display - Programmatic,contextual-b2b,false
L001275,2025-04-06 19:00:00,Malik,Raghunathan,malik.raghunathan@lumen.com,lumen.com,Display - Programmatic,retarget-display,false
L001276,2025-04-03 07:00:00,Grace,Horvat,grace.horvat@meridian.com,meridian.com,Display - Programmatic,contextual-b2b,false
L001277,2025-04-11 20:00:00,Peter,Okonkwo,peter.okonkwo@kestrel.com,kestrel.com,Display - Programmatic,contextual-b2b,false
L001278,2025-04-11 15:15:00,Elodie,Haddad,elodie.haddad@arclight.com,arclight.com,Display - Programmatic,retarget-display,false
L001279,2025-04-13 14:00:00,Anaya,Krishnan,anaya.krishnan@halcyon.com,halcyon.com,Display - Programmatic,retarget-display,false
L001280,2025-04-05 15:00:00,Siobhan,Mulvaney,siobhan.mulvaney@oakhurst.com,oakhurst.com,Display - Programmatic,contextual-b2b,false
L001281,2025-04-20 19:45:00,Malik,Petrov,malik.petrov@nimbus.com,nimbus.com,Display - Programmatic,contextual-b2b,false
L001282,2025-04-05 19:30:00,Tomas,Zhang,tomas.zhang@solvent.com,solvent.com,Display - Programmatic,retarget-display,false
L001283,2025-04-17 16:00:00,Ivo,Aaltonen,ivo.aaltonen@ferrous.com,ferrous.com,Display - Programmatic,retarget-display,false
L001284,2025-04-13 07:45:00,Elodie,Mulvaney,elodie.mulvaney@oakhurst.com,oakhurst.com,Display - Programmatic,retarget-display,false
L001285,2025-04-10 07:15:00,Adeola,Farrell,adeola.farrell@nimbus.com,nimbus.com,Display - Programmatic,contextual-b2b,false
L001286,2025-04-28 12:30:00,Peter,Lindqvist,peter.lindqvist@juniper.com,juniper.com,Display - Programmatic,contextual-b2b,false
L001287,2025-04-02 19:45:00,Omar,Almeida,omar.almeida@quillon.com,quillon.com,Display - Programmatic,contextual-b2b,false
L001288,2025-04-06 19:15:00,Lena,Szabo,lena.szabo@redwood.com,redwood.com,Display - Programmatic,retarget-display,false
L001289,2025-04-28 16:30:00,Siobhan,Novak,siobhan.novak@oakhurst.com,oakhurst.com,Display - Programmatic,retarget-display,false
L001290,2025-04-28 11:15:00,Anaya,Almeida,anaya.almeida@marlowe.com,marlowe.com,Display - Programmatic,retarget-display,false
L001291,2025-04-20 08:45:00,Yusuf,Farrell,yusuf.farrell@redwood.com,redwood.com,Display - Programmatic,contextual-b2b,false
L001292,2025-04-07 10:30:00,Tomas,Vieira,tomas.vieira@meridian.com,meridian.com,Display - Programmatic,retarget-display,false
L001293,2025-04-21 11:15:00,Darius,Iyer,darius.iyer@quarry.com,quarry.com,Display - Programmatic,contextual-b2b,false
L001294,2025-04-28 20:45:00,Grace,Lindqvist,grace.lindqvist@tessellate.com,tessellate.com,Display - Programmatic,retarget-display,false
L001295,2025-04-18 13:45:00,Grace,Castellanos,grace.castellanos@nimbus.com,nimbus.com,Display - Programmatic,retarget-display,false
L001296,2025-04-04 19:15:00,Elodie,Horvat,elodie.horvat@dovetail.com,dovetail.com,Display - Programmatic,contextual-b2b,false
L001297,2025-04-14 11:15:00,Kenji,Almeida,kenji.almeida@ferrous.com,ferrous.com,Display - Programmatic,contextual-b2b,false
L001298,2025-04-14 19:30:00,Malik,Raghunathan,malik.raghunathan@meridian.com,meridian.com,Display - Programmatic,retarget-display,false
L001299,2025-04-04 13:15:00,Alicia,Aaltonen,alicia.aaltonen@ridgeline.com,ridgeline.com,Display - Programmatic,retarget-display,false
L001300,2025-04-08 20:30:00,Anaya,Zhang,anaya.zhang@kestrel.com,kestrel.com,Display - Programmatic,contextual-b2b,false
L001301,2025-04-13 16:45:00,Margit,Almeida,margit.almeida@granitepeak.com,granitepeak.com,Display - Programmatic,retarget-display,false
L001302,2025-04-13 15:45:00,Tomas,Lindqvist,tomas.lindqvist@dovetail.com,dovetail.com,Display - Programmatic,retarget-display,false
L001303,2025-04-29 18:15:00,Mei,Ferreira,mei.ferreira@northwind.com,northwind.com,Display - Programmatic,contextual-b2b,false
L001304,2025-04-12 07:15:00,Lena,Pires,lena.pires@harborview.com,harborview.com,Display - Programmatic,retarget-display,false
L001305,2025-04-19 13:45:00,Ingrid,Raghunathan,ingrid.raghunathan@redwood.com,redwood.com,Display - Programmatic,contextual-b2b,false
L001306,2025-04-25 11:30:00,Marcus,Horvat,marcus.horvat@anvil.com,anvil.com,Display - Programmatic,retarget-display,false
L001307,2025-04-10 17:15:00,Alicia,Whitfield,alicia.whitfield@anvil.com,anvil.com,Display - Programmatic,contextual-b2b,false
L001308,2025-04-17 10:15:00,Jonas,Mulvaney,jonas.mulvaney@lumen.com,lumen.com,Display - Programmatic,retarget-display,false
L001309,2025-04-04 11:15:00,Jonas,Mulvaney,jonas.mulvaney@tessellate.com,tessellate.com,Display - Programmatic,retarget-display,false
L001310,2025-04-19 11:00:00,Grace,Horvat,grace.horvat@tessellate.com,tessellate.com,Display - Programmatic,contextual-b2b,false
L001311,2025-04-24 20:15:00,Kenji,Iyer,kenji.iyer@dovetail.com,dovetail.com,Display - Programmatic,contextual-b2b,false
L001312,2025-04-09 12:45:00,Hollis,Lindqvist,hollis.lindqvist@solvent.com,solvent.com,Display - Programmatic,retarget-display,false
L001313,2025-04-23 18:00:00,Omar,Ferreira,omar.ferreira@tessellate.com,tessellate.com,Display - Programmatic,contextual-b2b,false
L001314,2025-04-08 09:00:00,Noor,Haddad,noor.haddad@solvent.com,solvent.com,Display - Programmatic,contextual-b2b,false
L001315,2025-04-02 18:30:00,Ingrid,Okonkwo,ingrid.okonkwo@anvil.com,anvil.com,Display - Programmatic,retarget-display,false
L001316,2025-04-21 20:45:00,Callum,Byrne,callum.byrne@copperline.com,copperline.com,Display - Programmatic,retarget-display,false
L001317,2025-04-09 14:45:00,Grace,Nwosu,grace.nwosu@ironwood.com,ironwood.com,Display - Programmatic,retarget-display,false
L001318,2025-04-03 13:15:00,Darius,Bergstrom,darius.bergstrom@foxglove.com,foxglove.com,Display - Programmatic,retarget-display,false
L001319,2025-04-19 07:30:00,Alicia,Petrov,alicia.petrov@arclight.com,arclight.com,Display - Programmatic,contextual-b2b,false
L001320,2025-04-28 15:00:00,Omar,Bergstrom,omar.bergstrom@granitepeak.com,granitepeak.com,Display - Programmatic,contextual-b2b,false
L001321,2025-04-17 08:30:00,Ingrid,Byrne,ingrid.byrne@lumen.com,lumen.com,Display - Programmatic,retarget-display,false
L001322,2025-04-23 12:15:00,Noor,Almeida,noor.almeida@marlowe.com,marlowe.com,Display - Programmatic,contextual-b2b,false
L001323,2025-04-07 12:15:00,Adeola,Demir,adeola.demir@anvil.com,anvil.com,Display - Programmatic,retarget-display,false
L001324,2025-04-30 12:45:00,Tomas,Castellanos,tomas.castellanos@thornbury.com,thornbury.com,Display - Programmatic,contextual-b2b,false
L001325,2025-04-13 12:00:00,Callum,Kavanagh,callum.kavanagh@oakhurst.com,oakhurst.com,Display - Programmatic,contextual-b2b,false
L001326,2025-04-08 15:45:00,Grace,Doyle,grace.doyle@copperline.com,copperline.com,Paid Search - Brand,brand-phrase,false
L001327,2025-04-04 07:00:00,Tomas,Mulvaney,tomas.mulvaney@halcyon.com,halcyon.com,Paid Search - Brand,brand-exact,false
L001328,2025-04-21 20:30:00,Yusuf,Almeida,yusuf.almeida@kestrel.com,kestrel.com,Paid Search - Brand,brand-exact,true
L001329,2025-04-28 09:00:00,Peter,Krishnan,peter.krishnan@ferrous.com,ferrous.com,Paid Search - Brand,brand-exact,false
L001330,2025-04-15 16:45:00,Elodie,Ferreira,elodie.ferreira@thornbury.com,thornbury.com,Paid Search - Brand,brand-exact,false
L001331,2025-04-13 14:30:00,Anaya,Byrne,anaya.byrne@ember.com,ember.com,Paid Search - Brand,brand-exact,false
L001332,2025-04-15 09:15:00,Ivo,Doyle,ivo.doyle@lumen.com,lumen.com,Paid Search - Brand,brand-phrase,false
L001333,2025-04-22 07:00:00,Ingrid,Farrell,ingrid.farrell@granitepeak.com,granitepeak.com,Paid Search - Brand,brand-exact,false
L001334,2025-04-13 18:00:00,Adeola,Watanabe,adeola.watanabe@ironwood.com,ironwood.com,Paid Search - Brand,brand-exact,false
L001335,2025-04-28 20:00:00,Lena,Whitfield,lena.whitfield@nimbus.com,nimbus.com,Paid Search - Brand,brand-phrase,false
L001336,2025-04-26 09:15:00,Noor,Demir,noor.demir@lumen.com,lumen.com,Paid Search - Brand,brand-exact,true
L001337,2025-04-06 20:00:00,Noor,Haddad,noor.haddad@marlowe.com,marlowe.com,Paid Search - Brand,brand-phrase,false
L001338,2025-04-16 17:00:00,Renata,Raghunathan,renata.raghunathan@dovetail.com,dovetail.com,Paid Search - Brand,brand-exact,false
L001339,2025-04-28 09:15:00,Marcus,Castellanos,marcus.castellanos@thornbury.com,thornbury.com,Paid Search - Brand,brand-phrase,false
L001340,2025-04-16 19:00:00,Malik,Demir,malik.demir@ember.com,ember.com,Paid Search - Brand,brand-exact,false
L001341,2025-04-26 10:30:00,Yusuf,Almeida,yusuf.almeida@arclight.com,arclight.com,Paid Search - Brand,brand-exact,false
L001342,2025-04-07 16:30:00,Margit,Kavanagh,margit.kavanagh@granitepeak.com,granitepeak.com,Paid Search - Brand,brand-phrase,false
L001343,2025-04-15 13:15:00,Siobhan,Ferreira,siobhan.ferreira@kestrel.com,kestrel.com,Paid Search - Brand,brand-phrase,false
L001344,2025-04-27 12:30:00,Yusuf,Horvat,yusuf.horvat@meridian.com,meridian.com,Paid Search - Brand,brand-phrase,true
L001345,2025-04-16 07:45:00,Adeola,Vieira,adeola.vieira@halcyon.com,halcyon.com,Paid Search - Brand,brand-phrase,false
L001346,2025-04-27 07:30:00,Siobhan,Castellanos,siobhan.castellanos@ember.com,ember.com,Paid Search - Brand,brand-exact,false
L001347,2025-04-11 19:45:00,Rafael,Whitfield,rafael.whitfield@kestrel.com,kestrel.com,Paid Search - Brand,brand-exact,true
L001348,2025-04-08 19:45:00,Priya,Lindqvist,priya.lindqvist@quarry.com,quarry.com,Paid Search - Brand,brand-phrase,false
L001349,2025-04-05 15:45:00,Callum,Iyer,callum.iyer@kestrel.com,kestrel.com,Paid Search - Brand,brand-phrase,false
L001350,2025-04-12 17:45:00,Alicia,Raghunathan,alicia.raghunathan@thornbury.com,thornbury.com,Paid Search - Brand,brand-exact,true
L001351,2025-04-14 12:00:00,Anaya,Pires,anaya.pires@northwind.com,northwind.com,Paid Search - Brand,brand-phrase,true
L001352,2025-04-20 19:00:00,Jonas,Watanabe,jonas.watanabe@foxglove.com,foxglove.com,Paid Search - Brand,brand-exact,false
L001353,2025-04-06 13:30:00,Yusuf,Doyle,yusuf.doyle@nimbus.com,nimbus.com,Paid Search - Brand,brand-phrase,true
L001354,2025-04-22 14:45:00,Priya,Zhang,priya.zhang@nimbus.com,nimbus.com,Paid Search - Brand,brand-exact,false
L001355,2025-04-02 13:30:00,Kenji,Farrell,kenji.farrell@dovetail.com,dovetail.com,Paid Search - Brand,brand-phrase,false
L001356,2025-04-17 16:30:00,Noor,Farrell,noor.farrell@cascade.com,cascade.com,Paid Search - Brand,brand-phrase,false
L001357,2025-04-18 08:00:00,Ivo,Iyer,ivo.iyer@quillon.com,quillon.com,Paid Search - Brand,brand-phrase,false
L001358,2025-04-04 19:45:00,Peter,Watanabe,peter.watanabe@dovetail.com,dovetail.com,Paid Search - Brand,brand-exact,false
L001359,2025-04-04 09:30:00,Kenji,Krishnan,kenji.krishnan@thornbury.com,thornbury.com,Paid Search - Brand,brand-phrase,false
L001360,2025-04-18 16:45:00,Ingrid,Pires,ingrid.pires@cascade.com,cascade.com,Paid Search - Brand,brand-exact,false
L001361,2025-04-16 09:45:00,Jonas,Grant,jonas.grant@saltmarsh.com,saltmarsh.com,Paid Search - Brand,brand-exact,false
L001362,2025-04-19 12:30:00,Beatriz,Vieira,beatriz.vieira@harborview.com,harborview.com,Paid Search - Brand,brand-exact,false
L001363,2025-04-11 12:15:00,Peter,Nwosu,peter.nwosu@pinnacle.com,pinnacle.com,Paid Search - Brand,brand-exact,false
L001364,2025-04-12 19:00:00,Callum,Raghunathan,callum.raghunathan@redwood.com,redwood.com,Paid Search - Brand,brand-phrase,false
L001365,2025-04-18 16:45:00,Ivo,Kavanagh,ivo.kavanagh@granitepeak.com,granitepeak.com,Paid Search - Brand,brand-phrase,false
L001366,2025-04-25 12:45:00,Mei,Kavanagh,mei.kavanagh@anvil.com,anvil.com,Paid Search - Brand,brand-phrase,false
L001367,2025-04-18 16:15:00,Yusuf,Kavanagh,yusuf.kavanagh@arclight.com,arclight.com,Paid Search - Brand,brand-phrase,false
L001368,2025-04-25 16:45:00,Noor,Szabo,noor.szabo@anvil.com,anvil.com,Paid Search - Brand,brand-exact,true
L001369,2025-04-24 12:15:00,Darius,Demir,darius.demir@granitepeak.com,granitepeak.com,Paid Search - Brand,brand-exact,false
L001370,2025-04-21 17:30:00,Jonas,Zhang,jonas.zhang@granitepeak.com,granitepeak.com,Paid Search - Brand,brand-exact,true
L001371,2025-04-15 18:30:00,Kenji,Grant,kenji.grant@ferrous.com,ferrous.com,Paid Search - Brand,brand-exact,true
L001372,2025-04-09 16:45:00,Ingrid,Raghunathan,ingrid.raghunathan@oakhurst.com,oakhurst.com,Paid Search - Brand,brand-exact,false
L001373,2025-04-30 07:15:00,Noor,Szabo,noor.szabo@saltmarsh.com,saltmarsh.com,Paid Search - Brand,brand-exact,true
L001374,2025-04-01 12:45:00,Grace,Krishnan,grace.krishnan@solvent.com,solvent.com,Paid Search - Brand,brand-exact,false
L001375,2025-04-02 20:45:00,Elodie,Grant,elodie.grant@oakhurst.com,oakhurst.com,Paid Search - Brand,brand-phrase,false
L001376,2025-04-23 09:00:00,Noor,Iyer,noor.iyer@thornbury.com,thornbury.com,Paid Search - Brand,brand-exact,true
L001377,2025-04-23 15:45:00,Grace,Castellanos,grace.castellanos@halcyon.com,halcyon.com,Paid Search - Brand,brand-exact,false
L001378,2025-04-28 09:30:00,Priya,Okonkwo,priya.okonkwo@meridian.com,meridian.com,Paid Search - Brand,brand-exact,false
L001379,2025-04-06 13:45:00,Beatriz,Nwosu,beatriz.nwosu@marlowe.com,marlowe.com,Paid Search - Brand,brand-exact,false
L001380,2025-04-04 20:30:00,Malik,Castellanos,malik.castellanos@kestrel.com,kestrel.com,Paid Search - Brand,brand-phrase,false
L001381,2025-04-13 12:45:00,Callum,Pires,callum.pires@foxglove.com,foxglove.com,Paid Search - Brand,brand-exact,false
L001382,2025-04-27 16:00:00,Cormac,Szabo,cormac.szabo@harborview.com,harborview.com,Paid Search - Brand,brand-phrase,false
L001383,2025-04-29 11:30:00,Yusuf,Demir,yusuf.demir@ferrous.com,ferrous.com,Paid Search - Brand,brand-exact,false
L001384,2025-04-23 10:00:00,Ingrid,Raghunathan,ingrid.raghunathan@ember.com,ember.com,Paid Search - Brand,brand-exact,false
L001385,2025-04-16 10:00:00,Renata,Okonkwo,renata.okonkwo@nimbus.com,nimbus.com,Paid Search - Brand,brand-exact,false
L001386,2025-04-04 19:15:00,Adeola,Kavanagh,adeola.kavanagh@redwood.com,redwood.com,Paid Search - Brand,brand-phrase,false
L001387,2025-04-28 20:45:00,Hollis,Okonkwo,hollis.okonkwo@granitepeak.com,granitepeak.com,Paid Search - Brand,brand-phrase,false
L001388,2025-04-19 08:15:00,Marcus,Vieira,marcus.vieira@ironwood.com,ironwood.com,Paid Social - Meta,prospecting-lal,false
L001389,2025-04-23 12:30:00,Elodie,Demir,elodie.demir@copperline.com,copperline.com,Paid Social - Meta,mofu-retarget,false
L001390,2025-04-08 08:00:00,Peter,Pires,peter.pires@ridgeline.com,ridgeline.com,Paid Social - Meta,mofu-retarget,false
L001391,2025-04-19 10:45:00,Ingrid,Grant,ingrid.grant@meridian.com,meridian.com,Paid Social - Meta,prospecting-lal,false
L001392,2025-04-19 17:45:00,Omar,Ferreira,omar.ferreira@copperline.com,copperline.com,Paid Social - Meta,mofu-retarget,false
L001393,2025-04-05 18:00:00,Kenji,Watanabe,kenji.watanabe@halcyon.com,halcyon.com,Paid Social - Meta,prospecting-lal,false
L001394,2025-04-18 10:45:00,Yusuf,Whitfield,yusuf.whitfield@ironwood.com,ironwood.com,Paid Social - Meta,lead-form-broad,false
L001395,2025-04-09 10:30:00,Siobhan,Doyle,siobhan.doyle@foxglove.com,foxglove.com,Paid Social - Meta,prospecting-lal,false
L001396,2025-04-29 13:45:00,Anaya,Ferreira,anaya.ferreira@meridian.com,meridian.com,Paid Social - Meta,prospecting-lal,false
L001397,2025-04-10 08:00:00,Peter,Moreau,peter.moreau@nimbus.com,nimbus.com,Paid Social - Meta,mofu-retarget,false
L001398,2025-04-17 15:30:00,Jonas,Ferreira,jonas.ferreira@foxglove.com,foxglove.com,Paid Social - Meta,mofu-retarget,false
L001399,2025-04-20 16:30:00,Cormac,Szabo,cormac.szabo@pinnacle.com,pinnacle.com,Paid Social - Meta,prospecting-lal,false
L001400,2025-04-09 14:00:00,Jonas,Doyle,jonas.doyle@ridgeline.com,ridgeline.com,Paid Social - Meta,lead-form-broad,true
L001401,2025-04-01 18:45:00,Omar,Doyle,omar.doyle@ferrous.com,ferrous.com,Paid Social - Meta,lead-form-broad,false
L001402,2025-04-05 19:00:00,Beatriz,Petrov,beatriz.petrov@northwind.com,northwind.com,Paid Social - Meta,prospecting-lal,false
L001403,2025-04-19 08:15:00,Ingrid,Demir,ingrid.demir@dovetail.com,dovetail.com,Paid Social - Meta,prospecting-lal,false
L001404,2025-04-01 20:30:00,Rafael,Petrov,rafael.petrov@northwind.com,northwind.com,Paid Social - Meta,prospecting-lal,false
L001405,2025-04-25 10:45:00,Arun,Zhang,arun.zhang@redwood.com,redwood.com,Paid Social - Meta,prospecting-lal,false
L001406,2025-04-30 15:30:00,Kenji,Bahri,kenji.bahri@thornbury.com,thornbury.com,Paid Social - Meta,prospecting-lal,false
L001407,2025-04-28 13:00:00,Rafael,Haddad,rafael.haddad@granitepeak.com,granitepeak.com,Paid Social - Meta,prospecting-lal,false
L001408,2025-04-25 15:15:00,Elodie,Kavanagh,elodie.kavanagh@juniper.com,juniper.com,Paid Social - Meta,mofu-retarget,false
L001409,2025-04-05 07:30:00,Siobhan,Zhang,siobhan.zhang@ferrous.com,ferrous.com,Paid Social - Meta,lead-form-broad,false
L001410,2025-04-29 12:45:00,Grace,Doyle,grace.doyle@thornbury.com,thornbury.com,Paid Social - Meta,lead-form-broad,false
L001411,2025-04-03 19:30:00,Grace,Bahri,grace.bahri@thornbury.com,thornbury.com,Paid Social - Meta,mofu-retarget,false
L001412,2025-04-13 12:45:00,Jonas,Whitfield,jonas.whitfield@harborview.com,harborview.com,Paid Social - Meta,mofu-retarget,false
L001413,2025-04-16 11:15:00,Elodie,Haddad,elodie.haddad@granitepeak.com,granitepeak.com,Paid Social - Meta,prospecting-lal,false
L001414,2025-04-17 11:15:00,Omar,Okonkwo,omar.okonkwo@foxglove.com,foxglove.com,Paid Social - Meta,mofu-retarget,false
L001415,2025-04-15 07:15:00,Marcus,Petrov,marcus.petrov@marlowe.com,marlowe.com,Paid Social - Meta,lead-form-broad,false
L001416,2025-04-22 15:30:00,Elodie,Novak,elodie.novak@dovetail.com,dovetail.com,Paid Social - Meta,lead-form-broad,false
L001417,2025-04-05 10:45:00,Hollis,Haddad,hollis.haddad@juniper.com,juniper.com,Paid Social - Meta,prospecting-lal,false
L001418,2025-04-20 09:15:00,Estelle,Krishnan,estelle.krishnan@meridian.com,meridian.com,Paid Social - Meta,prospecting-lal,false
L001419,2025-04-27 17:30:00,Adeola,Okonkwo,adeola.okonkwo@tessellate.com,tessellate.com,Paid Social - Meta,lead-form-broad,false
L001420,2025-04-16 18:15:00,Peter,Haddad,peter.haddad@juniper.com,juniper.com,Paid Social - Meta,lead-form-broad,false
L001421,2025-04-28 11:45:00,Rafael,Okonkwo,rafael.okonkwo@harborview.com,harborview.com,Paid Social - Meta,prospecting-lal,false
L001422,2025-04-12 09:15:00,Rafael,Bahri,rafael.bahri@ember.com,ember.com,Paid Social - Meta,lead-form-broad,false
L001423,2025-04-16 08:00:00,Mei,Doyle,mei.doyle@pinnacle.com,pinnacle.com,Paid Social - Meta,mofu-retarget,false
L001424,2025-04-25 16:00:00,Estelle,Pires,estelle.pires@cascade.com,cascade.com,Paid Social - Meta,mofu-retarget,false
L001425,2025-04-28 14:15:00,Peter,Ferreira,peter.ferreira@anvil.com,anvil.com,Paid Social - Meta,prospecting-lal,false
L001426,2025-04-18 14:15:00,Hollis,Farrell,hollis.farrell@kestrel.com,kestrel.com,Paid Social - Meta,prospecting-lal,false
L001427,2025-04-22 16:00:00,Malik,Zhang,malik.zhang@anvil.com,anvil.com,Paid Social - Meta,lead-form-broad,false
L001428,2025-04-03 13:30:00,Beatriz,Moreau,beatriz.moreau@cascade.com,cascade.com,Paid Social - Meta,lead-form-broad,false
L001429,2025-04-23 11:30:00,Rafael,Castellanos,rafael.castellanos@brightpath.com,brightpath.com,Paid Social - Meta,lead-form-broad,false
L001430,2025-04-24 15:30:00,Hollis,Castellanos,hollis.castellanos@juniper.com,juniper.com,Paid Social - Meta,prospecting-lal,false
L001431,2025-04-19 16:30:00,Priya,Pires,priya.pires@saltmarsh.com,saltmarsh.com,Paid Social - Meta,mofu-retarget,false
L001432,2025-04-25 10:30:00,Siobhan,Grant,siobhan.grant@meridian.com,meridian.com,Paid Social - Meta,prospecting-lal,false
L001433,2025-04-10 16:15:00,Elodie,Zhang,elodie.zhang@anvil.com,anvil.com,Paid Social - Meta,lead-form-broad,false
L001434,2025-04-09 20:45:00,Grace,Almeida,grace.almeida@lumen.com,lumen.com,Paid Social - Meta,lead-form-broad,false
L001435,2025-04-02 14:45:00,Omar,Watanabe,omar.watanabe@brightpath.com,brightpath.com,Paid Social - Meta,prospecting-lal,false
L001436,2025-04-10 16:30:00,Cormac,Pires,cormac.pires@kestrel.com,kestrel.com,Paid Social - Meta,mofu-retarget,false
L001437,2025-04-17 11:15:00,Estelle,Doyle,estelle.doyle@marlowe.com,marlowe.com,Paid Social - Meta,lead-form-broad,false
L001438,2025-04-12 13:30:00,Omar,Nwosu,omar.nwosu@redwood.com,redwood.com,Paid Social - Meta,prospecting-lal,false
L001439,2025-04-15 16:15:00,Peter,Vieira,peter.vieira@solvent.com,solvent.com,Paid Social - Meta,lead-form-broad,false
L001440,2025-04-29 14:30:00,Alicia,Bergstrom,alicia.bergstrom@ridgeline.com,ridgeline.com,Paid Social - Meta,mofu-retarget,false
L001441,2025-04-24 07:15:00,Malik,Whitfield,malik.whitfield@ember.com,ember.com,Paid Social - Meta,mofu-retarget,false
L001442,2025-04-28 13:45:00,Elodie,Szabo,elodie.szabo@ridgeline.com,ridgeline.com,Paid Social - Meta,lead-form-broad,false
L001443,2025-04-24 10:45:00,Siobhan,Novak,siobhan.novak@pinnacle.com,pinnacle.com,Paid Social - Meta,lead-form-broad,false
L001444,2025-04-01 12:00:00,Callum,Szabo,callum.szabo@ironwood.com,ironwood.com,Paid Social - Meta,prospecting-lal,false
L001445,2025-04-18 14:00:00,Omar,Mulvaney,omar.mulvaney@tessellate.com,tessellate.com,Paid Social - Meta,mofu-retarget,false
L001446,2025-04-25 14:45:00,Darius,Aaltonen,darius.aaltonen@redwood.com,redwood.com,Paid Social - Meta,prospecting-lal,false
L001447,2025-04-19 07:30:00,Omar,Grant,omar.grant@foxglove.com,foxglove.com,Paid Social - Meta,lead-form-broad,false
L001448,2025-04-20 11:15:00,Arun,Nwosu,arun.nwosu@ember.com,ember.com,Paid Social - Meta,mofu-retarget,false
L001449,2025-04-15 17:30:00,Omar,Doyle,omar.doyle@juniper.com,juniper.com,Paid Social - Meta,mofu-retarget,false
L001450,2025-04-22 12:30:00,Lena,Bahri,lena.bahri@solvent.com,solvent.com,Paid Social - Meta,lead-form-broad,false
L001451,2025-04-08 20:00:00,Mei,Vieira,mei.vieira@saltmarsh.com,saltmarsh.com,Paid Social - Meta,prospecting-lal,false
L001452,2025-04-19 19:00:00,Hollis,Demir,hollis.demir@solvent.com,solvent.com,Paid Social - Meta,prospecting-lal,true
L001453,2025-04-23 12:00:00,Adeola,Horvat,adeola.horvat@ember.com,ember.com,Paid Social - Meta,mofu-retarget,false
L001454,2025-04-01 14:15:00,Omar,Petrov,omar.petrov@juniper.com,juniper.com,Paid Social - Meta,prospecting-lal,false
L001455,2025-04-30 17:00:00,Beatriz,Lindqvist,beatriz.lindqvist@meridian.com,meridian.com,Paid Social - Meta,prospecting-lal,false
L001456,2025-04-01 12:45:00,Tomas,Horvat,tomas.horvat@cascade.com,cascade.com,Paid Social - Meta,prospecting-lal,false
L001457,2025-04-05 09:15:00,Anaya,Novak,anaya.novak@solvent.com,solvent.com,Paid Social - Meta,mofu-retarget,false
L001458,2025-04-13 07:00:00,Hollis,Ferreira,hollis.ferreira@dovetail.com,dovetail.com,Paid Social - Meta,prospecting-lal,false
L001459,2025-04-26 19:30:00,Elodie,Farrell,elodie.farrell@marlowe.com,marlowe.com,Paid Social - Meta,prospecting-lal,false
L001460,2025-04-03 16:00:00,Anaya,Krishnan,anaya.krishnan@quarry.com,quarry.com,Paid Social - Meta,prospecting-lal,false
L001461,2025-04-28 17:30:00,Lena,Almeida,lena.almeida@granitepeak.com,granitepeak.com,Paid Social - Meta,prospecting-lal,false
L001462,2025-04-02 16:30:00,Margit,Aaltonen,margit.aaltonen@juniper.com,juniper.com,Paid Social - Meta,prospecting-lal,false
L001463,2025-04-04 15:15:00,Beatriz,Krishnan,beatriz.krishnan@granitepeak.com,granitepeak.com,Paid Social - Meta,mofu-retarget,false
L001464,2025-04-24 08:45:00,Marcus,Grant,marcus.grant@juniper.com,juniper.com,Paid Social - Meta,mofu-retarget,false
L001465,2025-04-06 09:45:00,Lena,Lindqvist,lena.lindqvist@ferrous.com,ferrous.com,Paid Social - Meta,prospecting-lal,false
L001466,2025-04-02 11:15:00,Callum,Iyer,callum.iyer@halcyon.com,halcyon.com,Paid Social - Meta,lead-form-broad,false
L001467,2025-04-26 13:45:00,Omar,Watanabe,omar.watanabe@kestrel.com,kestrel.com,Paid Social - Meta,prospecting-lal,false
L001468,2025-04-10 07:30:00,Peter,Haddad,peter.haddad@solvent.com,solvent.com,Paid Social - Meta,prospecting-lal,false
L001469,2025-04-02 19:00:00,Omar,Almeida,omar.almeida@thornbury.com,thornbury.com,Paid Social - Meta,mofu-retarget,false
L001470,2025-04-13 15:30:00,Anaya,Iyer,anaya.iyer@nimbus.com,nimbus.com,Paid Social - Meta,prospecting-lal,false
L001471,2025-04-24 08:30:00,Anaya,Szabo,anaya.szabo@nimbus.com,nimbus.com,Paid Social - Meta,prospecting-lal,false
L001472,2025-04-09 15:30:00,Noor,Petrov,noor.petrov@tessellate.com,tessellate.com,Paid Social - Meta,prospecting-lal,false
L001473,2025-04-19 19:45:00,Beatriz,Nwosu,beatriz.nwosu@meridian.com,meridian.com,Paid Social - Meta,mofu-retarget,false
L001474,2025-04-30 08:30:00,Adeola,Bergstrom,adeola.bergstrom@foxglove.com,foxglove.com,Paid Social - Meta,prospecting-lal,false
L001475,2025-04-29 09:15:00,Ivo,Grant,ivo.grant@tessellate.com,tessellate.com,Paid Social - Meta,prospecting-lal,false
L001476,2025-04-01 20:45:00,Cormac,Haddad,cormac.haddad@nimbus.com,nimbus.com,Paid Social - Meta,mofu-retarget,false
L001477,2025-04-24 14:00:00,Siobhan,Farrell,siobhan.farrell@anvil.com,anvil.com,Paid Social - Meta,lead-form-broad,true
L001478,2025-04-07 18:00:00,Peter,Zhang,peter.zhang@tessellate.com,tessellate.com,Paid Social - Meta,mofu-retarget,false
L001479,2025-04-28 17:45:00,Callum,Pires,callum.pires@ridgeline.com,ridgeline.com,Paid Social - Meta,prospecting-lal,false
L001480,2025-04-15 13:15:00,Anaya,Almeida,anaya.almeida@ridgeline.com,ridgeline.com,Paid Social - Meta,mofu-retarget,false
L001481,2025-04-05 10:00:00,Yusuf,Horvat,yusuf.horvat@thornbury.com,thornbury.com,Paid Social - Meta,mofu-retarget,false
L001482,2025-04-22 20:00:00,Cormac,Almeida,cormac.almeida@nimbus.com,nimbus.com,Paid Social - Meta,lead-form-broad,false
L001483,2025-04-23 09:45:00,Alicia,Haddad,alicia.haddad@northwind.com,northwind.com,Paid Social - Meta,prospecting-lal,false
L001484,2025-04-23 14:15:00,Rafael,Ferreira,rafael.ferreira@quillon.com,quillon.com,Paid Social - Meta,prospecting-lal,false
L001485,2025-04-26 20:45:00,Beatriz,Pires,beatriz.pires@ridgeline.com,ridgeline.com,Paid Social - Meta,prospecting-lal,false
L001486,2025-04-10 11:30:00,Arun,Novak,arun.novak@cascade.com,cascade.com,Paid Social - Meta,prospecting-lal,false
L001487,2025-04-03 19:30:00,Yusuf,Farrell,yusuf.farrell@quarry.com,quarry.com,Paid Social - Meta,mofu-retarget,false
L001488,2025-04-26 12:45:00,Anaya,Watanabe,anaya.watanabe@meridian.com,meridian.com,Paid Social - Meta,mofu-retarget,false
L001489,2025-04-08 09:00:00,Priya,Novak,priya.novak@dovetail.com,dovetail.com,Paid Social - Meta,lead-form-broad,false
L001490,2025-04-11 07:30:00,Tomas,Petrov,tomas.petrov@kestrel.com,kestrel.com,Paid Social - Meta,lead-form-broad,false
L001491,2025-04-05 07:15:00,Lena,Aaltonen,lena.aaltonen@ferrous.com,ferrous.com,Paid Social - Meta,lead-form-broad,false
L001492,2025-04-21 16:00:00,Renata,Bergstrom,renata.bergstrom@saltmarsh.com,saltmarsh.com,Paid Social - Meta,mofu-retarget,false
L001493,2025-04-06 08:45:00,Ivo,Kavanagh,ivo.kavanagh@quillon.com,quillon.com,Paid Social - Meta,lead-form-broad,false
L001494,2025-04-04 11:45:00,Ivo,Farrell,ivo.farrell@copperline.com,copperline.com,Paid Social - Meta,lead-form-broad,false
L001495,2025-04-25 15:30:00,Anaya,Grant,anaya.grant@halcyon.com,halcyon.com,Paid Social - Meta,mofu-retarget,false
L001496,2025-04-05 12:45:00,Noor,Bahri,noor.bahri@marlowe.com,marlowe.com,Paid Social - Meta,prospecting-lal,false
L001497,2025-04-29 09:00:00,Jonas,Novak,jonas.novak@foxglove.com,foxglove.com,Paid Social - Meta,lead-form-broad,false
L001498,2025-04-17 13:30:00,Alicia,Demir,alicia.demir@ridgeline.com,ridgeline.com,Paid Social - Meta,lead-form-broad,false
L001499,2025-04-25 17:15:00,Malik,Almeida,malik.almeida@ferrous.com,ferrous.com,Paid Social - Meta,mofu-retarget,false
L001500,2025-04-08 17:45:00,Arun,Krishnan,arun.krishnan@solvent.com,solvent.com,Paid Social - Meta,mofu-retarget,false
L001501,2025-04-30 10:00:00,Ingrid,Horvat,ingrid.horvat@foxglove.com,foxglove.com,Paid Social - Meta,lead-form-broad,true
L001502,2025-04-27 19:15:00,Ivo,Almeida,ivo.almeida@pinnacle.com,pinnacle.com,Paid Social - Meta,mofu-retarget,false
L001503,2025-04-26 07:00:00,Alicia,Horvat,alicia.horvat@lumen.com,lumen.com,Paid Social - Meta,lead-form-broad,false
L001504,2025-04-23 08:15:00,Rafael,Bahri,rafael.bahri@anvil.com,anvil.com,Paid Social - Meta,prospecting-lal,false
L001505,2025-04-04 17:30:00,Jonas,Doyle,jonas.doyle@tessellate.com,tessellate.com,Paid Social - Meta,lead-form-broad,false
L001506,2025-04-29 18:15:00,Darius,Iyer,darius.iyer@quillon.com,quillon.com,Paid Social - Meta,lead-form-broad,false
L001507,2025-04-17 13:15:00,Grace,Aaltonen,grace.aaltonen@copperline.com,copperline.com,Paid Social - Meta,lead-form-broad,false
L001508,2025-04-04 12:45:00,Siobhan,Aaltonen,siobhan.aaltonen@pinnacle.com,pinnacle.com,Paid Social - Meta,mofu-retarget,false
L001509,2025-04-24 14:00:00,Peter,Aaltonen,peter.aaltonen@quillon.com,quillon.com,Paid Social - Meta,prospecting-lal,false
L001510,2025-04-17 13:30:00,Grace,Zhang,grace.zhang@ember.com,ember.com,Paid Social - Meta,mofu-retarget,false
L001511,2025-04-23 09:00:00,Darius,Vieira,darius.vieira@redwood.com,redwood.com,Paid Social - Meta,lead-form-broad,false
L001512,2025-04-10 11:15:00,Rafael,Farrell,rafael.farrell@dovetail.com,dovetail.com,Paid Social - Meta,prospecting-lal,false
L001513,2025-04-25 19:15:00,Margit,Castellanos,margit.castellanos@arclight.com,arclight.com,Paid Social - Meta,mofu-retarget,false
L001514,2025-04-03 12:15:00,Priya,Szabo,priya.szabo@copperline.com,copperline.com,Paid Social - Meta,prospecting-lal,false
L001515,2025-04-19 14:15:00,Renata,Iyer,renata.iyer@ridgeline.com,ridgeline.com,Paid Social - Meta,mofu-retarget,false
L001516,2025-04-15 15:30:00,Mei,Krishnan,mei.krishnan@oakhurst.com,oakhurst.com,Paid Social - Meta,prospecting-lal,false
L001517,2025-04-22 09:45:00,Ingrid,Horvat,ingrid.horvat@ridgeline.com,ridgeline.com,Paid Social - Meta,prospecting-lal,false
L001518,2025-04-24 09:15:00,Beatriz,Raghunathan,beatriz.raghunathan@foxglove.com,foxglove.com,Paid Social - Meta,mofu-retarget,false
L001519,2025-04-26 18:30:00,Yusuf,Zhang,yusuf.zhang@marlowe.com,marlowe.com,Paid Social - Meta,mofu-retarget,false
L001520,2025-04-15 08:30:00,Rafael,Pires,rafael.pires@meridian.com,meridian.com,Paid Social - Meta,lead-form-broad,false
L001521,2025-04-22 18:00:00,Ivo,Vieira,ivo.vieira@granitepeak.com,granitepeak.com,Paid Social - Meta,lead-form-broad,false
L001522,2025-04-13 10:15:00,Darius,Lindqvist,darius.lindqvist@oakhurst.com,oakhurst.com,Paid Social - Meta,prospecting-lal,false
L001523,2025-04-15 18:00:00,Noor,Zhang,noor.zhang@anvil.com,anvil.com,Paid Social - Meta,lead-form-broad,false
L001524,2025-04-25 18:00:00,Margit,Vieira,margit.vieira@redwood.com,redwood.com,Paid Social - Meta,prospecting-lal,false
L001525,2025-04-17 15:00:00,Siobhan,Aaltonen,siobhan.aaltonen@kestrel.com,kestrel.com,Paid Social - Meta,prospecting-lal,false
L001526,2025-04-07 19:30:00,Priya,Doyle,priya.doyle@arclight.com,arclight.com,Paid Social - Meta,mofu-retarget,false
L001527,2025-04-29 18:00:00,Ingrid,Castellanos,ingrid.castellanos@ridgeline.com,ridgeline.com,Paid Social - Meta,prospecting-lal,false
L001528,2025-04-10 13:45:00,Noor,Ferreira,noor.ferreira@granitepeak.com,granitepeak.com,Paid Social - Meta,prospecting-lal,false
L001529,2025-04-16 14:30:00,Alicia,Okonkwo,alicia.okonkwo@ferrous.com,ferrous.com,Paid Social - Meta,prospecting-lal,true
L001530,2025-04-13 11:30:00,Peter,Castellanos,peter.castellanos@marlowe.com,marlowe.com,Paid Social - Meta,mofu-retarget,false
L001531,2025-04-01 14:30:00,Alicia,Doyle,alicia.doyle@brightpath.com,brightpath.com,Paid Social - Meta,mofu-retarget,false
L001532,2025-04-01 07:00:00,Arun,Castellanos,arun.castellanos@copperline.com,copperline.com,Paid Social - Meta,prospecting-lal,false
L001533,2025-04-25 17:15:00,Kenji,Nwosu,kenji.nwosu@lumen.com,lumen.com,Paid Social - Meta,lead-form-broad,false
L001534,2025-04-30 17:15:00,Arun,Zhang,arun.zhang@ferrous.com,ferrous.com,Paid Social - Meta,mofu-retarget,false
L001535,2025-04-04 16:00:00,Jonas,Pires,jonas.pires@meridian.com,meridian.com,Paid Social - Meta,mofu-retarget,false
L001536,2025-04-27 16:30:00,Adeola,Almeida,adeola.almeida@cascade.com,cascade.com,Paid Social - Meta,prospecting-lal,false
L001537,2025-04-07 13:30:00,Elodie,Nwosu,elodie.nwosu@dovetail.com,dovetail.com,Paid Social - Meta,prospecting-lal,false
L001538,2025-04-27 08:00:00,Malik,Okonkwo,malik.okonkwo@ironwood.com,ironwood.com,Paid Social - Meta,lead-form-broad,false
L001539,2025-04-06 16:15:00,Siobhan,Petrov,siobhan.petrov@lumen.com,lumen.com,Paid Social - Meta,lead-form-broad,false
L001540,2025-04-16 17:45:00,Margit,Iyer,margit.iyer@cascade.com,cascade.com,Paid Social - Meta,prospecting-lal,false
L001541,2025-04-25 07:00:00,Beatriz,Doyle,beatriz.doyle@meridian.com,meridian.com,Paid Social - Meta,prospecting-lal,false
L001542,2025-04-21 09:45:00,Grace,Almeida,grace.almeida@cascade.com,cascade.com,Paid Social - Meta,mofu-retarget,false
L001543,2025-04-28 18:30:00,Ivo,Vieira,ivo.vieira@ridgeline.com,ridgeline.com,Paid Social - Meta,lead-form-broad,false
L001544,2025-04-20 15:00:00,Noor,Almeida,noor.almeida@kestrel.com,kestrel.com,Paid Social - Meta,lead-form-broad,false
L001545,2025-04-24 12:15:00,Alicia,Bergstrom,alicia.bergstrom@quarry.com,quarry.com,Paid Social - Meta,mofu-retarget,false
L001546,2025-04-05 10:45:00,Adeola,Horvat,adeola.horvat@ember.com,ember.com,Paid Social - Meta,mofu-retarget,false
L001547,2025-04-06 17:45:00,Estelle,Doyle,estelle.doyle@ferrous.com,ferrous.com,Paid Social - Meta,lead-form-broad,false
L001548,2025-04-19 18:30:00,Beatriz,Szabo,beatriz.szabo@cascade.com,cascade.com,Paid Social - Meta,lead-form-broad,false
L001549,2025-04-10 16:15:00,Malik,Raghunathan,malik.raghunathan@ember.com,ember.com,Paid Social - Meta,prospecting-lal,false
L001550,2025-04-26 17:30:00,Elodie,Doyle,elodie.doyle@foxglove.com,foxglove.com,Paid Social - Meta,lead-form-broad,false
L001551,2025-04-02 07:15:00,Marcus,Moreau,marcus.moreau@foxglove.com,foxglove.com,Paid Social - Meta,mofu-retarget,false
L001552,2025-04-12 18:30:00,Priya,Raghunathan,priya.raghunathan@lumen.com,lumen.com,Paid Social - Meta,lead-form-broad,false
L001553,2025-04-24 13:00:00,Ingrid,Watanabe,ingrid.watanabe@brightpath.com,brightpath.com,Paid Search - Non-Brand,competitor-terms,false
L001554,2025-04-16 08:15:00,Rafael,Haddad,rafael.haddad@cascade.com,cascade.com,Paid Search - Non-Brand,category-terms,false
L001555,2025-04-12 08:00:00,Marcus,Demir,marcus.demir@ridgeline.com,ridgeline.com,Paid Search - Non-Brand,solution-terms,false
L001556,2025-04-26 15:45:00,Rafael,Iyer,rafael.iyer@anvil.com,anvil.com,Paid Search - Non-Brand,category-terms,false
L001557,2025-04-14 07:30:00,Ivo,Bergstrom,ivo.bergstrom@marlowe.com,marlowe.com,Paid Search - Non-Brand,solution-terms,false
L001558,2025-04-25 07:45:00,Mei,Byrne,mei.byrne@juniper.com,juniper.com,Paid Search - Non-Brand,solution-terms,false
L001559,2025-04-19 08:15:00,Darius,Raghunathan,darius.raghunathan@saltmarsh.com,saltmarsh.com,Paid Search - Non-Brand,competitor-terms,false
L001560,2025-04-07 15:15:00,Cormac,Iyer,cormac.iyer@marlowe.com,marlowe.com,Paid Search - Non-Brand,competitor-terms,false
L001561,2025-04-28 19:45:00,Noor,Iyer,noor.iyer@arclight.com,arclight.com,Paid Search - Non-Brand,solution-terms,false
L001562,2025-04-23 18:00:00,Beatriz,Raghunathan,beatriz.raghunathan@granitepeak.com,granitepeak.com,Paid Search - Non-Brand,category-terms,false
L001563,2025-04-03 19:15:00,Ivo,Nwosu,ivo.nwosu@ferrous.com,ferrous.com,Paid Search - Non-Brand,solution-terms,true
L001564,2025-04-29 09:30:00,Lena,Kavanagh,lena.kavanagh@juniper.com,juniper.com,Paid Search - Non-Brand,category-terms,false
L001565,2025-04-16 15:30:00,Callum,Bahri,callum.bahri@northwind.com,northwind.com,Paid Search - Non-Brand,competitor-terms,false
L001566,2025-04-17 17:30:00,Rafael,Zhang,rafael.zhang@quillon.com,quillon.com,Paid Search - Non-Brand,competitor-terms,false
L001567,2025-04-29 16:45:00,Grace,Moreau,grace.moreau@tessellate.com,tessellate.com,Paid Search - Non-Brand,solution-terms,false
L001568,2025-04-06 17:45:00,Beatriz,Okonkwo,beatriz.okonkwo@saltmarsh.com,saltmarsh.com,Paid Search - Non-Brand,competitor-terms,true
L001569,2025-04-19 08:00:00,Noor,Ferreira,noor.ferreira@oakhurst.com,oakhurst.com,Paid Search - Non-Brand,competitor-terms,false
L001570,2025-04-20 18:30:00,Anaya,Moreau,anaya.moreau@granitepeak.com,granitepeak.com,Paid Search - Non-Brand,competitor-terms,false
L001571,2025-04-01 11:45:00,Darius,Okonkwo,darius.okonkwo@juniper.com,juniper.com,Paid Search - Non-Brand,competitor-terms,false
L001572,2025-04-29 07:45:00,Darius,Bahri,darius.bahri@ironwood.com,ironwood.com,Paid Search - Non-Brand,solution-terms,false
L001573,2025-04-28 09:00:00,Grace,Szabo,grace.szabo@halcyon.com,halcyon.com,Paid Search - Non-Brand,competitor-terms,false
L001574,2025-04-26 16:15:00,Malik,Vieira,malik.vieira@ironwood.com,ironwood.com,Paid Search - Non-Brand,category-terms,false
L001575,2025-04-05 11:00:00,Jonas,Kavanagh,jonas.kavanagh@juniper.com,juniper.com,Paid Search - Non-Brand,competitor-terms,false
L001576,2025-04-24 07:45:00,Jonas,Krishnan,jonas.krishnan@nimbus.com,nimbus.com,Paid Search - Non-Brand,competitor-terms,true
L001577,2025-04-12 15:30:00,Adeola,Farrell,adeola.farrell@kestrel.com,kestrel.com,Paid Search - Non-Brand,solution-terms,false
L001578,2025-04-09 08:00:00,Jonas,Vieira,jonas.vieira@marlowe.com,marlowe.com,Paid Search - Non-Brand,competitor-terms,false
L001579,2025-04-08 19:30:00,Malik,Byrne,malik.byrne@ridgeline.com,ridgeline.com,Paid Search - Non-Brand,solution-terms,false
L001580,2025-04-16 08:45:00,Ingrid,Pires,ingrid.pires@quillon.com,quillon.com,Paid Search - Non-Brand,competitor-terms,false
L001581,2025-04-14 07:45:00,Darius,Aaltonen,darius.aaltonen@solvent.com,solvent.com,Paid Search - Non-Brand,category-terms,false
L001582,2025-04-24 20:30:00,Anaya,Vieira,anaya.vieira@quarry.com,quarry.com,Paid Search - Non-Brand,category-terms,false
L001583,2025-04-08 10:45:00,Ingrid,Haddad,ingrid.haddad@cascade.com,cascade.com,Paid Search - Non-Brand,competitor-terms,false
L001584,2025-04-01 15:30:00,Margit,Bergstrom,margit.bergstrom@foxglove.com,foxglove.com,Paid Search - Non-Brand,category-terms,false
L001585,2025-04-14 19:15:00,Omar,Horvat,omar.horvat@redwood.com,redwood.com,Paid Search - Non-Brand,category-terms,false
L001586,2025-04-22 11:00:00,Elodie,Demir,elodie.demir@northwind.com,northwind.com,Paid Search - Non-Brand,category-terms,false
L001587,2025-04-14 20:30:00,Estelle,Szabo,estelle.szabo@marlowe.com,marlowe.com,Paid Search - Non-Brand,category-terms,false
L001588,2025-04-11 08:00:00,Estelle,Ferreira,estelle.ferreira@cascade.com,cascade.com,Paid Search - Non-Brand,competitor-terms,true
L001589,2025-04-05 08:15:00,Yusuf,Doyle,yusuf.doyle@ridgeline.com,ridgeline.com,Paid Search - Non-Brand,solution-terms,false
L001590,2025-04-25 09:30:00,Ingrid,Ferreira,ingrid.ferreira@brightpath.com,brightpath.com,Paid Search - Non-Brand,solution-terms,false
L001591,2025-04-11 12:45:00,Mei,Moreau,mei.moreau@ember.com,ember.com,Paid Search - Non-Brand,competitor-terms,false
L001592,2025-04-16 10:30:00,Priya,Iyer,priya.iyer@marlowe.com,marlowe.com,Paid Search - Non-Brand,competitor-terms,false
L001593,2025-04-15 10:45:00,Adeola,Demir,adeola.demir@oakhurst.com,oakhurst.com,Paid Search - Non-Brand,solution-terms,false
L001594,2025-04-04 10:15:00,Ingrid,Bahri,ingrid.bahri@northwind.com,northwind.com,Paid Search - Non-Brand,category-terms,false
L001595,2025-04-12 10:45:00,Adeola,Demir,adeola.demir@ridgeline.com,ridgeline.com,Paid Search - Non-Brand,competitor-terms,false
L001596,2025-04-13 12:00:00,Mei,Szabo,mei.szabo@marlowe.com,marlowe.com,Paid Search - Non-Brand,solution-terms,false
L001597,2025-04-14 15:15:00,Anaya,Haddad,anaya.haddad@harborview.com,harborview.com,Paid Search - Non-Brand,category-terms,false
L001598,2025-04-17 11:00:00,Mei,Petrov,mei.petrov@quarry.com,quarry.com,Paid Search - Non-Brand,competitor-terms,false
L001599,2025-04-22 08:45:00,Callum,Aaltonen,callum.aaltonen@ridgeline.com,ridgeline.com,Paid Search - Non-Brand,category-terms,false
L001600,2025-04-22 19:15:00,Ivo,Mulvaney,ivo.mulvaney@ridgeline.com,ridgeline.com,Paid Search - Non-Brand,solution-terms,true
L001601,2025-04-13 12:30:00,Hollis,Bahri,hollis.bahri@saltmarsh.com,saltmarsh.com,Paid Search - Non-Brand,category-terms,false
L001602,2025-04-17 14:00:00,Peter,Doyle,peter.doyle@lumen.com,lumen.com,Paid Search - Non-Brand,category-terms,false
L001603,2025-04-06 11:45:00,Marcus,Pires,marcus.pires@lumen.com,lumen.com,Paid Search - Non-Brand,solution-terms,false
L001604,2025-04-09 07:30:00,Ivo,Haddad,ivo.haddad@kestrel.com,kestrel.com,Paid Search - Non-Brand,competitor-terms,false
L001605,2025-04-06 19:45:00,Alicia,Whitfield,alicia.whitfield@ember.com,ember.com,Paid Search - Non-Brand,competitor-terms,false
L001606,2025-04-20 10:45:00,Adeola,Ferreira,adeola.ferreira@copperline.com,copperline.com,Paid Search - Non-Brand,solution-terms,false
L001607,2025-04-12 08:45:00,Alicia,Bergstrom,alicia.bergstrom@ferrous.com,ferrous.com,Paid Search - Non-Brand,solution-terms,false
L001608,2025-04-24 13:30:00,Ingrid,Bergstrom,ingrid.bergstrom@oakhurst.com,oakhurst.com,Paid Search - Non-Brand,competitor-terms,false
L001609,2025-04-21 20:00:00,Jonas,Okonkwo,jonas.okonkwo@granitepeak.com,granitepeak.com,Paid Search - Non-Brand,solution-terms,false
L001610,2025-04-29 07:15:00,Mei,Grant,mei.grant@meridian.com,meridian.com,Paid Search - Non-Brand,category-terms,false
L001611,2025-04-12 13:30:00,Mei,Novak,mei.novak@quarry.com,quarry.com,Paid Search - Non-Brand,category-terms,false
L001612,2025-04-18 12:30:00,Jonas,Bahri,jonas.bahri@quarry.com,quarry.com,Paid Search - Non-Brand,competitor-terms,false
L001613,2025-04-27 17:45:00,Adeola,Haddad,adeola.haddad@kestrel.com,kestrel.com,Paid Search - Non-Brand,competitor-terms,true
L001614,2025-04-09 15:45:00,Mei,Mulvaney,mei.mulvaney@juniper.com,juniper.com,Paid Search - Non-Brand,competitor-terms,false
L001615,2025-04-16 18:30:00,Anaya,Okonkwo,anaya.okonkwo@juniper.com,juniper.com,Paid Social - LinkedIn,jobtitle-targeting,false
L001616,2025-04-07 17:45:00,Adeola,Demir,adeola.demir@juniper.com,juniper.com,Paid Social - LinkedIn,content-download,false
L001617,2025-04-26 09:30:00,Arun,Castellanos,arun.castellanos@solvent.com,solvent.com,Paid Social - LinkedIn,abm-tier1,false
L001618,2025-04-14 14:15:00,Malik,Aaltonen,malik.aaltonen@anvil.com,anvil.com,Paid Social - LinkedIn,abm-tier1,false
L001619,2025-04-28 19:45:00,Mei,Moreau,mei.moreau@oakhurst.com,oakhurst.com,Paid Social - LinkedIn,abm-tier1,false
L001620,2025-04-20 19:15:00,Anaya,Farrell,anaya.farrell@nimbus.com,nimbus.com,Paid Social - LinkedIn,jobtitle-targeting,true
L001621,2025-04-16 16:00:00,Darius,Farrell,darius.farrell@pinnacle.com,pinnacle.com,Paid Social - LinkedIn,abm-tier1,true
L001622,2025-04-20 07:45:00,Marcus,Aaltonen,marcus.aaltonen@harborview.com,harborview.com,Paid Social - LinkedIn,content-download,false
L001623,2025-04-04 09:15:00,Elodie,Bergstrom,elodie.bergstrom@saltmarsh.com,saltmarsh.com,Paid Social - LinkedIn,jobtitle-targeting,false
L001624,2025-04-06 20:00:00,Anaya,Haddad,anaya.haddad@ridgeline.com,ridgeline.com,Paid Social - LinkedIn,abm-tier1,false
L001625,2025-04-05 11:00:00,Priya,Horvat,priya.horvat@thornbury.com,thornbury.com,Paid Social - LinkedIn,content-download,false
L001626,2025-04-07 07:15:00,Jonas,Horvat,jonas.horvat@ember.com,ember.com,Paid Social - LinkedIn,jobtitle-targeting,false
L001627,2025-04-23 10:15:00,Kenji,Haddad,kenji.haddad@ironwood.com,ironwood.com,Paid Social - LinkedIn,content-download,false
L001628,2025-04-12 10:00:00,Ivo,Watanabe,ivo.watanabe@meridian.com,meridian.com,Paid Social - LinkedIn,jobtitle-targeting,false
L001629,2025-04-11 09:15:00,Jonas,Vieira,jonas.vieira@quarry.com,quarry.com,Paid Social - LinkedIn,jobtitle-targeting,false
L001630,2025-04-24 08:15:00,Marcus,Ferreira,marcus.ferreira@redwood.com,redwood.com,Paid Social - LinkedIn,abm-tier1,false
L001631,2025-04-03 14:30:00,Margit,Kavanagh,margit.kavanagh@lumen.com,lumen.com,Paid Social - LinkedIn,content-download,false
L001632,2025-04-27 14:45:00,Peter,Bahri,peter.bahri@granitepeak.com,granitepeak.com,Paid Social - LinkedIn,abm-tier1,false
L001633,2025-04-27 10:00:00,Ivo,Whitfield,ivo.whitfield@cascade.com,cascade.com,Paid Social - LinkedIn,content-download,false
L001634,2025-04-07 15:30:00,Ivo,Byrne,ivo.byrne@copperline.com,copperline.com,Paid Social - LinkedIn,abm-tier1,false
L001635,2025-04-10 15:45:00,Darius,Szabo,darius.szabo@thornbury.com,thornbury.com,Paid Social - LinkedIn,content-download,false
L001636,2025-04-20 08:15:00,Beatriz,Mulvaney,beatriz.mulvaney@quarry.com,quarry.com,Paid Social - LinkedIn,abm-tier1,false
L001637,2025-04-14 07:30:00,Grace,Aaltonen,grace.aaltonen@halcyon.com,halcyon.com,Paid Social - LinkedIn,jobtitle-targeting,true
L001638,2025-04-28 12:30:00,Margit,Krishnan,margit.krishnan@thornbury.com,thornbury.com,Paid Social - LinkedIn,abm-tier1,false
L001639,2025-04-02 07:00:00,Margit,Moreau,margit.moreau@thornbury.com,thornbury.com,Paid Social - LinkedIn,abm-tier1,false
L001640,2025-04-02 14:45:00,Siobhan,Okonkwo,siobhan.okonkwo@nimbus.com,nimbus.com,Paid Social - LinkedIn,jobtitle-targeting,false
L001641,2025-04-14 07:00:00,Ivo,Ferreira,ivo.ferreira@northwind.com,northwind.com,Paid Social - LinkedIn,content-download,false
L001642,2025-04-25 15:00:00,Arun,Watanabe,arun.watanabe@oakhurst.com,oakhurst.com,Paid Social - LinkedIn,content-download,false
L001643,2025-04-30 15:30:00,Lena,Castellanos,lena.castellanos@pinnacle.com,pinnacle.com,Paid Social - LinkedIn,abm-tier1,false
L001644,2025-04-20 20:00:00,Estelle,Horvat,estelle.horvat@lumen.com,lumen.com,Paid Social - LinkedIn,abm-tier1,false
L001645,2025-04-24 14:00:00,Grace,Whitfield,grace.whitfield@nimbus.com,nimbus.com,Organic / Direct,none,false
L001646,2025-04-10 18:45:00,Mei,Raghunathan,mei.raghunathan@ferrous.com,ferrous.com,Organic / Direct,none,true
L001647,2025-04-20 18:30:00,Noor,Demir,noor.demir@ferrous.com,ferrous.com,Organic / Direct,none,false
L001648,2025-04-22 12:30:00,Priya,Lindqvist,priya.lindqvist@foxglove.com,foxglove.com,Organic / Direct,none,false
L001649,2025-04-01 16:00:00,Estelle,Demir,estelle.demir@saltmarsh.com,saltmarsh.com,Organic / Direct,none,false
L001650,2025-04-26 20:45:00,Mei,Byrne,mei.byrne@lumen.com,lumen.com,Organic / Direct,none,false
L001651,2025-04-06 16:45:00,Mei,Aaltonen,mei.aaltonen@kestrel.com,kestrel.com,Organic / Direct,none,false
L001652,2025-04-24 20:45:00,Siobhan,Bergstrom,siobhan.bergstrom@arclight.com,arclight.com,Organic / Direct,none,false
L001653,2025-04-12 14:30:00,Hollis,Almeida,hollis.almeida@foxglove.com,foxglove.com,Organic / Direct,none,false
L001654,2025-04-07 17:45:00,Arun,Lindqvist,arun.lindqvist@granitepeak.com,granitepeak.com,Organic / Direct,none,false
L001655,2025-04-18 15:30:00,Yusuf,Moreau,yusuf.moreau@northwind.com,northwind.com,Organic / Direct,none,false
L001656,2025-04-03 07:00:00,Siobhan,Nwosu,siobhan.nwosu@tessellate.com,tessellate.com,Organic / Direct,none,false
L001657,2025-04-07 09:00:00,Anaya,Mulvaney,anaya.mulvaney@harborview.com,harborview.com,Organic / Direct,none,true
L001658,2025-04-17 16:00:00,Tomas,Nwosu,tomas.nwosu@quillon.com,quillon.com,Organic / Direct,none,false
L001659,2025-04-25 14:00:00,Elodie,Horvat,elodie.horvat@ferrous.com,ferrous.com,Organic / Direct,none,true
L001660,2025-04-29 20:00:00,Beatriz,Horvat,beatriz.horvat@ridgeline.com,ridgeline.com,Organic / Direct,none,false
L001661,2025-04-03 09:30:00,Noor,Byrne,noor.byrne@harborview.com,harborview.com,Organic / Direct,none,false
L001662,2025-04-11 20:00:00,Yusuf,Haddad,yusuf.haddad@halcyon.com,halcyon.com,Organic / Direct,none,false
L001663,2025-04-30 17:00:00,Adeola,Moreau,adeola.moreau@quillon.com,quillon.com,Organic / Direct,none,false
L001664,2025-04-02 16:15:00,Marcus,Iyer,marcus.iyer@ferrous.com,ferrous.com,Organic / Direct,none,false
L001665,2025-04-14 17:00:00,Alicia,Okonkwo,alicia.okonkwo@pinnacle.com,pinnacle.com,Organic / Direct,none,false
L001666,2025-04-05 18:30:00,Malik,Zhang,malik.zhang@nimbus.com,nimbus.com,Organic / Direct,none,false
L001667,2025-04-10 10:15:00,Siobhan,Doyle,siobhan.doyle@quillon.com,quillon.com,Organic / Direct,none,false
L001668,2025-04-09 12:30:00,Jonas,Okonkwo,jonas.okonkwo@halcyon.com,halcyon.com,Organic / Direct,none,false
L001669,2025-04-20 11:45:00,Renata,Iyer,renata.iyer@brightpath.com,brightpath.com,Organic / Direct,none,true
L001670,2025-04-02 13:00:00,Anaya,Castellanos,anaya.castellanos@redwood.com,redwood.com,Organic / Direct,none,false
L001671,2025-04-23 16:30:00,Elodie,Moreau,elodie.moreau@quillon.com,quillon.com,Organic / Direct,none,false
L001672,2025-04-18 09:15:00,Omar,Szabo,omar.szabo@thornbury.com,thornbury.com,Organic / Direct,none,false
L001673,2025-04-30 20:30:00,Anaya,Aaltonen,anaya.aaltonen@thornbury.com,thornbury.com,Organic / Direct,none,false
L001674,2025-04-16 08:45:00,Alicia,Mulvaney,alicia.mulvaney@cascade.com,cascade.com,Organic / Direct,none,false
L001675,2025-04-23 09:45:00,Beatriz,Ferreira,beatriz.ferreira@pinnacle.com,pinnacle.com,Organic / Direct,none,false
L001676,2025-05-10 08:45:00,Estelle,Szabo,estelle.szabo@meridian.com,meridian.com,Display - Programmatic,contextual-b2b,false
L001677,2025-05-31 15:00:00,Hollis,Raghunathan,hollis.raghunathan@northwind.com,northwind.com,Display - Programmatic,contextual-b2b,false
L001678,2025-05-27 13:30:00,Rafael,Szabo,rafael.szabo@tessellate.com,tessellate.com,Display - Programmatic,retarget-display,false
L001679,2025-05-05 18:30:00,Adeola,Vieira,adeola.vieira@brightpath.com,brightpath.com,Display - Programmatic,contextual-b2b,false
L001680,2025-05-04 19:45:00,Margit,Almeida,margit.almeida@ferrous.com,ferrous.com,Display - Programmatic,retarget-display,false
L001681,2025-05-10 10:30:00,Grace,Watanabe,grace.watanabe@harborview.com,harborview.com,Display - Programmatic,contextual-b2b,false
L001682,2025-05-20 07:45:00,Peter,Whitfield,peter.whitfield@granitepeak.com,granitepeak.com,Display - Programmatic,retarget-display,false
L001683,2025-05-21 16:15:00,Alicia,Aaltonen,alicia.aaltonen@solvent.com,solvent.com,Display - Programmatic,contextual-b2b,false
L001684,2025-05-28 14:45:00,Elodie,Doyle,elodie.doyle@pinnacle.com,pinnacle.com,Display - Programmatic,retarget-display,false
L001685,2025-05-14 07:00:00,Lena,Pires,lena.pires@oakhurst.com,oakhurst.com,Display - Programmatic,retarget-display,false
L001686,2025-05-15 19:15:00,Margit,Demir,margit.demir@quillon.com,quillon.com,Display - Programmatic,contextual-b2b,false
L001687,2025-05-25 08:00:00,Lena,Almeida,lena.almeida@halcyon.com,halcyon.com,Display - Programmatic,retarget-display,false
L001688,2025-05-07 10:00:00,Alicia,Pires,alicia.pires@kestrel.com,kestrel.com,Display - Programmatic,contextual-b2b,false
L001689,2025-05-22 19:15:00,Cormac,Ferreira,cormac.ferreira@kestrel.com,kestrel.com,Display - Programmatic,retarget-display,false
L001690,2025-05-10 12:45:00,Priya,Szabo,priya.szabo@marlowe.com,marlowe.com,Display - Programmatic,contextual-b2b,false
L001691,2025-05-18 19:45:00,Cormac,Petrov,cormac.petrov@juniper.com,juniper.com,Display - Programmatic,retarget-display,false
L001692,2025-05-21 08:30:00,Renata,Byrne,renata.byrne@ferrous.com,ferrous.com,Display - Programmatic,retarget-display,false
L001693,2025-05-08 08:30:00,Jonas,Moreau,jonas.moreau@halcyon.com,halcyon.com,Display - Programmatic,retarget-display,false
L001694,2025-05-14 10:45:00,Noor,Petrov,noor.petrov@saltmarsh.com,saltmarsh.com,Display - Programmatic,retarget-display,false
L001695,2025-05-05 15:30:00,Lena,Mulvaney,lena.mulvaney@meridian.com,meridian.com,Display - Programmatic,contextual-b2b,false
L001696,2025-05-11 10:00:00,Yusuf,Castellanos,yusuf.castellanos@quarry.com,quarry.com,Display - Programmatic,retarget-display,false
L001697,2025-05-13 13:15:00,Kenji,Novak,kenji.novak@tessellate.com,tessellate.com,Display - Programmatic,retarget-display,false
L001698,2025-05-13 11:15:00,Malik,Vieira,malik.vieira@foxglove.com,foxglove.com,Display - Programmatic,contextual-b2b,false
L001699,2025-05-12 11:30:00,Cormac,Lindqvist,cormac.lindqvist@granitepeak.com,granitepeak.com,Display - Programmatic,retarget-display,false
L001700,2025-05-03 17:30:00,Grace,Doyle,grace.doyle@oakhurst.com,oakhurst.com,Display - Programmatic,contextual-b2b,false
L001701,2025-05-18 07:15:00,Rafael,Vieira,rafael.vieira@anvil.com,anvil.com,Display - Programmatic,retarget-display,false
L001702,2025-05-05 17:15:00,Lena,Farrell,lena.farrell@oakhurst.com,oakhurst.com,Display - Programmatic,contextual-b2b,false
L001703,2025-05-13 09:15:00,Cormac,Aaltonen,cormac.aaltonen@anvil.com,anvil.com,Display - Programmatic,contextual-b2b,false
L001704,2025-05-19 16:30:00,Cormac,Farrell,cormac.farrell@lumen.com,lumen.com,Display - Programmatic,contextual-b2b,false
L001705,2025-05-16 20:30:00,Beatriz,Lindqvist,beatriz.lindqvist@meridian.com,meridian.com,Display - Programmatic,contextual-b2b,false
L001706,2025-05-20 09:30:00,Marcus,Castellanos,marcus.castellanos@ridgeline.com,ridgeline.com,Display - Programmatic,contextual-b2b,false
L001707,2025-05-05 17:00:00,Cormac,Moreau,cormac.moreau@tessellate.com,tessellate.com,Display - Programmatic,contextual-b2b,false
L001708,2025-05-25 11:30:00,Rafael,Bergstrom,rafael.bergstrom@kestrel.com,kestrel.com,Display - Programmatic,contextual-b2b,false
L001709,2025-05-13 16:30:00,Grace,Demir,grace.demir@quarry.com,quarry.com,Display - Programmatic,retarget-display,false
L001710,2025-05-16 12:45:00,Renata,Lindqvist,renata.lindqvist@granitepeak.com,granitepeak.com,Display - Programmatic,retarget-display,false
L001711,2025-05-15 13:30:00,Grace,Okonkwo,grace.okonkwo@foxglove.com,foxglove.com,Display - Programmatic,contextual-b2b,false
L001712,2025-05-08 08:30:00,Rafael,Krishnan,rafael.krishnan@northwind.com,northwind.com,Display - Programmatic,retarget-display,false
L001713,2025-05-26 18:00:00,Mei,Pires,mei.pires@kestrel.com,kestrel.com,Display - Programmatic,contextual-b2b,false
L001714,2025-05-29 13:45:00,Alicia,Raghunathan,alicia.raghunathan@ironwood.com,ironwood.com,Display - Programmatic,contextual-b2b,false
L001715,2025-05-13 07:15:00,Beatriz,Aaltonen,beatriz.aaltonen@marlowe.com,marlowe.com,Display - Programmatic,retarget-display,false
L001716,2025-05-13 13:30:00,Peter,Szabo,peter.szabo@quillon.com,quillon.com,Display - Programmatic,retarget-display,false
L001717,2025-05-03 15:00:00,Kenji,Kavanagh,kenji.kavanagh@halcyon.com,halcyon.com,Display - Programmatic,contextual-b2b,false
L001718,2025-05-05 20:45:00,Ingrid,Mulvaney,ingrid.mulvaney@meridian.com,meridian.com,Display - Programmatic,contextual-b2b,false
L001719,2025-05-24 15:00:00,Ingrid,Byrne,ingrid.byrne@solvent.com,solvent.com,Display - Programmatic,retarget-display,false
L001720,2025-05-26 17:30:00,Cormac,Zhang,cormac.zhang@halcyon.com,halcyon.com,Display - Programmatic,retarget-display,false
L001721,2025-05-20 14:00:00,Anaya,Pires,anaya.pires@granitepeak.com,granitepeak.com,Display - Programmatic,contextual-b2b,false
L001722,2025-05-01 18:45:00,Ingrid,Ferreira,ingrid.ferreira@harborview.com,harborview.com,Display - Programmatic,contextual-b2b,false
L001723,2025-05-20 20:15:00,Grace,Demir,grace.demir@pinnacle.com,pinnacle.com,Display - Programmatic,retarget-display,false
L001724,2025-05-03 15:30:00,Ingrid,Horvat,ingrid.horvat@nimbus.com,nimbus.com,Display - Programmatic,retarget-display,true
L001725,2025-05-15 15:15:00,Ivo,Watanabe,ivo.watanabe@copperline.com,copperline.com,Display - Programmatic,retarget-display,false
L001726,2025-05-06 16:00:00,Tomas,Mulvaney,tomas.mulvaney@kestrel.com,kestrel.com,Display - Programmatic,contextual-b2b,false
L001727,2025-05-04 14:15:00,Priya,Raghunathan,priya.raghunathan@juniper.com,juniper.com,Display - Programmatic,retarget-display,false
L001728,2025-05-25 20:00:00,Estelle,Haddad,estelle.haddad@thornbury.com,thornbury.com,Display - Programmatic,contextual-b2b,false
L001729,2025-05-15 20:15:00,Yusuf,Demir,yusuf.demir@lumen.com,lumen.com,Display - Programmatic,contextual-b2b,false
L001730,2025-05-19 13:00:00,Estelle,Byrne,estelle.byrne@nimbus.com,nimbus.com,Display - Programmatic,retarget-display,false
L001731,2025-05-05 11:15:00,Callum,Mulvaney,callum.mulvaney@halcyon.com,halcyon.com,Display - Programmatic,retarget-display,false
L001732,2025-05-29 07:00:00,Mei,Okonkwo,mei.okonkwo@marlowe.com,marlowe.com,Display - Programmatic,contextual-b2b,false
L001733,2025-05-15 16:30:00,Siobhan,Kavanagh,siobhan.kavanagh@halcyon.com,halcyon.com,Display - Programmatic,contextual-b2b,false
L001734,2025-05-23 13:15:00,Tomas,Haddad,tomas.haddad@ironwood.com,ironwood.com,Display - Programmatic,contextual-b2b,false
L001735,2025-05-20 08:30:00,Cormac,Whitfield,cormac.whitfield@ferrous.com,ferrous.com,Display - Programmatic,contextual-b2b,false
L001736,2025-05-27 20:45:00,Lena,Whitfield,lena.whitfield@quillon.com,quillon.com,Display - Programmatic,retarget-display,false
L001737,2025-05-14 20:30:00,Darius,Doyle,darius.doyle@arclight.com,arclight.com,Display - Programmatic,contextual-b2b,false
L001738,2025-05-08 18:00:00,Kenji,Almeida,kenji.almeida@saltmarsh.com,saltmarsh.com,Display - Programmatic,retarget-display,false
L001739,2025-05-02 16:15:00,Callum,Bahri,callum.bahri@marlowe.com,marlowe.com,Display - Programmatic,retarget-display,false
L001740,2025-05-12 20:00:00,Rafael,Bergstrom,rafael.bergstrom@ferrous.com,ferrous.com,Display - Programmatic,contextual-b2b,false
L001741,2025-05-14 11:45:00,Adeola,Farrell,adeola.farrell@quillon.com,quillon.com,Display - Programmatic,retarget-display,false
L001742,2025-05-30 19:00:00,Darius,Aaltonen,darius.aaltonen@granitepeak.com,granitepeak.com,Display - Programmatic,contextual-b2b,false
L001743,2025-05-28 16:45:00,Kenji,Petrov,kenji.petrov@marlowe.com,marlowe.com,Display - Programmatic,retarget-display,false
L001744,2025-05-19 19:45:00,Elodie,Farrell,elodie.farrell@ferrous.com,ferrous.com,Display - Programmatic,retarget-display,false
L001745,2025-05-18 18:30:00,Jonas,Vieira,jonas.vieira@ferrous.com,ferrous.com,Display - Programmatic,contextual-b2b,false
L001746,2025-05-08 12:00:00,Priya,Zhang,priya.zhang@juniper.com,juniper.com,Display - Programmatic,retarget-display,false
L001747,2025-05-22 17:15:00,Elodie,Demir,elodie.demir@granitepeak.com,granitepeak.com,Display - Programmatic,retarget-display,false
L001748,2025-05-27 20:15:00,Lena,Moreau,lena.moreau@kestrel.com,kestrel.com,Display - Programmatic,retarget-display,false
L001749,2025-05-26 19:45:00,Marcus,Moreau,marcus.moreau@pinnacle.com,pinnacle.com,Paid Search - Brand,brand-exact,false
L001750,2025-05-31 16:30:00,Tomas,Pires,tomas.pires@copperline.com,copperline.com,Paid Search - Brand,brand-phrase,false
L001751,2025-05-08 17:00:00,Grace,Castellanos,grace.castellanos@cascade.com,cascade.com,Paid Search - Brand,brand-phrase,false
L001752,2025-05-29 11:45:00,Malik,Watanabe,malik.watanabe@pinnacle.com,pinnacle.com,Paid Search - Brand,brand-exact,false
L001753,2025-05-10 20:15:00,Adeola,Byrne,adeola.byrne@marlowe.com,marlowe.com,Paid Search - Brand,brand-phrase,false
L001754,2025-05-22 12:15:00,Rafael,Okonkwo,rafael.okonkwo@oakhurst.com,oakhurst.com,Paid Search - Brand,brand-exact,false
L001755,2025-05-11 17:00:00,Marcus,Bergstrom,marcus.bergstrom@pinnacle.com,pinnacle.com,Paid Search - Brand,brand-phrase,false
L001756,2025-05-14 12:30:00,Lena,Petrov,lena.petrov@kestrel.com,kestrel.com,Paid Search - Brand,brand-phrase,false
L001757,2025-05-10 20:30:00,Adeola,Vieira,adeola.vieira@kestrel.com,kestrel.com,Paid Search - Brand,brand-phrase,true
L001758,2025-05-29 13:00:00,Estelle,Byrne,estelle.byrne@brightpath.com,brightpath.com,Paid Search - Brand,brand-phrase,false
L001759,2025-05-21 08:45:00,Adeola,Almeida,adeola.almeida@foxglove.com,foxglove.com,Paid Search - Brand,brand-exact,false
L001760,2025-05-02 09:45:00,Omar,Zhang,omar.zhang@nimbus.com,nimbus.com,Paid Search - Brand,brand-exact,false
L001761,2025-05-04 20:00:00,Adeola,Demir,adeola.demir@kestrel.com,kestrel.com,Paid Search - Brand,brand-exact,false
L001762,2025-05-28 19:45:00,Darius,Nwosu,darius.nwosu@halcyon.com,halcyon.com,Paid Search - Brand,brand-phrase,false
L001763,2025-05-14 11:45:00,Elodie,Farrell,elodie.farrell@ember.com,ember.com,Paid Search - Brand,brand-phrase,false
L001764,2025-05-08 16:30:00,Anaya,Demir,anaya.demir@marlowe.com,marlowe.com,Paid Search - Brand,brand-exact,false
L001765,2025-05-18 13:00:00,Peter,Novak,peter.novak@cascade.com,cascade.com,Paid Search - Brand,brand-phrase,true
L001766,2025-05-16 11:30:00,Peter,Doyle,peter.doyle@foxglove.com,foxglove.com,Paid Search - Brand,brand-exact,false
L001767,2025-05-03 07:15:00,Rafael,Horvat,rafael.horvat@halcyon.com,halcyon.com,Paid Search - Brand,brand-phrase,true
L001768,2025-05-18 13:45:00,Jonas,Almeida,jonas.almeida@brightpath.com,brightpath.com,Paid Search - Brand,brand-phrase,true
L001769,2025-05-02 09:30:00,Darius,Aaltonen,darius.aaltonen@anvil.com,anvil.com,Paid Search - Brand,brand-phrase,false
L001770,2025-05-29 18:30:00,Ingrid,Whitfield,ingrid.whitfield@foxglove.com,foxglove.com,Paid Search - Brand,brand-exact,false
L001771,2025-05-04 11:00:00,Elodie,Krishnan,elodie.krishnan@quarry.com,quarry.com,Paid Search - Brand,brand-exact,false
L001772,2025-05-24 07:45:00,Tomas,Novak,tomas.novak@nimbus.com,nimbus.com,Paid Search - Brand,brand-phrase,true
L001773,2025-05-16 07:30:00,Grace,Farrell,grace.farrell@pinnacle.com,pinnacle.com,Paid Search - Brand,brand-exact,true
L001774,2025-05-08 07:30:00,Margit,Krishnan,margit.krishnan@pinnacle.com,pinnacle.com,Paid Search - Brand,brand-exact,true
L001775,2025-05-12 11:45:00,Anaya,Bahri,anaya.bahri@meridian.com,meridian.com,Paid Search - Brand,brand-exact,false
L001776,2025-05-18 14:15:00,Callum,Whitfield,callum.whitfield@pinnacle.com,pinnacle.com,Paid Search - Brand,brand-phrase,false
L001777,2025-05-11 18:30:00,Mei,Farrell,mei.farrell@halcyon.com,halcyon.com,Paid Search - Brand,brand-phrase,false
L001778,2025-05-03 16:15:00,Yusuf,Szabo,yusuf.szabo@redwood.com,redwood.com,Paid Search - Brand,brand-exact,true
L001779,2025-05-24 08:15:00,Elodie,Haddad,elodie.haddad@lumen.com,lumen.com,Paid Search - Brand,brand-exact,false
L001780,2025-05-16 17:15:00,Beatriz,Castellanos,beatriz.castellanos@granitepeak.com,granitepeak.com,Paid Search - Brand,brand-phrase,true
L001781,2025-05-01 09:00:00,Jonas,Krishnan,jonas.krishnan@halcyon.com,halcyon.com,Paid Search - Brand,brand-exact,false
L001782,2025-05-08 17:00:00,Margit,Whitfield,margit.whitfield@solvent.com,solvent.com,Paid Search - Brand,brand-phrase,false
L001783,2025-05-15 07:45:00,Priya,Nwosu,priya.nwosu@quillon.com,quillon.com,Paid Search - Brand,brand-phrase,true
L001784,2025-05-30 14:15:00,Siobhan,Mulvaney,siobhan.mulvaney@juniper.com,juniper.com,Paid Search - Brand,brand-phrase,true
L001785,2025-05-29 14:15:00,Peter,Vieira,peter.vieira@ridgeline.com,ridgeline.com,Paid Search - Brand,brand-phrase,false
L001786,2025-05-26 17:00:00,Malik,Zhang,malik.zhang@granitepeak.com,granitepeak.com,Paid Search - Brand,brand-exact,false
L001787,2025-05-10 11:45:00,Darius,Krishnan,darius.krishnan@solvent.com,solvent.com,Paid Search - Brand,brand-phrase,false
L001788,2025-05-23 13:30:00,Omar,Novak,omar.novak@oakhurst.com,oakhurst.com,Paid Search - Brand,brand-phrase,false
L001789,2025-05-10 18:15:00,Hollis,Mulvaney,hollis.mulvaney@granitepeak.com,granitepeak.com,Paid Search - Brand,brand-exact,false
L001790,2025-05-04 10:15:00,Arun,Bergstrom,arun.bergstrom@harborview.com,harborview.com,Paid Search - Brand,brand-phrase,false
L001791,2025-05-11 07:15:00,Elodie,Bergstrom,elodie.bergstrom@cascade.com,cascade.com,Paid Search - Brand,brand-phrase,false
L001792,2025-05-19 14:30:00,Priya,Petrov,priya.petrov@meridian.com,meridian.com,Paid Search - Brand,brand-phrase,false
L001793,2025-05-25 08:15:00,Rafael,Moreau,rafael.moreau@pinnacle.com,pinnacle.com,Paid Search - Brand,brand-phrase,false
L001794,2025-05-27 19:30:00,Anaya,Okonkwo,anaya.okonkwo@thornbury.com,thornbury.com,Paid Search - Brand,brand-phrase,false
L001795,2025-05-17 20:00:00,Priya,Mulvaney,priya.mulvaney@redwood.com,redwood.com,Paid Search - Brand,brand-exact,false
L001796,2025-05-22 07:15:00,Ingrid,Castellanos,ingrid.castellanos@ironwood.com,ironwood.com,Paid Search - Brand,brand-phrase,false
L001797,2025-05-01 08:00:00,Marcus,Whitfield,marcus.whitfield@quillon.com,quillon.com,Paid Search - Brand,brand-phrase,true
L001798,2025-05-08 09:15:00,Callum,Bergstrom,callum.bergstrom@ridgeline.com,ridgeline.com,Paid Search - Brand,brand-phrase,true
L001799,2025-05-25 08:30:00,Alicia,Ferreira,alicia.ferreira@kestrel.com,kestrel.com,Paid Search - Brand,brand-exact,false
L001800,2025-05-28 07:30:00,Tomas,Bahri,tomas.bahri@saltmarsh.com,saltmarsh.com,Paid Search - Brand,brand-phrase,false
L001801,2025-05-13 12:00:00,Rafael,Lindqvist,rafael.lindqvist@kestrel.com,kestrel.com,Paid Search - Brand,brand-exact,false
L001802,2025-05-13 07:00:00,Elodie,Okonkwo,elodie.okonkwo@dovetail.com,dovetail.com,Paid Search - Brand,brand-exact,false
L001803,2025-05-12 09:15:00,Arun,Bahri,arun.bahri@kestrel.com,kestrel.com,Paid Social - Meta,prospecting-lal,false
L001804,2025-05-20 18:45:00,Estelle,Castellanos,estelle.castellanos@kestrel.com,kestrel.com,Paid Social - Meta,mofu-retarget,false
L001805,2025-05-19 13:45:00,Peter,Iyer,peter.iyer@meridian.com,meridian.com,Paid Social - Meta,mofu-retarget,false
L001806,2025-05-08 13:15:00,Darius,Castellanos,darius.castellanos@northwind.com,northwind.com,Paid Social - Meta,mofu-retarget,false
L001807,2025-05-26 12:45:00,Ivo,Doyle,ivo.doyle@ember.com,ember.com,Paid Social - Meta,mofu-retarget,false
L001808,2025-05-04 17:00:00,Priya,Haddad,priya.haddad@kestrel.com,kestrel.com,Paid Social - Meta,mofu-retarget,false
L001809,2025-05-12 18:15:00,Yusuf,Grant,yusuf.grant@anvil.com,anvil.com,Paid Social - Meta,lead-form-broad,false
L001810,2025-05-26 10:45:00,Cormac,Krishnan,cormac.krishnan@ferrous.com,ferrous.com,Paid Social - Meta,mofu-retarget,false
L001811,2025-05-07 14:15:00,Beatriz,Pires,beatriz.pires@nimbus.com,nimbus.com,Paid Social - Meta,lead-form-broad,false
L001812,2025-05-26 15:30:00,Omar,Grant,omar.grant@quillon.com,quillon.com,Paid Social - Meta,lead-form-broad,false
L001813,2025-05-14 14:15:00,Grace,Bahri,grace.bahri@oakhurst.com,oakhurst.com,Paid Social - Meta,prospecting-lal,false
L001814,2025-05-01 18:00:00,Mei,Vieira,mei.vieira@northwind.com,northwind.com,Paid Social - Meta,lead-form-broad,false
L001815,2025-05-18 09:15:00,Elodie,Demir,elodie.demir@foxglove.com,foxglove.com,Paid Social - Meta,lead-form-broad,false
L001816,2025-05-29 20:00:00,Estelle,Demir,estelle.demir@granitepeak.com,granitepeak.com,Paid Social - Meta,prospecting-lal,false
L001817,2025-05-16 20:00:00,Beatriz,Doyle,beatriz.doyle@northwind.com,northwind.com,Paid Social - Meta,mofu-retarget,false
L001818,2025-05-03 17:00:00,Lena,Bahri,lena.bahri@northwind.com,northwind.com,Paid Social - Meta,mofu-retarget,true
L001819,2025-05-17 11:15:00,Cormac,Grant,cormac.grant@kestrel.com,kestrel.com,Paid Social - Meta,prospecting-lal,false
L001820,2025-05-23 07:00:00,Siobhan,Grant,siobhan.grant@ferrous.com,ferrous.com,Paid Social - Meta,lead-form-broad,false
L001821,2025-05-05 17:00:00,Adeola,Szabo,adeola.szabo@ridgeline.com,ridgeline.com,Paid Social - Meta,prospecting-lal,false
L001822,2025-05-21 20:30:00,Darius,Nwosu,darius.nwosu@tessellate.com,tessellate.com,Paid Social - Meta,lead-form-broad,false
L001823,2025-05-14 11:30:00,Kenji,Ferreira,kenji.ferreira@quillon.com,quillon.com,Paid Social - Meta,lead-form-broad,false
L001824,2025-05-05 09:00:00,Darius,Watanabe,darius.watanabe@anvil.com,anvil.com,Paid Social - Meta,mofu-retarget,false
L001825,2025-05-24 14:15:00,Jonas,Aaltonen,jonas.aaltonen@meridian.com,meridian.com,Paid Social - Meta,lead-form-broad,false
L001826,2025-05-21 20:00:00,Marcus,Haddad,marcus.haddad@ironwood.com,ironwood.com,Paid Social - Meta,prospecting-lal,false
L001827,2025-05-18 08:30:00,Noor,Haddad,noor.haddad@ember.com,ember.com,Paid Social - Meta,lead-form-broad,true
L001828,2025-05-23 12:30:00,Marcus,Lindqvist,marcus.lindqvist@ember.com,ember.com,Paid Social - Meta,prospecting-lal,false
L001829,2025-05-03 10:00:00,Yusuf,Farrell,yusuf.farrell@kestrel.com,kestrel.com,Paid Social - Meta,prospecting-lal,false
L001830,2025-05-29 10:45:00,Kenji,Lindqvist,kenji.lindqvist@harborview.com,harborview.com,Paid Social - Meta,mofu-retarget,false
L001831,2025-05-27 18:00:00,Darius,Demir,darius.demir@copperline.com,copperline.com,Paid Social - Meta,mofu-retarget,false
L001832,2025-05-04 17:00:00,Noor,Vieira,noor.vieira@thornbury.com,thornbury.com,Paid Social - Meta,lead-form-broad,false
L001833,2025-05-05 18:00:00,Noor,Lindqvist,noor.lindqvist@ironwood.com,ironwood.com,Paid Social - Meta,mofu-retarget,false
L001834,2025-05-08 15:15:00,Malik,Novak,malik.novak@halcyon.com,halcyon.com,Paid Social - Meta,prospecting-lal,false
L001835,2025-05-19 13:15:00,Arun,Demir,arun.demir@harborview.com,harborview.com,Paid Social - Meta,mofu-retarget,false
L001836,2025-05-15 20:45:00,Marcus,Pires,marcus.pires@halcyon.com,halcyon.com,Paid Social - Meta,prospecting-lal,false
L001837,2025-05-28 18:30:00,Rafael,Vieira,rafael.vieira@granitepeak.com,granitepeak.com,Paid Social - Meta,mofu-retarget,false
L001838,2025-05-19 09:15:00,Callum,Watanabe,callum.watanabe@juniper.com,juniper.com,Paid Social - Meta,lead-form-broad,false
L001839,2025-05-02 17:00:00,Beatriz,Bahri,beatriz.bahri@harborview.com,harborview.com,Paid Social - Meta,lead-form-broad,false
L001840,2025-05-30 20:15:00,Noor,Doyle,noor.doyle@tessellate.com,tessellate.com,Paid Social - Meta,lead-form-broad,false
L001841,2025-05-10 14:30:00,Callum,Horvat,callum.horvat@solvent.com,solvent.com,Paid Social - Meta,mofu-retarget,false
L001842,2025-05-03 13:30:00,Rafael,Szabo,rafael.szabo@oakhurst.com,oakhurst.com,Paid Social - Meta,prospecting-lal,false
L001843,2025-05-20 09:00:00,Ivo,Farrell,ivo.farrell@oakhurst.com,oakhurst.com,Paid Social - Meta,prospecting-lal,false
L001844,2025-05-03 12:30:00,Noor,Demir,noor.demir@ember.com,ember.com,Paid Social - Meta,lead-form-broad,false
L001845,2025-05-28 18:45:00,Estelle,Petrov,estelle.petrov@nimbus.com,nimbus.com,Paid Social - Meta,mofu-retarget,false
L001846,2025-05-28 18:15:00,Jonas,Zhang,jonas.zhang@nimbus.com,nimbus.com,Paid Social - Meta,mofu-retarget,false
L001847,2025-05-12 10:30:00,Grace,Bahri,grace.bahri@ridgeline.com,ridgeline.com,Paid Social - Meta,lead-form-broad,false
L001848,2025-05-12 18:30:00,Elodie,Doyle,elodie.doyle@quarry.com,quarry.com,Paid Social - Meta,prospecting-lal,true
L001849,2025-05-09 18:45:00,Estelle,Castellanos,estelle.castellanos@solvent.com,solvent.com,Paid Social - Meta,lead-form-broad,false
L001850,2025-05-20 08:15:00,Yusuf,Pires,yusuf.pires@harborview.com,harborview.com,Paid Social - Meta,mofu-retarget,false
L001851,2025-05-08 19:00:00,Hollis,Grant,hollis.grant@cascade.com,cascade.com,Paid Social - Meta,lead-form-broad,false
L001852,2025-05-20 18:15:00,Marcus,Mulvaney,marcus.mulvaney@arclight.com,arclight.com,Paid Social - Meta,lead-form-broad,false
L001853,2025-05-20 19:30:00,Beatriz,Nwosu,beatriz.nwosu@granitepeak.com,granitepeak.com,Paid Social - Meta,prospecting-lal,false
L001854,2025-05-17 20:00:00,Kenji,Watanabe,kenji.watanabe@foxglove.com,foxglove.com,Paid Social - Meta,prospecting-lal,false
L001855,2025-05-05 12:45:00,Lena,Nwosu,lena.nwosu@nimbus.com,nimbus.com,Paid Social - Meta,lead-form-broad,true
L001856,2025-05-22 12:15:00,Rafael,Haddad,rafael.haddad@granitepeak.com,granitepeak.com,Paid Social - Meta,lead-form-broad,true
L001857,2025-05-06 07:30:00,Ingrid,Moreau,ingrid.moreau@redwood.com,redwood.com,Paid Social - Meta,mofu-retarget,false
L001858,2025-05-21 11:00:00,Malik,Iyer,malik.iyer@ironwood.com,ironwood.com,Paid Social - Meta,lead-form-broad,false
L001859,2025-05-01 20:45:00,Tomas,Okonkwo,tomas.okonkwo@kestrel.com,kestrel.com,Paid Social - Meta,lead-form-broad,false
L001860,2025-05-14 19:45:00,Noor,Byrne,noor.byrne@ironwood.com,ironwood.com,Paid Social - Meta,mofu-retarget,false
L001861,2025-05-03 09:30:00,Peter,Farrell,peter.farrell@nimbus.com,nimbus.com,Paid Social - Meta,mofu-retarget,false
L001862,2025-05-10 20:45:00,Renata,Demir,renata.demir@copperline.com,copperline.com,Paid Social - Meta,mofu-retarget,false
L001863,2025-05-08 14:45:00,Siobhan,Pires,siobhan.pires@northwind.com,northwind.com,Paid Social - Meta,prospecting-lal,false
L001864,2025-05-05 17:00:00,Margit,Bergstrom,margit.bergstrom@tessellate.com,tessellate.com,Paid Social - Meta,lead-form-broad,false
L001865,2025-05-09 08:00:00,Ivo,Horvat,ivo.horvat@northwind.com,northwind.com,Paid Social - Meta,lead-form-broad,false
L001866,2025-05-09 17:15:00,Cormac,Petrov,cormac.petrov@nimbus.com,nimbus.com,Paid Social - Meta,mofu-retarget,false
L001867,2025-05-02 16:00:00,Darius,Bergstrom,darius.bergstrom@lumen.com,lumen.com,Paid Social - Meta,mofu-retarget,false
L001868,2025-05-02 07:15:00,Estelle,Nwosu,estelle.nwosu@anvil.com,anvil.com,Paid Social - Meta,prospecting-lal,false
L001869,2025-05-28 13:30:00,Callum,Krishnan,callum.krishnan@pinnacle.com,pinnacle.com,Paid Social - Meta,mofu-retarget,false
L001870,2025-05-09 10:00:00,Grace,Szabo,grace.szabo@oakhurst.com,oakhurst.com,Paid Social - Meta,mofu-retarget,false
L001871,2025-05-28 12:30:00,Siobhan,Vieira,siobhan.vieira@marlowe.com,marlowe.com,Paid Social - Meta,lead-form-broad,false
L001872,2025-05-02 08:00:00,Margit,Nwosu,margit.nwosu@ferrous.com,ferrous.com,Paid Social - Meta,mofu-retarget,false
L001873,2025-05-24 09:00:00,Priya,Grant,priya.grant@copperline.com,copperline.com,Paid Social - Meta,lead-form-broad,false
L001874,2025-05-09 13:45:00,Marcus,Petrov,marcus.petrov@nimbus.com,nimbus.com,Paid Social - Meta,lead-form-broad,false
L001875,2025-05-27 19:30:00,Peter,Demir,peter.demir@arclight.com,arclight.com,Paid Social - Meta,lead-form-broad,false
L001876,2025-05-07 18:00:00,Hollis,Okonkwo,hollis.okonkwo@brightpath.com,brightpath.com,Paid Social - Meta,lead-form-broad,false
L001877,2025-05-17 10:30:00,Hollis,Szabo,hollis.szabo@ember.com,ember.com,Paid Social - Meta,mofu-retarget,false
L001878,2025-05-16 18:30:00,Priya,Whitfield,priya.whitfield@arclight.com,arclight.com,Paid Social - Meta,prospecting-lal,false
L001879,2025-05-31 16:00:00,Mei,Doyle,mei.doyle@ridgeline.com,ridgeline.com,Paid Social - Meta,mofu-retarget,false
L001880,2025-05-02 07:15:00,Estelle,Byrne,estelle.byrne@meridian.com,meridian.com,Paid Social - Meta,prospecting-lal,false
L001881,2025-05-24 16:30:00,Yusuf,Zhang,yusuf.zhang@kestrel.com,kestrel.com,Paid Social - Meta,mofu-retarget,false
L001882,2025-05-02 09:45:00,Kenji,Grant,kenji.grant@halcyon.com,halcyon.com,Paid Social - Meta,mofu-retarget,false
L001883,2025-05-20 13:00:00,Ivo,Castellanos,ivo.castellanos@arclight.com,arclight.com,Paid Social - Meta,prospecting-lal,false
L001884,2025-05-10 10:15:00,Omar,Doyle,omar.doyle@marlowe.com,marlowe.com,Paid Social - Meta,lead-form-broad,false
L001885,2025-05-02 15:00:00,Anaya,Pires,anaya.pires@brightpath.com,brightpath.com,Paid Social - Meta,prospecting-lal,false
L001886,2025-05-21 20:15:00,Yusuf,Moreau,yusuf.moreau@quillon.com,quillon.com,Paid Social - Meta,prospecting-lal,false
L001887,2025-05-03 19:30:00,Tomas,Grant,tomas.grant@harborview.com,harborview.com,Paid Social - Meta,lead-form-broad,false
L001888,2025-05-02 17:00:00,Priya,Castellanos,priya.castellanos@cascade.com,cascade.com,Paid Social - Meta,lead-form-broad,false
L001889,2025-05-15 07:00:00,Alicia,Vieira,alicia.vieira@tessellate.com,tessellate.com,Paid Social - Meta,lead-form-broad,false
L001890,2025-05-01 13:15:00,Cormac,Byrne,cormac.byrne@copperline.com,copperline.com,Paid Social - Meta,lead-form-broad,false
L001891,2025-05-26 12:45:00,Renata,Kavanagh,renata.kavanagh@redwood.com,redwood.com,Paid Social - Meta,prospecting-lal,false
L001892,2025-05-15 08:15:00,Grace,Whitfield,grace.whitfield@arclight.com,arclight.com,Paid Social - Meta,mofu-retarget,false
L001893,2025-05-09 08:15:00,Noor,Vieira,noor.vieira@brightpath.com,brightpath.com,Paid Social - Meta,mofu-retarget,false
L001894,2025-05-26 14:30:00,Cormac,Almeida,cormac.almeida@saltmarsh.com,saltmarsh.com,Paid Social - Meta,prospecting-lal,false
L001895,2025-05-12 13:00:00,Siobhan,Castellanos,siobhan.castellanos@ironwood.com,ironwood.com,Paid Social - Meta,lead-form-broad,false
L001896,2025-05-21 18:45:00,Elodie,Kavanagh,elodie.kavanagh@copperline.com,copperline.com,Paid Social - Meta,lead-form-broad,false
L001897,2025-05-18 12:30:00,Adeola,Moreau,adeola.moreau@oakhurst.com,oakhurst.com,Paid Social - Meta,lead-form-broad,false
L001898,2025-05-19 13:15:00,Grace,Byrne,grace.byrne@nimbus.com,nimbus.com,Paid Social - Meta,mofu-retarget,false
L001899,2025-05-17 11:45:00,Tomas,Aaltonen,tomas.aaltonen@kestrel.com,kestrel.com,Paid Social - Meta,mofu-retarget,false
L001900,2025-05-04 20:30:00,Jonas,Doyle,jonas.doyle@oakhurst.com,oakhurst.com,Paid Social - Meta,mofu-retarget,false
L001901,2025-05-21 12:30:00,Yusuf,Novak,yusuf.novak@northwind.com,northwind.com,Paid Social - Meta,prospecting-lal,true
L001902,2025-05-08 18:30:00,Renata,Mulvaney,renata.mulvaney@quarry.com,quarry.com,Paid Social - Meta,lead-form-broad,false
L001903,2025-05-08 08:00:00,Estelle,Iyer,estelle.iyer@halcyon.com,halcyon.com,Paid Social - Meta,mofu-retarget,false
L001904,2025-05-06 08:30:00,Mei,Castellanos,mei.castellanos@harborview.com,harborview.com,Paid Social - Meta,mofu-retarget,false
L001905,2025-05-01 14:00:00,Jonas,Mulvaney,jonas.mulvaney@ironwood.com,ironwood.com,Paid Social - Meta,mofu-retarget,true
L001906,2025-05-09 18:00:00,Cormac,Ferreira,cormac.ferreira@granitepeak.com,granitepeak.com,Paid Social - Meta,mofu-retarget,false
L001907,2025-05-08 16:00:00,Marcus,Novak,marcus.novak@solvent.com,solvent.com,Paid Social - Meta,mofu-retarget,true
L001908,2025-05-17 10:00:00,Peter,Horvat,peter.horvat@anvil.com,anvil.com,Paid Social - Meta,mofu-retarget,false
L001909,2025-05-29 20:45:00,Kenji,Kavanagh,kenji.kavanagh@cascade.com,cascade.com,Paid Social - Meta,mofu-retarget,false
L001910,2025-05-13 12:30:00,Renata,Whitfield,renata.whitfield@nimbus.com,nimbus.com,Paid Social - Meta,mofu-retarget,false
L001911,2025-05-03 15:45:00,Darius,Pires,darius.pires@meridian.com,meridian.com,Paid Social - Meta,prospecting-lal,false
L001912,2025-05-23 14:30:00,Adeola,Iyer,adeola.iyer@copperline.com,copperline.com,Paid Social - Meta,mofu-retarget,false
L001913,2025-05-15 15:30:00,Rafael,Castellanos,rafael.castellanos@quarry.com,quarry.com,Paid Social - Meta,lead-form-broad,false
L001914,2025-05-29 14:00:00,Yusuf,Moreau,yusuf.moreau@granitepeak.com,granitepeak.com,Paid Social - Meta,mofu-retarget,false
L001915,2025-05-30 11:45:00,Alicia,Nwosu,alicia.nwosu@foxglove.com,foxglove.com,Paid Social - Meta,lead-form-broad,false
L001916,2025-05-04 11:00:00,Mei,Whitfield,mei.whitfield@northwind.com,northwind.com,Paid Social - Meta,prospecting-lal,false
L001917,2025-05-16 09:15:00,Siobhan,Zhang,siobhan.zhang@thornbury.com,thornbury.com,Paid Social - Meta,lead-form-broad,false
L001918,2025-05-28 16:30:00,Peter,Whitfield,peter.whitfield@anvil.com,anvil.com,Paid Social - Meta,mofu-retarget,false
L001919,2025-05-12 10:45:00,Adeola,Petrov,adeola.petrov@brightpath.com,brightpath.com,Paid Social - Meta,mofu-retarget,false
L001920,2025-05-04 17:45:00,Malik,Haddad,malik.haddad@copperline.com,copperline.com,Paid Social - Meta,lead-form-broad,false
L001921,2025-05-26 08:45:00,Malik,Novak,malik.novak@arclight.com,arclight.com,Paid Social - Meta,prospecting-lal,false
L001922,2025-05-06 08:00:00,Lena,Horvat,lena.horvat@ironwood.com,ironwood.com,Paid Social - Meta,prospecting-lal,false
L001923,2025-05-06 16:30:00,Noor,Nwosu,noor.nwosu@thornbury.com,thornbury.com,Paid Social - Meta,mofu-retarget,false
L001924,2025-05-01 12:15:00,Lena,Whitfield,lena.whitfield@arclight.com,arclight.com,Paid Social - Meta,prospecting-lal,false
L001925,2025-05-10 17:15:00,Yusuf,Demir,yusuf.demir@foxglove.com,foxglove.com,Paid Social - Meta,lead-form-broad,false
L001926,2025-05-08 13:15:00,Jonas,Krishnan,jonas.krishnan@pinnacle.com,pinnacle.com,Paid Social - Meta,prospecting-lal,false
L001927,2025-05-08 17:15:00,Grace,Watanabe,grace.watanabe@ridgeline.com,ridgeline.com,Paid Social - Meta,mofu-retarget,false
L001928,2025-05-15 08:45:00,Estelle,Vieira,estelle.vieira@granitepeak.com,granitepeak.com,Paid Social - Meta,prospecting-lal,false
L001929,2025-05-27 19:15:00,Yusuf,Haddad,yusuf.haddad@juniper.com,juniper.com,Paid Social - Meta,lead-form-broad,false
L001930,2025-05-22 13:30:00,Siobhan,Grant,siobhan.grant@copperline.com,copperline.com,Paid Social - Meta,prospecting-lal,false
L001931,2025-05-02 11:00:00,Siobhan,Aaltonen,siobhan.aaltonen@saltmarsh.com,saltmarsh.com,Paid Social - Meta,lead-form-broad,false
L001932,2025-05-21 14:45:00,Rafael,Bergstrom,rafael.bergstrom@nimbus.com,nimbus.com,Paid Social - Meta,lead-form-broad,true
L001933,2025-05-31 13:30:00,Alicia,Aaltonen,alicia.aaltonen@lumen.com,lumen.com,Paid Social - Meta,mofu-retarget,false
L001934,2025-05-14 14:00:00,Lena,Grant,lena.grant@tessellate.com,tessellate.com,Paid Social - Meta,prospecting-lal,false
L001935,2025-05-27 07:30:00,Kenji,Petrov,kenji.petrov@juniper.com,juniper.com,Paid Social - Meta,mofu-retarget,false
L001936,2025-05-16 20:00:00,Margit,Doyle,margit.doyle@saltmarsh.com,saltmarsh.com,Paid Social - Meta,lead-form-broad,false
L001937,2025-05-04 12:30:00,Kenji,Doyle,kenji.doyle@juniper.com,juniper.com,Paid Social - Meta,prospecting-lal,false
L001938,2025-05-13 19:00:00,Adeola,Castellanos,adeola.castellanos@pinnacle.com,pinnacle.com,Paid Social - Meta,prospecting-lal,false
L001939,2025-05-19 08:00:00,Estelle,Castellanos,estelle.castellanos@redwood.com,redwood.com,Paid Social - Meta,prospecting-lal,false
L001940,2025-05-09 17:15:00,Ingrid,Petrov,ingrid.petrov@copperline.com,copperline.com,Paid Social - Meta,prospecting-lal,false
L001941,2025-05-08 17:30:00,Marcus,Zhang,marcus.zhang@nimbus.com,nimbus.com,Paid Search - Non-Brand,competitor-terms,true
L001942,2025-05-09 17:15:00,Alicia,Farrell,alicia.farrell@harborview.com,harborview.com,Paid Search - Non-Brand,competitor-terms,false
L001943,2025-05-21 15:15:00,Tomas,Moreau,tomas.moreau@oakhurst.com,oakhurst.com,Paid Search - Non-Brand,competitor-terms,false
L001944,2025-05-07 17:15:00,Darius,Pires,darius.pires@quillon.com,quillon.com,Paid Search - Non-Brand,competitor-terms,true
L001945,2025-05-17 10:45:00,Peter,Grant,peter.grant@ridgeline.com,ridgeline.com,Paid Search - Non-Brand,category-terms,false
L001946,2025-05-21 16:45:00,Tomas,Zhang,tomas.zhang@saltmarsh.com,saltmarsh.com,Paid Search - Non-Brand,category-terms,false
L001947,2025-05-12 12:00:00,Malik,Nwosu,malik.nwosu@arclight.com,arclight.com,Paid Search - Non-Brand,solution-terms,false
L001948,2025-05-01 13:30:00,Kenji,Demir,kenji.demir@brightpath.com,brightpath.com,Paid Search - Non-Brand,competitor-terms,false
L001949,2025-05-15 20:00:00,Grace,Ferreira,grace.ferreira@dovetail.com,dovetail.com,Paid Search - Non-Brand,competitor-terms,false
L001950,2025-05-24 17:15:00,Darius,Doyle,darius.doyle@tessellate.com,tessellate.com,Paid Search - Non-Brand,solution-terms,false
L001951,2025-05-27 09:45:00,Hollis,Moreau,hollis.moreau@tessellate.com,tessellate.com,Paid Search - Non-Brand,solution-terms,false
L001952,2025-05-05 11:30:00,Estelle,Novak,estelle.novak@thornbury.com,thornbury.com,Paid Search - Non-Brand,category-terms,false
L001953,2025-05-25 13:15:00,Cormac,Zhang,cormac.zhang@tessellate.com,tessellate.com,Paid Search - Non-Brand,category-terms,true
L001954,2025-05-12 18:15:00,Elodie,Raghunathan,elodie.raghunathan@quarry.com,quarry.com,Paid Search - Non-Brand,category-terms,false
L001955,2025-05-21 16:30:00,Anaya,Farrell,anaya.farrell@halcyon.com,halcyon.com,Paid Search - Non-Brand,competitor-terms,false
L001956,2025-05-21 08:45:00,Yusuf,Okonkwo,yusuf.okonkwo@cascade.com,cascade.com,Paid Search - Non-Brand,category-terms,false
L001957,2025-05-11 19:45:00,Grace,Iyer,grace.iyer@saltmarsh.com,saltmarsh.com,Paid Search - Non-Brand,solution-terms,false
L001958,2025-05-27 18:00:00,Jonas,Watanabe,jonas.watanabe@ferrous.com,ferrous.com,Paid Search - Non-Brand,solution-terms,false
L001959,2025-05-29 17:15:00,Estelle,Kavanagh,estelle.kavanagh@ridgeline.com,ridgeline.com,Paid Search - Non-Brand,competitor-terms,false
L001960,2025-05-08 16:15:00,Priya,Okonkwo,priya.okonkwo@lumen.com,lumen.com,Paid Search - Non-Brand,competitor-terms,false
L001961,2025-05-25 19:30:00,Alicia,Kavanagh,alicia.kavanagh@brightpath.com,brightpath.com,Paid Search - Non-Brand,competitor-terms,false
L001962,2025-05-29 18:00:00,Elodie,Farrell,elodie.farrell@copperline.com,copperline.com,Paid Search - Non-Brand,category-terms,false
L001963,2025-05-03 09:00:00,Yusuf,Horvat,yusuf.horvat@kestrel.com,kestrel.com,Paid Search - Non-Brand,competitor-terms,false
L001964,2025-05-04 18:15:00,Arun,Iyer,arun.iyer@redwood.com,redwood.com,Paid Search - Non-Brand,competitor-terms,false
L001965,2025-05-24 18:00:00,Noor,Watanabe,noor.watanabe@ember.com,ember.com,Paid Search - Non-Brand,category-terms,false
L001966,2025-05-16 11:00:00,Anaya,Petrov,anaya.petrov@granitepeak.com,granitepeak.com,Paid Search - Non-Brand,solution-terms,false
L001967,2025-05-27 12:30:00,Alicia,Horvat,alicia.horvat@nimbus.com,nimbus.com,Paid Search - Non-Brand,category-terms,false
L001968,2025-05-17 14:45:00,Mei,Whitfield,mei.whitfield@ironwood.com,ironwood.com,Paid Search - Non-Brand,solution-terms,false
L001969,2025-05-05 20:00:00,Rafael,Raghunathan,rafael.raghunathan@thornbury.com,thornbury.com,Paid Search - Non-Brand,solution-terms,false
L001970,2025-05-11 12:30:00,Callum,Almeida,callum.almeida@ferrous.com,ferrous.com,Paid Search - Non-Brand,competitor-terms,false
L001971,2025-05-14 19:15:00,Lena,Moreau,lena.moreau@kestrel.com,kestrel.com,Paid Search - Non-Brand,category-terms,false
L001972,2025-05-14 20:45:00,Yusuf,Whitfield,yusuf.whitfield@ridgeline.com,ridgeline.com,Paid Search - Non-Brand,solution-terms,false
L001973,2025-05-10 18:45:00,Anaya,Okonkwo,anaya.okonkwo@cascade.com,cascade.com,Paid Search - Non-Brand,competitor-terms,false
L001974,2025-05-21 10:45:00,Malik,Mulvaney,malik.mulvaney@quarry.com,quarry.com,Paid Search - Non-Brand,solution-terms,false
L001975,2025-05-02 07:30:00,Margit,Farrell,margit.farrell@ridgeline.com,ridgeline.com,Paid Search - Non-Brand,solution-terms,true
L001976,2025-05-15 15:45:00,Hollis,Bergstrom,hollis.bergstrom@pinnacle.com,pinnacle.com,Paid Search - Non-Brand,category-terms,false
L001977,2025-05-01 09:15:00,Anaya,Farrell,anaya.farrell@cascade.com,cascade.com,Paid Search - Non-Brand,solution-terms,false
L001978,2025-05-04 18:45:00,Omar,Moreau,omar.moreau@ember.com,ember.com,Paid Search - Non-Brand,solution-terms,false
L001979,2025-05-24 12:30:00,Adeola,Novak,adeola.novak@dovetail.com,dovetail.com,Paid Search - Non-Brand,category-terms,false
L001980,2025-05-05 09:15:00,Alicia,Demir,alicia.demir@kestrel.com,kestrel.com,Paid Search - Non-Brand,competitor-terms,true
L001981,2025-05-25 09:45:00,Tomas,Moreau,tomas.moreau@nimbus.com,nimbus.com,Paid Search - Non-Brand,competitor-terms,true
L001982,2025-05-02 13:15:00,Adeola,Castellanos,adeola.castellanos@northwind.com,northwind.com,Paid Search - Non-Brand,solution-terms,false
L001983,2025-05-17 19:30:00,Rafael,Haddad,rafael.haddad@ironwood.com,ironwood.com,Paid Search - Non-Brand,category-terms,false
L001984,2025-05-10 17:45:00,Cormac,Iyer,cormac.iyer@brightpath.com,brightpath.com,Paid Search - Non-Brand,competitor-terms,false
L001985,2025-05-07 20:00:00,Omar,Doyle,omar.doyle@juniper.com,juniper.com,Paid Search - Non-Brand,solution-terms,false
L001986,2025-05-16 08:30:00,Alicia,Krishnan,alicia.krishnan@cascade.com,cascade.com,Paid Search - Non-Brand,competitor-terms,false
L001987,2025-05-06 11:00:00,Marcus,Raghunathan,marcus.raghunathan@nimbus.com,nimbus.com,Paid Search - Non-Brand,competitor-terms,false
L001988,2025-05-10 10:30:00,Ingrid,Byrne,ingrid.byrne@cascade.com,cascade.com,Paid Search - Non-Brand,competitor-terms,false
L001989,2025-05-05 15:45:00,Anaya,Nwosu,anaya.nwosu@ember.com,ember.com,Paid Search - Non-Brand,solution-terms,false
L001990,2025-05-13 17:15:00,Marcus,Vieira,marcus.vieira@juniper.com,juniper.com,Paid Search - Non-Brand,category-terms,true
L001991,2025-05-17 20:45:00,Tomas,Almeida,tomas.almeida@granitepeak.com,granitepeak.com,Paid Search - Non-Brand,solution-terms,false
L001992,2025-05-17 09:45:00,Jonas,Horvat,jonas.horvat@dovetail.com,dovetail.com,Paid Search - Non-Brand,competitor-terms,false
L001993,2025-05-17 15:30:00,Rafael,Whitfield,rafael.whitfield@lumen.com,lumen.com,Paid Search - Non-Brand,solution-terms,false
L001994,2025-05-13 12:45:00,Anaya,Mulvaney,anaya.mulvaney@ferrous.com,ferrous.com,Paid Search - Non-Brand,solution-terms,false
L001995,2025-05-31 18:15:00,Darius,Okonkwo,darius.okonkwo@foxglove.com,foxglove.com,Paid Search - Non-Brand,solution-terms,false
L001996,2025-05-04 13:15:00,Siobhan,Iyer,siobhan.iyer@dovetail.com,dovetail.com,Paid Search - Non-Brand,competitor-terms,false
L001997,2025-05-10 19:45:00,Peter,Farrell,peter.farrell@copperline.com,copperline.com,Paid Search - Non-Brand,solution-terms,true
L001998,2025-05-14 17:30:00,Anaya,Doyle,anaya.doyle@ridgeline.com,ridgeline.com,Paid Social - LinkedIn,abm-tier1,false
L001999,2025-05-12 19:30:00,Cormac,Zhang,cormac.zhang@ferrous.com,ferrous.com,Paid Social - LinkedIn,abm-tier1,false
L002000,2025-05-23 13:15:00,Grace,Bergstrom,grace.bergstrom@quarry.com,quarry.com,Paid Social - LinkedIn,jobtitle-targeting,true
L002001,2025-05-03 07:00:00,Adeola,Byrne,adeola.byrne@lumen.com,lumen.com,Paid Social - LinkedIn,abm-tier1,false
L002002,2025-05-10 09:30:00,Adeola,Grant,adeola.grant@quillon.com,quillon.com,Paid Social - LinkedIn,jobtitle-targeting,true
L002003,2025-05-29 19:00:00,Marcus,Iyer,marcus.iyer@ferrous.com,ferrous.com,Paid Social - LinkedIn,abm-tier1,false
L002004,2025-05-02 20:45:00,Darius,Haddad,darius.haddad@tessellate.com,tessellate.com,Paid Social - LinkedIn,content-download,false
L002005,2025-05-27 08:45:00,Noor,Farrell,noor.farrell@harborview.com,harborview.com,Paid Social - LinkedIn,abm-tier1,false
L002006,2025-05-12 16:15:00,Beatriz,Mulvaney,beatriz.mulvaney@quillon.com,quillon.com,Paid Social - LinkedIn,content-download,false
L002007,2025-05-25 08:30:00,Hollis,Aaltonen,hollis.aaltonen@tessellate.com,tessellate.com,Paid Social - LinkedIn,jobtitle-targeting,false
L002008,2025-05-27 07:30:00,Rafael,Farrell,rafael.farrell@harborview.com,harborview.com,Paid Social - LinkedIn,content-download,false
L002009,2025-05-22 18:30:00,Anaya,Demir,anaya.demir@quillon.com,quillon.com,Paid Social - LinkedIn,jobtitle-targeting,false
L002010,2025-05-16 19:45:00,Omar,Bergstrom,omar.bergstrom@thornbury.com,thornbury.com,Paid Social - LinkedIn,abm-tier1,false
L002011,2025-05-22 08:30:00,Lena,Novak,lena.novak@lumen.com,lumen.com,Paid Social - LinkedIn,content-download,false
L002012,2025-05-20 07:15:00,Callum,Byrne,callum.byrne@quarry.com,quarry.com,Paid Social - LinkedIn,content-download,false
L002013,2025-05-02 07:30:00,Lena,Novak,lena.novak@brightpath.com,brightpath.com,Paid Social - LinkedIn,jobtitle-targeting,false
L002014,2025-05-18 11:15:00,Marcus,Castellanos,marcus.castellanos@ironwood.com,ironwood.com,Paid Social - LinkedIn,jobtitle-targeting,false
L002015,2025-05-31 10:00:00,Priya,Farrell,priya.farrell@ember.com,ember.com,Paid Social - LinkedIn,content-download,false
L002016,2025-05-11 11:30:00,Cormac,Bergstrom,cormac.bergstrom@ridgeline.com,ridgeline.com,Paid Social - LinkedIn,content-download,false
L002017,2025-05-28 12:15:00,Noor,Demir,noor.demir@foxglove.com,foxglove.com,Paid Social - LinkedIn,abm-tier1,true
L002018,2025-05-11 14:45:00,Jonas,Moreau,jonas.moreau@ember.com,ember.com,Paid Social - LinkedIn,content-download,false
L002019,2025-05-02 17:45:00,Siobhan,Aaltonen,siobhan.aaltonen@anvil.com,anvil.com,Paid Social - LinkedIn,content-download,true
L002020,2025-05-14 09:30:00,Callum,Kavanagh,callum.kavanagh@arclight.com,arclight.com,Paid Social - LinkedIn,jobtitle-targeting,true
L002021,2025-05-06 18:00:00,Ingrid,Zhang,ingrid.zhang@ridgeline.com,ridgeline.com,Paid Social - LinkedIn,content-download,false
L002022,2025-05-01 11:15:00,Anaya,Almeida,anaya.almeida@tessellate.com,tessellate.com,Paid Social - LinkedIn,abm-tier1,false
L002023,2025-05-10 15:30:00,Callum,Doyle,callum.doyle@pinnacle.com,pinnacle.com,Paid Social - LinkedIn,abm-tier1,false
L002024,2025-05-15 10:30:00,Omar,Castellanos,omar.castellanos@tessellate.com,tessellate.com,Paid Social - LinkedIn,content-download,false
L002025,2025-05-31 12:00:00,Beatriz,Pires,beatriz.pires@anvil.com,anvil.com,Paid Social - LinkedIn,content-download,false
L002026,2025-05-07 09:30:00,Elodie,Bergstrom,elodie.bergstrom@quarry.com,quarry.com,Paid Social - LinkedIn,content-download,false
L002027,2025-05-08 20:30:00,Noor,Castellanos,noor.castellanos@marlowe.com,marlowe.com,Paid Social - LinkedIn,jobtitle-targeting,true
L002028,2025-05-22 11:00:00,Ivo,Almeida,ivo.almeida@quarry.com,quarry.com,Paid Social - LinkedIn,abm-tier1,false
L002029,2025-05-11 09:00:00,Noor,Bergstrom,noor.bergstrom@quillon.com,quillon.com,Paid Social - LinkedIn,content-download,false
L002030,2025-05-04 18:30:00,Arun,Zhang,arun.zhang@ferrous.com,ferrous.com,Paid Social - LinkedIn,jobtitle-targeting,false
L002031,2025-05-03 11:15:00,Siobhan,Bergstrom,siobhan.bergstrom@meridian.com,meridian.com,Paid Social - LinkedIn,jobtitle-targeting,true
L002032,2025-05-18 09:15:00,Peter,Zhang,peter.zhang@lumen.com,lumen.com,Paid Social - LinkedIn,jobtitle-targeting,false
L002033,2025-05-25 17:00:00,Beatriz,Grant,beatriz.grant@tessellate.com,tessellate.com,Paid Social - LinkedIn,content-download,false
L002034,2025-05-05 13:00:00,Elodie,Moreau,elodie.moreau@harborview.com,harborview.com,Paid Social - LinkedIn,abm-tier1,false
L002035,2025-05-24 07:15:00,Elodie,Haddad,elodie.haddad@dovetail.com,dovetail.com,Paid Social - LinkedIn,content-download,false
L002036,2025-05-24 20:30:00,Anaya,Ferreira,anaya.ferreira@solvent.com,solvent.com,Organic / Direct,none,false
L002037,2025-05-30 14:00:00,Arun,Horvat,arun.horvat@ember.com,ember.com,Organic / Direct,none,true
L002038,2025-05-07 20:45:00,Ingrid,Raghunathan,ingrid.raghunathan@cascade.com,cascade.com,Organic / Direct,none,false
L002039,2025-05-12 13:15:00,Darius,Pires,darius.pires@copperline.com,copperline.com,Organic / Direct,none,false
L002040,2025-05-29 10:30:00,Siobhan,Okonkwo,siobhan.okonkwo@ferrous.com,ferrous.com,Organic / Direct,none,false
L002041,2025-05-02 13:00:00,Priya,Zhang,priya.zhang@dovetail.com,dovetail.com,Organic / Direct,none,false
L002042,2025-05-14 16:30:00,Tomas,Novak,tomas.novak@nimbus.com,nimbus.com,Organic / Direct,none,false
L002043,2025-05-15 16:00:00,Kenji,Moreau,kenji.moreau@nimbus.com,nimbus.com,Organic / Direct,none,false
L002044,2025-05-13 17:15:00,Lena,Whitfield,lena.whitfield@pinnacle.com,pinnacle.com,Organic / Direct,none,false
L002045,2025-05-20 17:45:00,Priya,Zhang,priya.zhang@halcyon.com,halcyon.com,Organic / Direct,none,false
L002046,2025-05-24 08:45:00,Rafael,Castellanos,rafael.castellanos@ridgeline.com,ridgeline.com,Organic / Direct,none,false
L002047,2025-05-17 11:00:00,Cormac,Haddad,cormac.haddad@quarry.com,quarry.com,Organic / Direct,none,false
L002048,2025-05-19 07:15:00,Darius,Kavanagh,darius.kavanagh@ironwood.com,ironwood.com,Organic / Direct,none,false
L002049,2025-05-31 20:30:00,Margit,Aaltonen,margit.aaltonen@northwind.com,northwind.com,Organic / Direct,none,false
L002050,2025-05-19 11:30:00,Yusuf,Lindqvist,yusuf.lindqvist@copperline.com,copperline.com,Organic / Direct,none,false
L002051,2025-05-11 07:30:00,Kenji,Krishnan,kenji.krishnan@halcyon.com,halcyon.com,Organic / Direct,none,false
L002052,2025-05-14 09:30:00,Cormac,Haddad,cormac.haddad@oakhurst.com,oakhurst.com,Organic / Direct,none,false
L002053,2025-05-31 10:00:00,Elodie,Watanabe,elodie.watanabe@granitepeak.com,granitepeak.com,Organic / Direct,none,false
L002054,2025-05-02 07:30:00,Noor,Petrov,noor.petrov@brightpath.com,brightpath.com,Organic / Direct,none,false
L002055,2025-05-24 13:45:00,Darius,Raghunathan,darius.raghunathan@quarry.com,quarry.com,Organic / Direct,none,false
L002056,2025-05-28 20:30:00,Renata,Nwosu,renata.nwosu@ember.com,ember.com,Organic / Direct,none,false
L002057,2025-05-18 18:00:00,Margit,Horvat,margit.horvat@ridgeline.com,ridgeline.com,Organic / Direct,none,false
L002058,2025-05-05 14:45:00,Beatriz,Novak,beatriz.novak@foxglove.com,foxglove.com,Organic / Direct,none,false
L002059,2025-05-21 15:30:00,Hollis,Lindqvist,hollis.lindqvist@pinnacle.com,pinnacle.com,Organic / Direct,none,false
L002060,2025-05-08 16:15:00,Kenji,Grant,kenji.grant@harborview.com,harborview.com,Organic / Direct,none,false
L002061,2025-05-22 07:00:00,Rafael,Petrov,rafael.petrov@pinnacle.com,pinnacle.com,Organic / Direct,none,false
L002062,2025-05-27 09:30:00,Adeola,Almeida,adeola.almeida@solvent.com,solvent.com,Organic / Direct,none,false
L002063,2025-05-04 07:45:00,Alicia,Whitfield,alicia.whitfield@lumen.com,lumen.com,Organic / Direct,none,false
L002064,2025-05-30 07:30:00,Darius,Horvat,darius.horvat@foxglove.com,foxglove.com,Organic / Direct,none,false
L002065,2025-05-09 11:30:00,Marcus,Novak,marcus.novak@northwind.com,northwind.com,Organic / Direct,none,false
L002066,2025-05-26 18:15:00,Cormac,Krishnan,cormac.krishnan@redwood.com,redwood.com,Organic / Direct,none,true
L002067,2025-05-30 17:30:00,Adeola,Zhang,adeola.zhang@tessellate.com,tessellate.com,Organic / Direct,none,false
L002068,2025-05-02 14:30:00,Ingrid,Demir,ingrid.demir@redwood.com,redwood.com,Organic / Direct,none,false
L002069,2025-05-18 15:00:00,Estelle,Aaltonen,estelle.aaltonen@redwood.com,redwood.com,Organic / Direct,none,false
L002070,2025-05-31 20:15:00,Callum,Vieira,callum.vieira@anvil.com,anvil.com,Organic / Direct,none,false
L002071,2025-05-17 07:30:00,Darius,Raghunathan,darius.raghunathan@lumen.com,lumen.com,Organic / Direct,none,false
L002072,2025-05-28 14:15:00,Noor,Horvat,noor.horvat@ironwood.com,ironwood.com,Organic / Direct,none,false
L002073,2025-06-01 15:00:00,Alicia,Nwosu,alicia.nwosu@dovetail.com,dovetail.com,Display - Programmatic,retarget-display,false
L002074,2025-06-29 09:15:00,Callum,Grant,callum.grant@tessellate.com,tessellate.com,Display - Programmatic,retarget-display,false
L002075,2025-06-12 14:45:00,Mei,Szabo,mei.szabo@cascade.com,cascade.com,Display - Programmatic,contextual-b2b,false
L002076,2025-06-28 19:45:00,Darius,Novak,darius.novak@anvil.com,anvil.com,Display - Programmatic,contextual-b2b,false
L002077,2025-06-23 14:15:00,Arun,Iyer,arun.iyer@saltmarsh.com,saltmarsh.com,Display - Programmatic,retarget-display,false
L002078,2025-06-23 09:15:00,Elodie,Mulvaney,elodie.mulvaney@halcyon.com,halcyon.com,Display - Programmatic,contextual-b2b,false
L002079,2025-06-30 11:00:00,Noor,Lindqvist,noor.lindqvist@solvent.com,solvent.com,Display - Programmatic,contextual-b2b,false
L002080,2025-06-26 12:30:00,Cormac,Mulvaney,cormac.mulvaney@ferrous.com,ferrous.com,Display - Programmatic,contextual-b2b,false
L002081,2025-06-07 09:45:00,Estelle,Petrov,estelle.petrov@dovetail.com,dovetail.com,Display - Programmatic,contextual-b2b,false
L002082,2025-06-09 12:45:00,Alicia,Raghunathan,alicia.raghunathan@anvil.com,anvil.com,Display - Programmatic,retarget-display,false
L002083,2025-06-16 16:15:00,Rafael,Bergstrom,rafael.bergstrom@anvil.com,anvil.com,Display - Programmatic,contextual-b2b,false
L002084,2025-06-11 16:30:00,Darius,Lindqvist,darius.lindqvist@quillon.com,quillon.com,Display - Programmatic,retarget-display,false
L002085,2025-06-21 15:45:00,Malik,Okonkwo,malik.okonkwo@anvil.com,anvil.com,Display - Programmatic,retarget-display,false
L002086,2025-06-17 14:30:00,Omar,Ferreira,omar.ferreira@quillon.com,quillon.com,Display - Programmatic,retarget-display,false
L002087,2025-06-23 08:15:00,Beatriz,Szabo,beatriz.szabo@thornbury.com,thornbury.com,Display - Programmatic,contextual-b2b,false
L002088,2025-06-01 08:30:00,Marcus,Mulvaney,marcus.mulvaney@halcyon.com,halcyon.com,Display - Programmatic,contextual-b2b,false
L002089,2025-06-22 11:15:00,Marcus,Petrov,marcus.petrov@quarry.com,quarry.com,Display - Programmatic,contextual-b2b,false
L002090,2025-06-26 14:15:00,Priya,Moreau,priya.moreau@quarry.com,quarry.com,Display - Programmatic,retarget-display,false
L002091,2025-06-13 20:45:00,Siobhan,Doyle,siobhan.doyle@halcyon.com,halcyon.com,Display - Programmatic,retarget-display,false
L002092,2025-06-24 18:15:00,Marcus,Petrov,marcus.petrov@saltmarsh.com,saltmarsh.com,Display - Programmatic,contextual-b2b,false
L002093,2025-06-16 13:30:00,Hollis,Mulvaney,hollis.mulvaney@copperline.com,copperline.com,Display - Programmatic,contextual-b2b,false
L002094,2025-06-08 14:00:00,Renata,Moreau,renata.moreau@brightpath.com,brightpath.com,Display - Programmatic,retarget-display,false
L002095,2025-06-30 09:30:00,Hollis,Bergstrom,hollis.bergstrom@harborview.com,harborview.com,Display - Programmatic,retarget-display,false
L002096,2025-06-06 19:45:00,Estelle,Doyle,estelle.doyle@juniper.com,juniper.com,Display - Programmatic,contextual-b2b,false
L002097,2025-06-12 09:30:00,Ivo,Farrell,ivo.farrell@solvent.com,solvent.com,Display - Programmatic,retarget-display,false
L002098,2025-06-15 14:15:00,Callum,Watanabe,callum.watanabe@harborview.com,harborview.com,Display - Programmatic,retarget-display,false
L002099,2025-06-12 15:45:00,Margit,Castellanos,margit.castellanos@halcyon.com,halcyon.com,Display - Programmatic,contextual-b2b,false
L002100,2025-06-07 16:45:00,Peter,Okonkwo,peter.okonkwo@redwood.com,redwood.com,Display - Programmatic,retarget-display,false
L002101,2025-06-10 10:30:00,Tomas,Almeida,tomas.almeida@oakhurst.com,oakhurst.com,Display - Programmatic,retarget-display,true
L002102,2025-06-01 17:30:00,Cormac,Petrov,cormac.petrov@quarry.com,quarry.com,Display - Programmatic,retarget-display,false
L002103,2025-06-20 13:00:00,Beatriz,Okonkwo,beatriz.okonkwo@saltmarsh.com,saltmarsh.com,Display - Programmatic,contextual-b2b,false
L002104,2025-06-27 12:15:00,Marcus,Zhang,marcus.zhang@thornbury.com,thornbury.com,Display - Programmatic,retarget-display,false
L002105,2025-06-26 16:15:00,Mei,Okonkwo,mei.okonkwo@northwind.com,northwind.com,Display - Programmatic,retarget-display,false
L002106,2025-06-07 11:15:00,Anaya,Okonkwo,anaya.okonkwo@lumen.com,lumen.com,Display - Programmatic,contextual-b2b,false
L002107,2025-06-22 17:00:00,Hollis,Doyle,hollis.doyle@thornbury.com,thornbury.com,Display - Programmatic,retarget-display,false
L002108,2025-06-27 20:00:00,Margit,Horvat,margit.horvat@pinnacle.com,pinnacle.com,Display - Programmatic,retarget-display,false
L002109,2025-06-11 17:30:00,Ivo,Szabo,ivo.szabo@pinnacle.com,pinnacle.com,Display - Programmatic,contextual-b2b,false
L002110,2025-06-26 19:30:00,Callum,Zhang,callum.zhang@northwind.com,northwind.com,Display - Programmatic,retarget-display,false
L002111,2025-06-03 16:30:00,Alicia,Haddad,alicia.haddad@meridian.com,meridian.com,Display - Programmatic,contextual-b2b,false
L002112,2025-06-23 17:00:00,Priya,Farrell,priya.farrell@ridgeline.com,ridgeline.com,Display - Programmatic,retarget-display,false
L002113,2025-06-18 08:00:00,Tomas,Zhang,tomas.zhang@juniper.com,juniper.com,Display - Programmatic,contextual-b2b,false
L002114,2025-06-04 16:45:00,Yusuf,Mulvaney,yusuf.mulvaney@granitepeak.com,granitepeak.com,Display - Programmatic,contextual-b2b,false
L002115,2025-06-05 12:45:00,Anaya,Ferreira,anaya.ferreira@juniper.com,juniper.com,Display - Programmatic,contextual-b2b,false
L002116,2025-06-26 16:30:00,Peter,Kavanagh,peter.kavanagh@granitepeak.com,granitepeak.com,Display - Programmatic,contextual-b2b,false
L002117,2025-06-05 11:15:00,Malik,Novak,malik.novak@quarry.com,quarry.com,Display - Programmatic,retarget-display,false
L002118,2025-06-09 12:00:00,Omar,Watanabe,omar.watanabe@saltmarsh.com,saltmarsh.com,Display - Programmatic,retarget-display,false
L002119,2025-06-12 13:30:00,Priya,Iyer,priya.iyer@kestrel.com,kestrel.com,Display - Programmatic,contextual-b2b,false
L002120,2025-06-04 16:15:00,Kenji,Pires,kenji.pires@thornbury.com,thornbury.com,Display - Programmatic,contextual-b2b,false
L002121,2025-06-14 18:30:00,Yusuf,Horvat,yusuf.horvat@kestrel.com,kestrel.com,Display - Programmatic,contextual-b2b,false
L002122,2025-06-18 16:45:00,Renata,Grant,renata.grant@northwind.com,northwind.com,Display - Programmatic,contextual-b2b,false
L002123,2025-06-16 11:00:00,Siobhan,Iyer,siobhan.iyer@meridian.com,meridian.com,Display - Programmatic,contextual-b2b,false
L002124,2025-06-18 20:00:00,Priya,Demir,priya.demir@tessellate.com,tessellate.com,Display - Programmatic,retarget-display,false
L002125,2025-06-09 14:00:00,Grace,Pires,grace.pires@harborview.com,harborview.com,Display - Programmatic,retarget-display,false
L002126,2025-06-25 20:00:00,Malik,Petrov,malik.petrov@ridgeline.com,ridgeline.com,Display - Programmatic,retarget-display,false
L002127,2025-06-18 20:00:00,Lena,Farrell,lena.farrell@arclight.com,arclight.com,Display - Programmatic,contextual-b2b,false
L002128,2025-06-01 17:00:00,Noor,Demir,noor.demir@ember.com,ember.com,Display - Programmatic,retarget-display,false
L002129,2025-06-19 12:00:00,Alicia,Krishnan,alicia.krishnan@juniper.com,juniper.com,Display - Programmatic,contextual-b2b,false
L002130,2025-06-09 15:15:00,Kenji,Lindqvist,kenji.lindqvist@copperline.com,copperline.com,Display - Programmatic,retarget-display,false
L002131,2025-06-12 09:15:00,Priya,Horvat,priya.horvat@marlowe.com,marlowe.com,Display - Programmatic,retarget-display,false
L002132,2025-06-23 08:00:00,Kenji,Watanabe,kenji.watanabe@thornbury.com,thornbury.com,Display - Programmatic,retarget-display,false
L002133,2025-06-30 07:30:00,Malik,Byrne,malik.byrne@foxglove.com,foxglove.com,Display - Programmatic,retarget-display,false
L002134,2025-06-06 12:45:00,Yusuf,Nwosu,yusuf.nwosu@arclight.com,arclight.com,Display - Programmatic,retarget-display,false
L002135,2025-06-14 17:15:00,Renata,Nwosu,renata.nwosu@cascade.com,cascade.com,Display - Programmatic,retarget-display,false
L002136,2025-06-06 07:15:00,Peter,Aaltonen,peter.aaltonen@cascade.com,cascade.com,Display - Programmatic,retarget-display,false
L002137,2025-06-22 10:30:00,Cormac,Moreau,cormac.moreau@oakhurst.com,oakhurst.com,Display - Programmatic,contextual-b2b,false
L002138,2025-06-07 18:45:00,Lena,Grant,lena.grant@harborview.com,harborview.com,Display - Programmatic,contextual-b2b,false
L002139,2025-06-02 12:00:00,Alicia,Zhang,alicia.zhang@cascade.com,cascade.com,Display - Programmatic,retarget-display,false
L002140,2025-06-17 11:30:00,Kenji,Kavanagh,kenji.kavanagh@northwind.com,northwind.com,Display - Programmatic,retarget-display,false
L002141,2025-06-19 12:45:00,Malik,Szabo,malik.szabo@thornbury.com,thornbury.com,Display - Programmatic,retarget-display,false
L002142,2025-06-04 17:30:00,Anaya,Zhang,anaya.zhang@anvil.com,anvil.com,Paid Search - Brand,brand-exact,false
L002143,2025-06-03 19:30:00,Ingrid,Petrov,ingrid.petrov@halcyon.com,halcyon.com,Paid Search - Brand,brand-exact,false
L002144,2025-06-18 15:30:00,Estelle,Kavanagh,estelle.kavanagh@quarry.com,quarry.com,Paid Search - Brand,brand-exact,false
L002145,2025-06-03 20:45:00,Estelle,Nwosu,estelle.nwosu@northwind.com,northwind.com,Paid Search - Brand,brand-phrase,false
L002146,2025-06-06 13:00:00,Ingrid,Lindqvist,ingrid.lindqvist@saltmarsh.com,saltmarsh.com,Paid Search - Brand,brand-phrase,false
L002147,2025-06-09 15:45:00,Mei,Novak,mei.novak@dovetail.com,dovetail.com,Paid Search - Brand,brand-phrase,false
L002148,2025-06-26 11:30:00,Yusuf,Bahri,yusuf.bahri@redwood.com,redwood.com,Paid Search - Brand,brand-phrase,false
L002149,2025-06-21 15:45:00,Ivo,Zhang,ivo.zhang@marlowe.com,marlowe.com,Paid Search - Brand,brand-phrase,false
L002150,2025-06-08 19:15:00,Mei,Pires,mei.pires@saltmarsh.com,saltmarsh.com,Paid Search - Brand,brand-exact,false
L002151,2025-06-03 09:30:00,Mei,Almeida,mei.almeida@quillon.com,quillon.com,Paid Search - Brand,brand-exact,true
L002152,2025-06-22 13:30:00,Arun,Lindqvist,arun.lindqvist@solvent.com,solvent.com,Paid Search - Brand,brand-phrase,false
L002153,2025-06-12 18:30:00,Elodie,Almeida,elodie.almeida@foxglove.com,foxglove.com,Paid Search - Brand,brand-exact,true
L002154,2025-06-28 17:30:00,Malik,Moreau,malik.moreau@quillon.com,quillon.com,Paid Search - Brand,brand-exact,false
L002155,2025-06-11 07:00:00,Cormac,Castellanos,cormac.castellanos@halcyon.com,halcyon.com,Paid Search - Brand,brand-phrase,false
L002156,2025-06-14 12:45:00,Siobhan,Whitfield,siobhan.whitfield@foxglove.com,foxglove.com,Paid Search - Brand,brand-exact,true
L002157,2025-06-15 18:15:00,Rafael,Haddad,rafael.haddad@dovetail.com,dovetail.com,Paid Search - Brand,brand-exact,true
L002158,2025-06-11 08:30:00,Alicia,Whitfield,alicia.whitfield@saltmarsh.com,saltmarsh.com,Paid Search - Brand,brand-exact,false
L002159,2025-06-29 13:00:00,Marcus,Nwosu,marcus.nwosu@redwood.com,redwood.com,Paid Search - Brand,brand-phrase,false
L002160,2025-06-23 13:15:00,Alicia,Krishnan,alicia.krishnan@copperline.com,copperline.com,Paid Search - Brand,brand-exact,false
L002161,2025-06-15 07:15:00,Renata,Lindqvist,renata.lindqvist@ferrous.com,ferrous.com,Paid Search - Brand,brand-exact,false
L002162,2025-06-19 11:15:00,Estelle,Moreau,estelle.moreau@harborview.com,harborview.com,Paid Search - Brand,brand-exact,false
L002163,2025-06-17 14:30:00,Lena,Moreau,lena.moreau@solvent.com,solvent.com,Paid Search - Brand,brand-phrase,true
L002164,2025-06-02 12:45:00,Callum,Horvat,callum.horvat@pinnacle.com,pinnacle.com,Paid Search - Brand,brand-exact,false
L002165,2025-06-20 16:00:00,Tomas,Doyle,tomas.doyle@ironwood.com,ironwood.com,Paid Search - Brand,brand-exact,true
L002166,2025-06-25 15:00:00,Renata,Horvat,renata.horvat@marlowe.com,marlowe.com,Paid Search - Brand,brand-exact,false
L002167,2025-06-16 15:15:00,Hollis,Krishnan,hollis.krishnan@redwood.com,redwood.com,Paid Search - Brand,brand-phrase,false
L002168,2025-06-16 17:30:00,Grace,Byrne,grace.byrne@oakhurst.com,oakhurst.com,Paid Search - Brand,brand-phrase,false
L002169,2025-06-17 17:45:00,Peter,Vieira,peter.vieira@copperline.com,copperline.com,Paid Search - Brand,brand-exact,false
L002170,2025-06-10 09:00:00,Mei,Bergstrom,mei.bergstrom@solvent.com,solvent.com,Paid Search - Brand,brand-phrase,false
L002171,2025-06-11 11:15:00,Peter,Grant,peter.grant@ferrous.com,ferrous.com,Paid Search - Brand,brand-phrase,false
L002172,2025-06-11 07:30:00,Arun,Petrov,arun.petrov@arclight.com,arclight.com,Paid Search - Brand,brand-phrase,false
L002173,2025-06-22 09:00:00,Alicia,Zhang,alicia.zhang@pinnacle.com,pinnacle.com,Paid Search - Brand,brand-phrase,false
L002174,2025-06-13 16:45:00,Alicia,Grant,alicia.grant@pinnacle.com,pinnacle.com,Paid Search - Brand,brand-exact,false
L002175,2025-06-09 14:00:00,Lena,Byrne,lena.byrne@pinnacle.com,pinnacle.com,Paid Search - Brand,brand-phrase,false
L002176,2025-06-23 10:45:00,Noor,Zhang,noor.zhang@tessellate.com,tessellate.com,Paid Search - Brand,brand-phrase,true
L002177,2025-06-06 19:00:00,Malik,Krishnan,malik.krishnan@saltmarsh.com,saltmarsh.com,Paid Search - Brand,brand-phrase,false
L002178,2025-06-28 18:15:00,Noor,Kavanagh,noor.kavanagh@northwind.com,northwind.com,Paid Search - Brand,brand-exact,false
L002179,2025-06-16 08:30:00,Lena,Watanabe,lena.watanabe@quillon.com,quillon.com,Paid Search - Brand,brand-phrase,false
L002180,2025-06-14 19:30:00,Jonas,Petrov,jonas.petrov@tessellate.com,tessellate.com,Paid Search - Brand,brand-exact,false
L002181,2025-06-21 14:00:00,Tomas,Bergstrom,tomas.bergstrom@cascade.com,cascade.com,Paid Search - Brand,brand-phrase,false
L002182,2025-06-10 18:15:00,Cormac,Iyer,cormac.iyer@ember.com,ember.com,Paid Search - Brand,brand-phrase,false
L002183,2025-06-28 16:45:00,Malik,Grant,malik.grant@pinnacle.com,pinnacle.com,Paid Search - Brand,brand-phrase,false
L002184,2025-06-18 15:30:00,Siobhan,Haddad,siobhan.haddad@brightpath.com,brightpath.com,Paid Search - Brand,brand-phrase,false
L002185,2025-06-02 14:00:00,Priya,Nwosu,priya.nwosu@dovetail.com,dovetail.com,Paid Search - Brand,brand-phrase,false
L002186,2025-06-02 07:00:00,Darius,Okonkwo,darius.okonkwo@nimbus.com,nimbus.com,Paid Search - Brand,brand-phrase,false
L002187,2025-06-20 14:45:00,Arun,Nwosu,arun.nwosu@ferrous.com,ferrous.com,Paid Search - Brand,brand-exact,false
L002188,2025-06-19 17:30:00,Adeola,Bergstrom,adeola.bergstrom@saltmarsh.com,saltmarsh.com,Paid Search - Brand,brand-exact,false
L002189,2025-06-16 15:00:00,Rafael,Okonkwo,rafael.okonkwo@arclight.com,arclight.com,Paid Search - Brand,brand-phrase,false
L002190,2025-06-26 19:00:00,Siobhan,Doyle,siobhan.doyle@northwind.com,northwind.com,Paid Search - Brand,brand-phrase,false
L002191,2025-06-12 19:15:00,Hollis,Aaltonen,hollis.aaltonen@tessellate.com,tessellate.com,Paid Search - Brand,brand-exact,true
L002192,2025-06-19 17:30:00,Hollis,Grant,hollis.grant@ferrous.com,ferrous.com,Paid Search - Brand,brand-phrase,false
L002193,2025-06-18 16:30:00,Omar,Aaltonen,omar.aaltonen@foxglove.com,foxglove.com,Paid Search - Brand,brand-phrase,true
L002194,2025-06-30 19:00:00,Jonas,Byrne,jonas.byrne@granitepeak.com,granitepeak.com,Paid Search - Brand,brand-phrase,false
L002195,2025-06-30 20:15:00,Grace,Ferreira,grace.ferreira@brightpath.com,brightpath.com,Paid Search - Brand,brand-phrase,false
L002196,2025-06-11 20:30:00,Cormac,Farrell,cormac.farrell@tessellate.com,tessellate.com,Paid Search - Brand,brand-exact,false
L002197,2025-06-23 15:30:00,Noor,Farrell,noor.farrell@tessellate.com,tessellate.com,Paid Search - Brand,brand-exact,false
L002198,2025-06-21 18:30:00,Yusuf,Aaltonen,yusuf.aaltonen@dovetail.com,dovetail.com,Paid Search - Brand,brand-exact,false
L002199,2025-06-30 16:45:00,Marcus,Okonkwo,marcus.okonkwo@juniper.com,juniper.com,Paid Search - Brand,brand-exact,false
L002200,2025-06-05 10:15:00,Priya,Byrne,priya.byrne@quarry.com,quarry.com,Paid Search - Brand,brand-phrase,false
L002201,2025-06-10 12:00:00,Noor,Bahri,noor.bahri@arclight.com,arclight.com,Paid Search - Brand,brand-exact,false
L002202,2025-06-28 08:30:00,Darius,Bergstrom,darius.bergstrom@foxglove.com,foxglove.com,Paid Social - Meta,prospecting-lal,false
L002203,2025-06-24 20:45:00,Callum,Okonkwo,callum.okonkwo@arclight.com,arclight.com,Paid Social - Meta,lead-form-broad,false
L002204,2025-06-13 11:15:00,Lena,Zhang,lena.zhang@dovetail.com,dovetail.com,Paid Social - Meta,mofu-retarget,false
L002205,2025-06-08 13:15:00,Yusuf,Pires,yusuf.pires@copperline.com,copperline.com,Paid Social - Meta,lead-form-broad,false
L002206,2025-06-09 08:15:00,Mei,Lindqvist,mei.lindqvist@saltmarsh.com,saltmarsh.com,Paid Social - Meta,prospecting-lal,false
L002207,2025-06-29 20:00:00,Mei,Almeida,mei.almeida@granitepeak.com,granitepeak.com,Paid Social - Meta,lead-form-broad,false
L002208,2025-06-19 14:15:00,Noor,Almeida,noor.almeida@juniper.com,juniper.com,Paid Social - Meta,prospecting-lal,false
L002209,2025-06-17 11:45:00,Renata,Horvat,renata.horvat@solvent.com,solvent.com,Paid Social - Meta,prospecting-lal,false
L002210,2025-06-27 18:30:00,Alicia,Watanabe,alicia.watanabe@cascade.com,cascade.com,Paid Social - Meta,lead-form-broad,false
L002211,2025-06-03 10:15:00,Noor,Okonkwo,noor.okonkwo@ember.com,ember.com,Paid Social - Meta,prospecting-lal,false
L002212,2025-06-24 13:00:00,Rafael,Szabo,rafael.szabo@brightpath.com,brightpath.com,Paid Social - Meta,lead-form-broad,false
L002213,2025-06-27 13:00:00,Hollis,Watanabe,hollis.watanabe@saltmarsh.com,saltmarsh.com,Paid Social - Meta,prospecting-lal,false
L002214,2025-06-09 07:15:00,Siobhan,Bergstrom,siobhan.bergstrom@juniper.com,juniper.com,Paid Social - Meta,prospecting-lal,false
L002215,2025-06-06 20:15:00,Mei,Horvat,mei.horvat@ferrous.com,ferrous.com,Paid Social - Meta,prospecting-lal,false
L002216,2025-06-10 17:15:00,Estelle,Moreau,estelle.moreau@redwood.com,redwood.com,Paid Social - Meta,lead-form-broad,false
L002217,2025-06-02 15:15:00,Ingrid,Novak,ingrid.novak@quarry.com,quarry.com,Paid Social - Meta,prospecting-lal,false
L002218,2025-06-01 16:00:00,Kenji,Raghunathan,kenji.raghunathan@dovetail.com,dovetail.com,Paid Social - Meta,prospecting-lal,false
L002219,2025-06-28 14:45:00,Peter,Haddad,peter.haddad@meridian.com,meridian.com,Paid Social - Meta,lead-form-broad,false
L002220,2025-06-23 15:45:00,Elodie,Iyer,elodie.iyer@ferrous.com,ferrous.com,Paid Social - Meta,lead-form-broad,false
L002221,2025-06-11 19:30:00,Ingrid,Lindqvist,ingrid.lindqvist@cascade.com,cascade.com,Paid Social - Meta,prospecting-lal,false
L002222,2025-06-09 08:00:00,Tomas,Castellanos,tomas.castellanos@ember.com,ember.com,Paid Social - Meta,mofu-retarget,false
L002223,2025-06-17 13:15:00,Margit,Kavanagh,margit.kavanagh@thornbury.com,thornbury.com,Paid Social - Meta,lead-form-broad,false
L002224,2025-06-18 20:30:00,Adeola,Pires,adeola.pires@brightpath.com,brightpath.com,Paid Social - Meta,lead-form-broad,false
L002225,2025-06-28 12:15:00,Yusuf,Castellanos,yusuf.castellanos@redwood.com,redwood.com,Paid Social - Meta,mofu-retarget,false
L002226,2025-06-10 12:15:00,Mei,Zhang,mei.zhang@quillon.com,quillon.com,Paid Social - Meta,mofu-retarget,false
L002227,2025-06-30 20:15:00,Lena,Horvat,lena.horvat@copperline.com,copperline.com,Paid Social - Meta,prospecting-lal,false
L002228,2025-06-25 07:45:00,Siobhan,Krishnan,siobhan.krishnan@solvent.com,solvent.com,Paid Social - Meta,mofu-retarget,false
L002229,2025-06-03 07:45:00,Cormac,Moreau,cormac.moreau@pinnacle.com,pinnacle.com,Paid Social - Meta,lead-form-broad,false
L002230,2025-06-10 18:45:00,Elodie,Aaltonen,elodie.aaltonen@quillon.com,quillon.com,Paid Social - Meta,prospecting-lal,false
L002231,2025-06-06 17:45:00,Elodie,Almeida,elodie.almeida@arclight.com,arclight.com,Paid Social - Meta,lead-form-broad,false
L002232,2025-06-25 16:30:00,Adeola,Okonkwo,adeola.okonkwo@harborview.com,harborview.com,Paid Social - Meta,lead-form-broad,false
L002233,2025-06-03 14:15:00,Ingrid,Novak,ingrid.novak@harborview.com,harborview.com,Paid Social - Meta,mofu-retarget,false
L002234,2025-06-03 20:15:00,Estelle,Aaltonen,estelle.aaltonen@harborview.com,harborview.com,Paid Social - Meta,prospecting-lal,false
L002235,2025-06-13 09:15:00,Noor,Demir,noor.demir@cascade.com,cascade.com,Paid Social - Meta,lead-form-broad,false
L002236,2025-06-09 07:30:00,Elodie,Doyle,elodie.doyle@dovetail.com,dovetail.com,Paid Social - Meta,prospecting-lal,false
L002237,2025-06-05 19:45:00,Beatriz,Haddad,beatriz.haddad@thornbury.com,thornbury.com,Paid Social - Meta,prospecting-lal,false
L002238,2025-06-06 12:30:00,Malik,Moreau,malik.moreau@brightpath.com,brightpath.com,Paid Social - Meta,prospecting-lal,false
L002239,2025-06-05 08:15:00,Elodie,Haddad,elodie.haddad@foxglove.com,foxglove.com,Paid Social - Meta,prospecting-lal,false
L002240,2025-06-30 16:30:00,Tomas,Okonkwo,tomas.okonkwo@ironwood.com,ironwood.com,Paid Social - Meta,lead-form-broad,false
L002241,2025-06-24 14:45:00,Rafael,Petrov,rafael.petrov@meridian.com,meridian.com,Paid Social - Meta,mofu-retarget,false
L002242,2025-06-01 12:00:00,Beatriz,Zhang,beatriz.zhang@pinnacle.com,pinnacle.com,Paid Social - Meta,prospecting-lal,false
L002243,2025-06-25 09:00:00,Jonas,Whitfield,jonas.whitfield@juniper.com,juniper.com,Paid Social - Meta,mofu-retarget,false
L002244,2025-06-23 13:45:00,Anaya,Bahri,anaya.bahri@cascade.com,cascade.com,Paid Social - Meta,lead-form-broad,false
L002245,2025-06-24 20:00:00,Malik,Lindqvist,malik.lindqvist@meridian.com,meridian.com,Paid Social - Meta,lead-form-broad,false
L002246,2025-06-15 17:00:00,Mei,Okonkwo,mei.okonkwo@saltmarsh.com,saltmarsh.com,Paid Social - Meta,prospecting-lal,false
L002247,2025-06-01 17:45:00,Ivo,Pires,ivo.pires@tessellate.com,tessellate.com,Paid Social - Meta,mofu-retarget,false
L002248,2025-06-30 08:45:00,Arun,Watanabe,arun.watanabe@meridian.com,meridian.com,Paid Social - Meta,lead-form-broad,false
L002249,2025-06-22 12:00:00,Alicia,Kavanagh,alicia.kavanagh@thornbury.com,thornbury.com,Paid Social - Meta,mofu-retarget,false
L002250,2025-06-25 15:15:00,Lena,Ferreira,lena.ferreira@ferrous.com,ferrous.com,Paid Social - Meta,prospecting-lal,false
L002251,2025-06-02 07:45:00,Omar,Whitfield,omar.whitfield@juniper.com,juniper.com,Paid Social - Meta,mofu-retarget,false
L002252,2025-06-10 17:15:00,Malik,Bahri,malik.bahri@tessellate.com,tessellate.com,Paid Social - Meta,prospecting-lal,false
L002253,2025-06-25 19:00:00,Siobhan,Almeida,siobhan.almeida@oakhurst.com,oakhurst.com,Paid Social - Meta,lead-form-broad,true
L002254,2025-06-10 11:15:00,Alicia,Byrne,alicia.byrne@ironwood.com,ironwood.com,Paid Social - Meta,prospecting-lal,false
L002255,2025-06-26 16:45:00,Lena,Watanabe,lena.watanabe@quillon.com,quillon.com,Paid Social - Meta,lead-form-broad,false
L002256,2025-06-16 18:30:00,Lena,Byrne,lena.byrne@granitepeak.com,granitepeak.com,Paid Social - Meta,lead-form-broad,false
L002257,2025-06-18 09:15:00,Hollis,Krishnan,hollis.krishnan@nimbus.com,nimbus.com,Paid Social - Meta,mofu-retarget,false
L002258,2025-06-02 13:15:00,Ingrid,Bergstrom,ingrid.bergstrom@ironwood.com,ironwood.com,Paid Social - Meta,mofu-retarget,false
L002259,2025-06-21 20:45:00,Noor,Horvat,noor.horvat@tessellate.com,tessellate.com,Paid Social - Meta,mofu-retarget,false
L002260,2025-06-24 12:30:00,Kenji,Horvat,kenji.horvat@arclight.com,arclight.com,Paid Social - Meta,prospecting-lal,false
L002261,2025-06-03 10:45:00,Priya,Farrell,priya.farrell@cascade.com,cascade.com,Paid Social - Meta,prospecting-lal,false
L002262,2025-06-20 11:15:00,Alicia,Krishnan,alicia.krishnan@tessellate.com,tessellate.com,Paid Social - Meta,prospecting-lal,false
L002263,2025-06-09 12:15:00,Estelle,Lindqvist,estelle.lindqvist@meridian.com,meridian.com,Paid Social - Meta,prospecting-lal,false
L002264,2025-06-02 12:30:00,Jonas,Petrov,jonas.petrov@quarry.com,quarry.com,Paid Social - Meta,mofu-retarget,false
L002265,2025-06-28 10:45:00,Callum,Szabo,callum.szabo@lumen.com,lumen.com,Paid Social - Meta,lead-form-broad,false
L002266,2025-06-09 09:30:00,Margit,Raghunathan,margit.raghunathan@oakhurst.com,oakhurst.com,Paid Social - Meta,prospecting-lal,false
L002267,2025-06-24 12:45:00,Jonas,Haddad,jonas.haddad@solvent.com,solvent.com,Paid Social - Meta,lead-form-broad,false
L002268,2025-06-23 20:30:00,Tomas,Bahri,tomas.bahri@solvent.com,solvent.com,Paid Social - Meta,prospecting-lal,false
L002269,2025-06-14 17:30:00,Adeola,Demir,adeola.demir@halcyon.com,halcyon.com,Paid Social - Meta,mofu-retarget,false
L002270,2025-06-24 12:30:00,Arun,Ferreira,arun.ferreira@foxglove.com,foxglove.com,Paid Social - Meta,mofu-retarget,false
L002271,2025-06-19 14:15:00,Siobhan,Bergstrom,siobhan.bergstrom@solvent.com,solvent.com,Paid Social - Meta,prospecting-lal,false
L002272,2025-06-25 20:15:00,Tomas,Kavanagh,tomas.kavanagh@copperline.com,copperline.com,Paid Social - Meta,mofu-retarget,false
L002273,2025-06-16 10:30:00,Cormac,Moreau,cormac.moreau@nimbus.com,nimbus.com,Paid Social - Meta,mofu-retarget,false
L002274,2025-06-06 11:00:00,Arun,Demir,arun.demir@halcyon.com,halcyon.com,Paid Social - Meta,mofu-retarget,false
L002275,2025-06-02 13:15:00,Renata,Watanabe,renata.watanabe@thornbury.com,thornbury.com,Paid Social - Meta,mofu-retarget,false
L002276,2025-06-25 13:30:00,Mei,Moreau,mei.moreau@brightpath.com,brightpath.com,Paid Social - Meta,prospecting-lal,false
L002277,2025-06-11 14:00:00,Renata,Aaltonen,renata.aaltonen@halcyon.com,halcyon.com,Paid Social - Meta,lead-form-broad,false
L002278,2025-06-15 08:15:00,Kenji,Watanabe,kenji.watanabe@dovetail.com,dovetail.com,Paid Social - Meta,prospecting-lal,false
L002279,2025-06-09 14:15:00,Estelle,Zhang,estelle.zhang@harborview.com,harborview.com,Paid Social - Meta,lead-form-broad,false
L002280,2025-06-16 17:00:00,Ingrid,Lindqvist,ingrid.lindqvist@quarry.com,quarry.com,Paid Social - Meta,prospecting-lal,false
L002281,2025-06-22 13:15:00,Margit,Okonkwo,margit.okonkwo@ferrous.com,ferrous.com,Paid Social - Meta,lead-form-broad,false
L002282,2025-06-25 14:15:00,Noor,Farrell,noor.farrell@marlowe.com,marlowe.com,Paid Social - Meta,prospecting-lal,true
L002283,2025-06-16 18:30:00,Priya,Pires,priya.pires@nimbus.com,nimbus.com,Paid Social - Meta,prospecting-lal,false
L002284,2025-06-25 13:30:00,Mei,Horvat,mei.horvat@quillon.com,quillon.com,Paid Social - Meta,prospecting-lal,false
L002285,2025-06-01 13:30:00,Estelle,Almeida,estelle.almeida@granitepeak.com,granitepeak.com,Paid Social - Meta,mofu-retarget,false
L002286,2025-06-17 19:15:00,Callum,Ferreira,callum.ferreira@marlowe.com,marlowe.com,Paid Social - Meta,lead-form-broad,false
L002287,2025-06-16 20:45:00,Estelle,Moreau,estelle.moreau@dovetail.com,dovetail.com,Paid Social - Meta,mofu-retarget,false
L002288,2025-06-15 07:45:00,Noor,Vieira,noor.vieira@ironwood.com,ironwood.com,Paid Social - Meta,prospecting-lal,false
L002289,2025-06-24 14:30:00,Arun,Whitfield,arun.whitfield@nimbus.com,nimbus.com,Paid Social - Meta,prospecting-lal,true
L002290,2025-06-05 16:15:00,Yusuf,Grant,yusuf.grant@meridian.com,meridian.com,Paid Social - Meta,lead-form-broad,false
L002291,2025-06-03 14:15:00,Omar,Novak,omar.novak@arclight.com,arclight.com,Paid Social - Meta,prospecting-lal,false
L002292,2025-06-07 09:15:00,Jonas,Castellanos,jonas.castellanos@ironwood.com,ironwood.com,Paid Social - Meta,mofu-retarget,false
L002293,2025-06-16 11:45:00,Jonas,Farrell,jonas.farrell@granitepeak.com,granitepeak.com,Paid Social - Meta,mofu-retarget,false
L002294,2025-06-13 16:30:00,Margit,Almeida,margit.almeida@northwind.com,northwind.com,Paid Social - Meta,prospecting-lal,false
L002295,2025-06-27 15:45:00,Ingrid,Doyle,ingrid.doyle@brightpath.com,brightpath.com,Paid Social - Meta,prospecting-lal,false
L002296,2025-06-09 16:00:00,Ivo,Doyle,ivo.doyle@foxglove.com,foxglove.com,Paid Social - Meta,mofu-retarget,false
L002297,2025-06-01 13:30:00,Adeola,Okonkwo,adeola.okonkwo@marlowe.com,marlowe.com,Paid Social - Meta,lead-form-broad,false
L002298,2025-06-06 20:00:00,Yusuf,Novak,yusuf.novak@harborview.com,harborview.com,Paid Social - Meta,mofu-retarget,false
L002299,2025-06-01 19:15:00,Rafael,Raghunathan,rafael.raghunathan@brightpath.com,brightpath.com,Paid Social - Meta,mofu-retarget,false
L002300,2025-06-19 07:45:00,Priya,Haddad,priya.haddad@dovetail.com,dovetail.com,Paid Social - Meta,mofu-retarget,false
L002301,2025-06-21 07:30:00,Callum,Kavanagh,callum.kavanagh@tessellate.com,tessellate.com,Paid Social - Meta,lead-form-broad,false
L002302,2025-06-27 16:45:00,Marcus,Whitfield,marcus.whitfield@thornbury.com,thornbury.com,Paid Social - Meta,mofu-retarget,false
L002303,2025-06-18 17:30:00,Priya,Petrov,priya.petrov@dovetail.com,dovetail.com,Paid Social - Meta,mofu-retarget,false
L002304,2025-06-23 17:45:00,Hollis,Demir,hollis.demir@anvil.com,anvil.com,Paid Social - Meta,lead-form-broad,false
L002305,2025-06-17 09:15:00,Noor,Grant,noor.grant@kestrel.com,kestrel.com,Paid Social - Meta,lead-form-broad,false
L002306,2025-06-19 16:15:00,Lena,Mulvaney,lena.mulvaney@nimbus.com,nimbus.com,Paid Social - Meta,mofu-retarget,false
L002307,2025-06-07 19:45:00,Grace,Novak,grace.novak@foxglove.com,foxglove.com,Paid Social - Meta,mofu-retarget,false
L002308,2025-06-23 14:00:00,Malik,Okonkwo,malik.okonkwo@juniper.com,juniper.com,Paid Social - Meta,mofu-retarget,false
L002309,2025-06-14 07:30:00,Elodie,Okonkwo,elodie.okonkwo@quillon.com,quillon.com,Paid Social - Meta,lead-form-broad,false
L002310,2025-06-14 08:45:00,Arun,Vieira,arun.vieira@brightpath.com,brightpath.com,Paid Social - Meta,prospecting-lal,false
L002311,2025-06-28 13:45:00,Yusuf,Krishnan,yusuf.krishnan@copperline.com,copperline.com,Paid Social - Meta,lead-form-broad,false
L002312,2025-06-20 13:30:00,Priya,Novak,priya.novak@foxglove.com,foxglove.com,Paid Social - Meta,prospecting-lal,false
L002313,2025-06-26 13:15:00,Mei,Krishnan,mei.krishnan@halcyon.com,halcyon.com,Paid Social - Meta,prospecting-lal,false
L002314,2025-06-30 10:45:00,Lena,Szabo,lena.szabo@harborview.com,harborview.com,Paid Social - Meta,lead-form-broad,false
L002315,2025-06-28 07:45:00,Ivo,Raghunathan,ivo.raghunathan@tessellate.com,tessellate.com,Paid Social - Meta,prospecting-lal,false
L002316,2025-06-26 11:15:00,Estelle,Raghunathan,estelle.raghunathan@marlowe.com,marlowe.com,Paid Social - Meta,prospecting-lal,false
L002317,2025-06-23 10:15:00,Margit,Zhang,margit.zhang@cascade.com,cascade.com,Paid Social - Meta,prospecting-lal,false
L002318,2025-06-05 16:30:00,Darius,Szabo,darius.szabo@marlowe.com,marlowe.com,Paid Social - Meta,mofu-retarget,true
L002319,2025-06-21 14:15:00,Margit,Okonkwo,margit.okonkwo@solvent.com,solvent.com,Paid Social - Meta,prospecting-lal,false
L002320,2025-06-25 20:15:00,Ingrid,Okonkwo,ingrid.okonkwo@kestrel.com,kestrel.com,Paid Social - Meta,lead-form-broad,false
L002321,2025-06-19 16:45:00,Omar,Moreau,omar.moreau@tessellate.com,tessellate.com,Paid Social - Meta,lead-form-broad,false
L002322,2025-06-09 20:15:00,Jonas,Bergstrom,jonas.bergstrom@saltmarsh.com,saltmarsh.com,Paid Social - Meta,mofu-retarget,false
L002323,2025-06-11 19:45:00,Jonas,Pires,jonas.pires@harborview.com,harborview.com,Paid Social - Meta,mofu-retarget,false
L002324,2025-06-27 11:00:00,Priya,Bahri,priya.bahri@tessellate.com,tessellate.com,Paid Social - Meta,lead-form-broad,false
L002325,2025-06-18 18:45:00,Callum,Raghunathan,callum.raghunathan@granitepeak.com,granitepeak.com,Paid Social - Meta,prospecting-lal,false
L002326,2025-06-21 12:15:00,Arun,Aaltonen,arun.aaltonen@oakhurst.com,oakhurst.com,Paid Social - Meta,prospecting-lal,true
L002327,2025-06-22 10:45:00,Lena,Lindqvist,lena.lindqvist@kestrel.com,kestrel.com,Paid Social - Meta,lead-form-broad,false
L002328,2025-06-29 15:00:00,Grace,Raghunathan,grace.raghunathan@ember.com,ember.com,Paid Social - Meta,prospecting-lal,false
L002329,2025-06-19 18:30:00,Marcus,Iyer,marcus.iyer@ember.com,ember.com,Paid Social - Meta,prospecting-lal,false
L002330,2025-06-03 15:15:00,Margit,Grant,margit.grant@ironwood.com,ironwood.com,Paid Social - Meta,mofu-retarget,false
L002331,2025-06-25 16:30:00,Siobhan,Demir,siobhan.demir@juniper.com,juniper.com,Paid Social - Meta,mofu-retarget,false
L002332,2025-06-09 20:45:00,Anaya,Nwosu,anaya.nwosu@ridgeline.com,ridgeline.com,Paid Social - Meta,lead-form-broad,false
L002333,2025-06-15 15:45:00,Rafael,Iyer,rafael.iyer@quarry.com,quarry.com,Paid Social - Meta,lead-form-broad,false
L002334,2025-06-15 14:45:00,Mei,Novak,mei.novak@tessellate.com,tessellate.com,Paid Social - Meta,prospecting-lal,true
L002335,2025-06-16 12:15:00,Marcus,Watanabe,marcus.watanabe@saltmarsh.com,saltmarsh.com,Paid Social - Meta,lead-form-broad,false
L002336,2025-06-02 18:00:00,Margit,Petrov,margit.petrov@juniper.com,juniper.com,Paid Social - Meta,lead-form-broad,false
L002337,2025-06-21 18:00:00,Renata,Pires,renata.pires@redwood.com,redwood.com,Paid Social - Meta,prospecting-lal,false
L002338,2025-06-18 13:15:00,Elodie,Nwosu,elodie.nwosu@meridian.com,meridian.com,Paid Social - Meta,mofu-retarget,false
L002339,2025-06-29 15:45:00,Beatriz,Iyer,beatriz.iyer@ironwood.com,ironwood.com,Paid Social - Meta,prospecting-lal,false
L002340,2025-06-28 18:00:00,Beatriz,Bahri,beatriz.bahri@redwood.com,redwood.com,Paid Social - Meta,lead-form-broad,false
L002341,2025-06-25 14:45:00,Darius,Almeida,darius.almeida@ironwood.com,ironwood.com,Paid Social - Meta,mofu-retarget,false
L002342,2025-06-17 13:00:00,Callum,Mulvaney,callum.mulvaney@copperline.com,copperline.com,Paid Social - Meta,mofu-retarget,false
L002343,2025-06-23 08:00:00,Adeola,Grant,adeola.grant@lumen.com,lumen.com,Paid Social - Meta,prospecting-lal,false
L002344,2025-06-29 16:45:00,Malik,Moreau,malik.moreau@kestrel.com,kestrel.com,Paid Social - Meta,prospecting-lal,false
L002345,2025-06-06 18:15:00,Arun,Farrell,arun.farrell@copperline.com,copperline.com,Paid Social - Meta,prospecting-lal,false
L002346,2025-06-28 20:00:00,Arun,Farrell,arun.farrell@granitepeak.com,granitepeak.com,Paid Social - Meta,lead-form-broad,false
L002347,2025-06-12 19:15:00,Yusuf,Moreau,yusuf.moreau@arclight.com,arclight.com,Paid Social - Meta,prospecting-lal,false
L002348,2025-06-03 17:30:00,Siobhan,Lindqvist,siobhan.lindqvist@dovetail.com,dovetail.com,Paid Social - Meta,prospecting-lal,false
L002349,2025-06-20 12:15:00,Ivo,Doyle,ivo.doyle@arclight.com,arclight.com,Paid Social - Meta,mofu-retarget,false
L002350,2025-06-11 15:15:00,Ivo,Vieira,ivo.vieira@anvil.com,anvil.com,Paid Social - Meta,prospecting-lal,false
L002351,2025-06-09 16:30:00,Ingrid,Ferreira,ingrid.ferreira@pinnacle.com,pinnacle.com,Paid Social - Meta,prospecting-lal,false
L002352,2025-06-23 11:15:00,Jonas,Pires,jonas.pires@juniper.com,juniper.com,Paid Social - Meta,prospecting-lal,false
L002353,2025-06-20 08:45:00,Omar,Ferreira,omar.ferreira@juniper.com,juniper.com,Paid Social - Meta,prospecting-lal,false
L002354,2025-06-20 18:15:00,Siobhan,Raghunathan,siobhan.raghunathan@solvent.com,solvent.com,Paid Social - Meta,prospecting-lal,false
L002355,2025-06-07 08:45:00,Siobhan,Watanabe,siobhan.watanabe@saltmarsh.com,saltmarsh.com,Paid Social - Meta,lead-form-broad,false
L002356,2025-06-16 18:00:00,Grace,Novak,grace.novak@marlowe.com,marlowe.com,Paid Social - Meta,mofu-retarget,false
L002357,2025-06-24 10:30:00,Anaya,Bergstrom,anaya.bergstrom@foxglove.com,foxglove.com,Paid Social - Meta,mofu-retarget,false
L002358,2025-06-30 19:00:00,Margit,Zhang,margit.zhang@dovetail.com,dovetail.com,Paid Social - Meta,prospecting-lal,false
L002359,2025-06-06 15:30:00,Hollis,Kavanagh,hollis.kavanagh@lumen.com,lumen.com,Paid Social - Meta,lead-form-broad,false
L002360,2025-06-04 10:30:00,Renata,Demir,renata.demir@northwind.com,northwind.com,Paid Search - Non-Brand,solution-terms,false
L002361,2025-06-08 12:45:00,Peter,Petrov,peter.petrov@redwood.com,redwood.com,Paid Search - Non-Brand,solution-terms,false
L002362,2025-06-26 20:00:00,Priya,Moreau,priya.moreau@arclight.com,arclight.com,Paid Search - Non-Brand,solution-terms,false
L002363,2025-06-16 09:45:00,Marcus,Mulvaney,marcus.mulvaney@northwind.com,northwind.com,Paid Search - Non-Brand,category-terms,false
L002364,2025-06-26 08:00:00,Siobhan,Watanabe,siobhan.watanabe@saltmarsh.com,saltmarsh.com,Paid Search - Non-Brand,category-terms,false
L002365,2025-06-02 14:00:00,Kenji,Mulvaney,kenji.mulvaney@brightpath.com,brightpath.com,Paid Search - Non-Brand,category-terms,false
L002366,2025-06-10 19:45:00,Cormac,Okonkwo,cormac.okonkwo@marlowe.com,marlowe.com,Paid Search - Non-Brand,competitor-terms,false
L002367,2025-06-23 08:30:00,Yusuf,Grant,yusuf.grant@dovetail.com,dovetail.com,Paid Search - Non-Brand,solution-terms,false
L002368,2025-06-26 14:00:00,Ingrid,Kavanagh,ingrid.kavanagh@copperline.com,copperline.com,Paid Search - Non-Brand,solution-terms,false
L002369,2025-06-28 13:00:00,Rafael,Krishnan,rafael.krishnan@ferrous.com,ferrous.com,Paid Search - Non-Brand,competitor-terms,false
L002370,2025-06-08 19:00:00,Marcus,Castellanos,marcus.castellanos@oakhurst.com,oakhurst.com,Paid Search - Non-Brand,category-terms,false
L002371,2025-06-20 08:45:00,Callum,Doyle,callum.doyle@quarry.com,quarry.com,Paid Search - Non-Brand,solution-terms,false
L002372,2025-06-21 11:15:00,Noor,Moreau,noor.moreau@meridian.com,meridian.com,Paid Search - Non-Brand,solution-terms,true
L002373,2025-06-22 12:30:00,Peter,Iyer,peter.iyer@ember.com,ember.com,Paid Search - Non-Brand,category-terms,false
L002374,2025-06-10 17:45:00,Anaya,Demir,anaya.demir@ferrous.com,ferrous.com,Paid Search - Non-Brand,competitor-terms,false
L002375,2025-06-17 07:00:00,Cormac,Pires,cormac.pires@nimbus.com,nimbus.com,Paid Search - Non-Brand,competitor-terms,false
L002376,2025-06-25 07:00:00,Anaya,Aaltonen,anaya.aaltonen@solvent.com,solvent.com,Paid Search - Non-Brand,category-terms,false
L002377,2025-06-01 12:45:00,Kenji,Petrov,kenji.petrov@ferrous.com,ferrous.com,Paid Search - Non-Brand,solution-terms,false
L002378,2025-06-04 07:30:00,Malik,Bahri,malik.bahri@thornbury.com,thornbury.com,Paid Search - Non-Brand,category-terms,false
L002379,2025-06-21 18:00:00,Jonas,Kavanagh,jonas.kavanagh@dovetail.com,dovetail.com,Paid Search - Non-Brand,solution-terms,false
L002380,2025-06-04 12:00:00,Cormac,Zhang,cormac.zhang@meridian.com,meridian.com,Paid Search - Non-Brand,solution-terms,false
L002381,2025-06-29 18:45:00,Adeola,Bahri,adeola.bahri@cascade.com,cascade.com,Paid Search - Non-Brand,solution-terms,false
L002382,2025-06-05 20:30:00,Hollis,Almeida,hollis.almeida@kestrel.com,kestrel.com,Paid Search - Non-Brand,solution-terms,false
L002383,2025-06-26 13:00:00,Darius,Horvat,darius.horvat@ember.com,ember.com,Paid Search - Non-Brand,category-terms,false
L002384,2025-06-05 09:30:00,Ingrid,Kavanagh,ingrid.kavanagh@thornbury.com,thornbury.com,Paid Search - Non-Brand,competitor-terms,false
L002385,2025-06-17 20:15:00,Darius,Krishnan,darius.krishnan@cascade.com,cascade.com,Paid Search - Non-Brand,solution-terms,false
L002386,2025-06-23 13:45:00,Noor,Almeida,noor.almeida@cascade.com,cascade.com,Paid Search - Non-Brand,category-terms,false
L002387,2025-06-17 10:00:00,Mei,Okonkwo,mei.okonkwo@tessellate.com,tessellate.com,Paid Search - Non-Brand,competitor-terms,false
L002388,2025-06-29 14:00:00,Rafael,Demir,rafael.demir@solvent.com,solvent.com,Paid Search - Non-Brand,competitor-terms,false
L002389,2025-06-21 14:30:00,Hollis,Iyer,hollis.iyer@lumen.com,lumen.com,Paid Search - Non-Brand,competitor-terms,false
L002390,2025-06-23 08:00:00,Siobhan,Castellanos,siobhan.castellanos@thornbury.com,thornbury.com,Paid Search - Non-Brand,category-terms,false
L002391,2025-06-20 11:00:00,Omar,Mulvaney,omar.mulvaney@ember.com,ember.com,Paid Search - Non-Brand,competitor-terms,false
L002392,2025-06-01 18:45:00,Cormac,Grant,cormac.grant@thornbury.com,thornbury.com,Paid Search - Non-Brand,competitor-terms,false
L002393,2025-06-09 09:00:00,Margit,Demir,margit.demir@ember.com,ember.com,Paid Search - Non-Brand,solution-terms,false
L002394,2025-06-21 18:45:00,Darius,Watanabe,darius.watanabe@anvil.com,anvil.com,Paid Search - Non-Brand,solution-terms,false
L002395,2025-06-04 12:00:00,Noor,Mulvaney,noor.mulvaney@halcyon.com,halcyon.com,Paid Search - Non-Brand,competitor-terms,false
L002396,2025-06-10 08:30:00,Darius,Bahri,darius.bahri@meridian.com,meridian.com,Paid Search - Non-Brand,competitor-terms,true
L002397,2025-06-18 11:30:00,Rafael,Watanabe,rafael.watanabe@lumen.com,lumen.com,Paid Search - Non-Brand,competitor-terms,false
L002398,2025-06-09 13:45:00,Renata,Whitfield,renata.whitfield@nimbus.com,nimbus.com,Paid Search - Non-Brand,competitor-terms,false
L002399,2025-06-03 13:45:00,Rafael,Pires,rafael.pires@solvent.com,solvent.com,Paid Search - Non-Brand,category-terms,false
L002400,2025-06-26 20:00:00,Elodie,Horvat,elodie.horvat@brightpath.com,brightpath.com,Paid Search - Non-Brand,competitor-terms,false
L002401,2025-06-15 18:30:00,Mei,Byrne,mei.byrne@oakhurst.com,oakhurst.com,Paid Search - Non-Brand,competitor-terms,false
L002402,2025-06-02 11:00:00,Arun,Nwosu,arun.nwosu@cascade.com,cascade.com,Paid Search - Non-Brand,solution-terms,false
L002403,2025-06-05 15:30:00,Grace,Iyer,grace.iyer@ember.com,ember.com,Paid Search - Non-Brand,category-terms,true
L002404,2025-06-09 09:00:00,Peter,Ferreira,peter.ferreira@ferrous.com,ferrous.com,Paid Search - Non-Brand,competitor-terms,false
L002405,2025-06-25 20:45:00,Siobhan,Haddad,siobhan.haddad@quillon.com,quillon.com,Paid Search - Non-Brand,solution-terms,false
L002406,2025-06-11 08:45:00,Renata,Petrov,renata.petrov@saltmarsh.com,saltmarsh.com,Paid Search - Non-Brand,category-terms,false
L002407,2025-06-05 16:30:00,Elodie,Demir,elodie.demir@oakhurst.com,oakhurst.com,Paid Search - Non-Brand,solution-terms,false
L002408,2025-06-14 08:45:00,Hollis,Krishnan,hollis.krishnan@granitepeak.com,granitepeak.com,Paid Search - Non-Brand,solution-terms,false
L002409,2025-06-23 12:45:00,Arun,Nwosu,arun.nwosu@granitepeak.com,granitepeak.com,Paid Search - Non-Brand,competitor-terms,false
L002410,2025-06-17 12:30:00,Jonas,Whitfield,jonas.whitfield@copperline.com,copperline.com,Paid Search - Non-Brand,competitor-terms,false
L002411,2025-06-16 11:30:00,Adeola,Watanabe,adeola.watanabe@marlowe.com,marlowe.com,Paid Search - Non-Brand,category-terms,false
L002412,2025-06-29 14:30:00,Hollis,Zhang,hollis.zhang@meridian.com,meridian.com,Paid Search - Non-Brand,solution-terms,true
L002413,2025-06-21 11:45:00,Cormac,Moreau,cormac.moreau@quillon.com,quillon.com,Paid Search - Non-Brand,category-terms,false
L002414,2025-06-13 10:45:00,Malik,Bergstrom,malik.bergstrom@saltmarsh.com,saltmarsh.com,Paid Search - Non-Brand,category-terms,false
L002415,2025-06-14 10:15:00,Siobhan,Okonkwo,siobhan.okonkwo@halcyon.com,halcyon.com,Paid Search - Non-Brand,category-terms,false
L002416,2025-06-10 13:45:00,Arun,Moreau,arun.moreau@ferrous.com,ferrous.com,Paid Search - Non-Brand,category-terms,false
L002417,2025-06-09 11:15:00,Hollis,Bergstrom,hollis.bergstrom@juniper.com,juniper.com,Paid Search - Non-Brand,category-terms,false
L002418,2025-06-10 13:15:00,Siobhan,Petrov,siobhan.petrov@quarry.com,quarry.com,Paid Search - Non-Brand,competitor-terms,false
L002419,2025-06-02 13:15:00,Darius,Castellanos,darius.castellanos@northwind.com,northwind.com,Paid Search - Non-Brand,solution-terms,false
L002420,2025-06-05 17:15:00,Ivo,Szabo,ivo.szabo@lumen.com,lumen.com,Paid Search - Non-Brand,competitor-terms,false
L002421,2025-06-14 18:15:00,Hollis,Iyer,hollis.iyer@lumen.com,lumen.com,Paid Search - Non-Brand,solution-terms,false
L002422,2025-06-12 13:15:00,Mei,Castellanos,mei.castellanos@ironwood.com,ironwood.com,Paid Search - Non-Brand,competitor-terms,false
L002423,2025-06-18 12:00:00,Hollis,Demir,hollis.demir@nimbus.com,nimbus.com,Paid Search - Non-Brand,category-terms,false
L002424,2025-06-22 09:15:00,Kenji,Demir,kenji.demir@saltmarsh.com,saltmarsh.com,Paid Search - Non-Brand,solution-terms,false
L002425,2025-06-12 12:45:00,Kenji,Castellanos,kenji.castellanos@quarry.com,quarry.com,Paid Search - Non-Brand,competitor-terms,false
L002426,2025-06-18 12:45:00,Ivo,Pires,ivo.pires@pinnacle.com,pinnacle.com,Paid Search - Non-Brand,competitor-terms,true
L002427,2025-06-15 17:15:00,Marcus,Haddad,marcus.haddad@nimbus.com,nimbus.com,Paid Search - Non-Brand,competitor-terms,false
L002428,2025-06-24 08:00:00,Grace,Horvat,grace.horvat@anvil.com,anvil.com,Paid Search - Non-Brand,solution-terms,false
L002429,2025-06-04 16:45:00,Ivo,Vieira,ivo.vieira@juniper.com,juniper.com,Paid Search - Non-Brand,competitor-terms,false
L002430,2025-06-18 11:15:00,Priya,Aaltonen,priya.aaltonen@harborview.com,harborview.com,Paid Search - Non-Brand,category-terms,false
L002431,2025-06-28 07:00:00,Kenji,Whitfield,kenji.whitfield@northwind.com,northwind.com,Paid Search - Non-Brand,solution-terms,false
L002432,2025-06-11 07:15:00,Ivo,Mulvaney,ivo.mulvaney@nimbus.com,nimbus.com,Paid Search - Non-Brand,category-terms,false
L002433,2025-06-01 20:00:00,Elodie,Byrne,elodie.byrne@ember.com,ember.com,Paid Search - Non-Brand,solution-terms,false
L002434,2025-06-03 17:15:00,Siobhan,Lindqvist,siobhan.lindqvist@ferrous.com,ferrous.com,Paid Search - Non-Brand,category-terms,false
L002435,2025-06-08 19:00:00,Priya,Nwosu,priya.nwosu@saltmarsh.com,saltmarsh.com,Paid Search - Non-Brand,competitor-terms,false
L002436,2025-06-16 15:00:00,Tomas,Grant,tomas.grant@marlowe.com,marlowe.com,Paid Social - LinkedIn,content-download,false
L002437,2025-06-01 16:45:00,Arun,Krishnan,arun.krishnan@copperline.com,copperline.com,Paid Social - LinkedIn,content-download,false
L002438,2025-06-23 17:15:00,Callum,Iyer,callum.iyer@anvil.com,anvil.com,Paid Social - LinkedIn,jobtitle-targeting,false
L002439,2025-06-04 07:45:00,Omar,Petrov,omar.petrov@anvil.com,anvil.com,Paid Social - LinkedIn,content-download,false
L002440,2025-06-18 08:00:00,Peter,Horvat,peter.horvat@meridian.com,meridian.com,Paid Social - LinkedIn,jobtitle-targeting,false
L002441,2025-06-28 13:30:00,Omar,Iyer,omar.iyer@granitepeak.com,granitepeak.com,Paid Social - LinkedIn,abm-tier1,false
L002442,2025-06-16 11:45:00,Malik,Ferreira,malik.ferreira@pinnacle.com,pinnacle.com,Paid Social - LinkedIn,jobtitle-targeting,false
L002443,2025-06-07 08:30:00,Adeola,Ferreira,adeola.ferreira@harborview.com,harborview.com,Paid Social - LinkedIn,content-download,true
L002444,2025-06-09 19:15:00,Priya,Szabo,priya.szabo@dovetail.com,dovetail.com,Paid Social - LinkedIn,content-download,false
L002445,2025-06-10 08:15:00,Noor,Whitfield,noor.whitfield@arclight.com,arclight.com,Paid Social - LinkedIn,jobtitle-targeting,false
L002446,2025-06-28 15:30:00,Arun,Nwosu,arun.nwosu@foxglove.com,foxglove.com,Paid Social - LinkedIn,abm-tier1,false
L002447,2025-06-17 12:00:00,Mei,Krishnan,mei.krishnan@anvil.com,anvil.com,Paid Social - LinkedIn,abm-tier1,false
L002448,2025-06-29 20:15:00,Kenji,Whitfield,kenji.whitfield@brightpath.com,brightpath.com,Paid Social - LinkedIn,content-download,true
L002449,2025-06-08 10:15:00,Renata,Demir,renata.demir@foxglove.com,foxglove.com,Paid Social - LinkedIn,jobtitle-targeting,false
L002450,2025-06-07 18:00:00,Renata,Moreau,renata.moreau@harborview.com,harborview.com,Paid Social - LinkedIn,jobtitle-targeting,false
L002451,2025-06-28 09:30:00,Priya,Krishnan,priya.krishnan@copperline.com,copperline.com,Paid Social - LinkedIn,content-download,false
L002452,2025-06-02 16:30:00,Omar,Raghunathan,omar.raghunathan@thornbury.com,thornbury.com,Paid Social - LinkedIn,jobtitle-targeting,false
L002453,2025-06-20 15:30:00,Priya,Doyle,priya.doyle@thornbury.com,thornbury.com,Paid Social - LinkedIn,jobtitle-targeting,true
L002454,2025-06-21 09:00:00,Jonas,Vieira,jonas.vieira@meridian.com,meridian.com,Paid Social - LinkedIn,abm-tier1,false
L002455,2025-06-09 19:15:00,Darius,Demir,darius.demir@arclight.com,arclight.com,Paid Social - LinkedIn,abm-tier1,true
L002456,2025-06-29 16:30:00,Margit,Vieira,margit.vieira@redwood.com,redwood.com,Paid Social - LinkedIn,abm-tier1,false
L002457,2025-06-01 15:00:00,Omar,Petrov,omar.petrov@solvent.com,solvent.com,Paid Social - LinkedIn,abm-tier1,false
L002458,2025-06-03 07:15:00,Grace,Farrell,grace.farrell@juniper.com,juniper.com,Paid Social - LinkedIn,content-download,false
L002459,2025-06-21 11:45:00,Adeola,Pires,adeola.pires@ironwood.com,ironwood.com,Paid Social - LinkedIn,content-download,false
L002460,2025-06-04 14:15:00,Yusuf,Bergstrom,yusuf.bergstrom@granitepeak.com,granitepeak.com,Paid Social - LinkedIn,jobtitle-targeting,true
L002461,2025-06-12 09:30:00,Omar,Almeida,omar.almeida@harborview.com,harborview.com,Paid Social - LinkedIn,abm-tier1,false
L002462,2025-06-13 14:45:00,Adeola,Lindqvist,adeola.lindqvist@meridian.com,meridian.com,Paid Social - LinkedIn,content-download,false
L002463,2025-06-16 13:00:00,Rafael,Bergstrom,rafael.bergstrom@saltmarsh.com,saltmarsh.com,Paid Social - LinkedIn,abm-tier1,false
L002464,2025-06-23 15:30:00,Ingrid,Byrne,ingrid.byrne@meridian.com,meridian.com,Paid Social - LinkedIn,abm-tier1,false
L002465,2025-06-25 14:30:00,Jonas,Demir,jonas.demir@northwind.com,northwind.com,Paid Social - LinkedIn,content-download,false
L002466,2025-06-01 08:45:00,Ivo,Ferreira,ivo.ferreira@ferrous.com,ferrous.com,Paid Social - LinkedIn,abm-tier1,false
L002467,2025-06-30 15:45:00,Mei,Raghunathan,mei.raghunathan@brightpath.com,brightpath.com,Paid Social - LinkedIn,jobtitle-targeting,false
L002468,2025-06-26 17:30:00,Jonas,Krishnan,jonas.krishnan@copperline.com,copperline.com,Paid Social - LinkedIn,content-download,false
L002469,2025-06-24 18:45:00,Adeola,Moreau,adeola.moreau@ember.com,ember.com,Paid Social - LinkedIn,abm-tier1,false
L002470,2025-06-26 14:15:00,Elodie,Zhang,elodie.zhang@harborview.com,harborview.com,Paid Social - LinkedIn,content-download,false
L002471,2025-06-15 10:30:00,Malik,Bergstrom,malik.bergstrom@solvent.com,solvent.com,Organic / Direct,none,false
L002472,2025-06-12 19:00:00,Anaya,Aaltonen,anaya.aaltonen@halcyon.com,halcyon.com,Organic / Direct,none,false
L002473,2025-06-23 13:45:00,Mei,Okonkwo,mei.okonkwo@meridian.com,meridian.com,Organic / Direct,none,false
L002474,2025-06-04 17:30:00,Yusuf,Moreau,yusuf.moreau@solvent.com,solvent.com,Organic / Direct,none,false
L002475,2025-06-13 16:15:00,Kenji,Byrne,kenji.byrne@dovetail.com,dovetail.com,Organic / Direct,none,false
L002476,2025-06-06 20:15:00,Adeola,Mulvaney,adeola.mulvaney@cascade.com,cascade.com,Organic / Direct,none,false
L002477,2025-06-04 10:15:00,Estelle,Pires,estelle.pires@anvil.com,anvil.com,Organic / Direct,none,false
L002478,2025-06-12 12:45:00,Jonas,Zhang,jonas.zhang@lumen.com,lumen.com,Organic / Direct,none,false
L002479,2025-06-20 10:00:00,Arun,Aaltonen,arun.aaltonen@tessellate.com,tessellate.com,Organic / Direct,none,true
L002480,2025-06-06 20:00:00,Alicia,Moreau,alicia.moreau@redwood.com,redwood.com,Organic / Direct,none,false
L002481,2025-06-05 11:15:00,Hollis,Raghunathan,hollis.raghunathan@anvil.com,anvil.com,Organic / Direct,none,false
L002482,2025-06-04 13:30:00,Elodie,Bergstrom,elodie.bergstrom@cascade.com,cascade.com,Organic / Direct,none,false
L002483,2025-06-29 11:45:00,Grace,Grant,grace.grant@halcyon.com,halcyon.com,Organic / Direct,none,false
L002484,2025-06-04 15:00:00,Hollis,Szabo,hollis.szabo@ferrous.com,ferrous.com,Organic / Direct,none,false
L002485,2025-06-22 14:30:00,Marcus,Vieira,marcus.vieira@nimbus.com,nimbus.com,Organic / Direct,none,false
L002486,2025-06-24 14:30:00,Lena,Petrov,lena.petrov@marlowe.com,marlowe.com,Organic / Direct,none,false
L002487,2025-06-07 20:30:00,Omar,Horvat,omar.horvat@quillon.com,quillon.com,Organic / Direct,none,false
L002488,2025-06-13 12:45:00,Margit,Watanabe,margit.watanabe@granitepeak.com,granitepeak.com,Organic / Direct,none,false
L002489,2025-06-26 09:00:00,Siobhan,Horvat,siobhan.horvat@oakhurst.com,oakhurst.com,Organic / Direct,none,false
L002490,2025-06-01 11:30:00,Rafael,Szabo,rafael.szabo@saltmarsh.com,saltmarsh.com,Organic / Direct,none,false
L002491,2025-06-09 15:30:00,Peter,Aaltonen,peter.aaltonen@quarry.com,quarry.com,Organic / Direct,none,false
L002492,2025-06-14 14:15:00,Rafael,Doyle,rafael.doyle@solvent.com,solvent.com,Organic / Direct,none,false
L002493,2025-06-12 20:15:00,Omar,Haddad,omar.haddad@copperline.com,copperline.com,Organic / Direct,none,false
L002494,2025-06-09 14:45:00,Marcus,Zhang,marcus.zhang@northwind.com,northwind.com,Organic / Direct,none,false
L002495,2025-06-17 20:30:00,Kenji,Nwosu,kenji.nwosu@cascade.com,cascade.com,Organic / Direct,none,false
L002496,2025-06-07 18:00:00,Yusuf,Bahri,yusuf.bahri@redwood.com,redwood.com,Organic / Direct,none,false
L002497,2025-06-03 07:30:00,Grace,Petrov,grace.petrov@oakhurst.com,oakhurst.com,Organic / Direct,none,false
L002498,2025-07-10 19:45:00,Cormac,Moreau,cormac.moreau@arclight.com,arclight.com,Display - Programmatic,contextual-b2b,false
L002499,2025-07-09 12:45:00,Jonas,Castellanos,jonas.castellanos@lumen.com,lumen.com,Display - Programmatic,contextual-b2b,false
L002500,2025-07-21 19:00:00,Marcus,Almeida,marcus.almeida@thornbury.com,thornbury.com,Display - Programmatic,contextual-b2b,false
L002501,2025-07-18 10:30:00,Arun,Horvat,arun.horvat@marlowe.com,marlowe.com,Display - Programmatic,contextual-b2b,false
L002502,2025-07-15 09:15:00,Adeola,Pires,adeola.pires@tessellate.com,tessellate.com,Display - Programmatic,contextual-b2b,false
L002503,2025-07-05 15:15:00,Elodie,Whitfield,elodie.whitfield@granitepeak.com,granitepeak.com,Display - Programmatic,retarget-display,false
L002504,2025-07-02 10:15:00,Rafael,Bahri,rafael.bahri@ridgeline.com,ridgeline.com,Display - Programmatic,retarget-display,false
L002505,2025-07-24 16:15:00,Renata,Whitfield,renata.whitfield@dovetail.com,dovetail.com,Display - Programmatic,retarget-display,false
L002506,2025-07-21 11:00:00,Malik,Demir,malik.demir@copperline.com,copperline.com,Display - Programmatic,retarget-display,false
L002507,2025-07-08 10:00:00,Mei,Krishnan,mei.krishnan@marlowe.com,marlowe.com,Display - Programmatic,contextual-b2b,false
L002508,2025-07-10 17:30:00,Alicia,Almeida,alicia.almeida@brightpath.com,brightpath.com,Display - Programmatic,contextual-b2b,false
L002509,2025-07-09 08:15:00,Priya,Novak,priya.novak@ferrous.com,ferrous.com,Display - Programmatic,retarget-display,false
L002510,2025-07-28 09:30:00,Peter,Szabo,peter.szabo@brightpath.com,brightpath.com,Display - Programmatic,retarget-display,false
L002511,2025-07-02 19:15:00,Callum,Bergstrom,callum.bergstrom@kestrel.com,kestrel.com,Display - Programmatic,contextual-b2b,false
L002512,2025-07-31 07:15:00,Callum,Vieira,callum.vieira@ember.com,ember.com,Display - Programmatic,retarget-display,false
L002513,2025-07-07 07:30:00,Tomas,Iyer,tomas.iyer@quillon.com,quillon.com,Display - Programmatic,contextual-b2b,false
L002514,2025-07-06 08:00:00,Jonas,Novak,jonas.novak@harborview.com,harborview.com,Display - Programmatic,retarget-display,false
L002515,2025-07-12 20:45:00,Ivo,Farrell,ivo.farrell@ironwood.com,ironwood.com,Display - Programmatic,contextual-b2b,false
L002516,2025-07-08 12:15:00,Margit,Mulvaney,margit.mulvaney@anvil.com,anvil.com,Display - Programmatic,retarget-display,false
L002517,2025-07-16 14:15:00,Malik,Novak,malik.novak@harborview.com,harborview.com,Display - Programmatic,retarget-display,false
L002518,2025-07-07 18:30:00,Darius,Petrov,darius.petrov@tessellate.com,tessellate.com,Display - Programmatic,contextual-b2b,false
L002519,2025-07-15 20:30:00,Marcus,Aaltonen,marcus.aaltonen@harborview.com,harborview.com,Display - Programmatic,contextual-b2b,false
L002520,2025-07-28 13:45:00,Peter,Horvat,peter.horvat@juniper.com,juniper.com,Display - Programmatic,contextual-b2b,false
L002521,2025-07-24 14:45:00,Priya,Horvat,priya.horvat@lumen.com,lumen.com,Display - Programmatic,retarget-display,false
L002522,2025-07-15 16:45:00,Jonas,Krishnan,jonas.krishnan@lumen.com,lumen.com,Display - Programmatic,retarget-display,false
L002523,2025-07-05 14:15:00,Hollis,Okonkwo,hollis.okonkwo@tessellate.com,tessellate.com,Display - Programmatic,retarget-display,true
L002524,2025-07-12 13:30:00,Margit,Aaltonen,margit.aaltonen@halcyon.com,halcyon.com,Display - Programmatic,retarget-display,false
L002525,2025-07-20 10:45:00,Kenji,Whitfield,kenji.whitfield@pinnacle.com,pinnacle.com,Display - Programmatic,contextual-b2b,false
L002526,2025-07-24 18:00:00,Mei,Vieira,mei.vieira@lumen.com,lumen.com,Display - Programmatic,retarget-display,false
L002527,2025-07-31 10:15:00,Yusuf,Nwosu,yusuf.nwosu@meridian.com,meridian.com,Display - Programmatic,contextual-b2b,false
L002528,2025-07-10 16:30:00,Elodie,Bahri,elodie.bahri@tessellate.com,tessellate.com,Display - Programmatic,contextual-b2b,false
L002529,2025-07-26 16:00:00,Malik,Vieira,malik.vieira@lumen.com,lumen.com,Display - Programmatic,contextual-b2b,false
L002530,2025-07-15 14:00:00,Kenji,Aaltonen,kenji.aaltonen@quarry.com,quarry.com,Display - Programmatic,contextual-b2b,false
L002531,2025-07-13 19:15:00,Marcus,Bergstrom,marcus.bergstrom@ridgeline.com,ridgeline.com,Display - Programmatic,retarget-display,false
L002532,2025-07-30 18:30:00,Tomas,Horvat,tomas.horvat@northwind.com,northwind.com,Display - Programmatic,retarget-display,false
L002533,2025-07-08 09:15:00,Kenji,Castellanos,kenji.castellanos@thornbury.com,thornbury.com,Display - Programmatic,contextual-b2b,false
L002534,2025-07-24 17:30:00,Ingrid,Haddad,ingrid.haddad@foxglove.com,foxglove.com,Display - Programmatic,retarget-display,false
L002535,2025-07-09 20:45:00,Tomas,Whitfield,tomas.whitfield@thornbury.com,thornbury.com,Display - Programmatic,retarget-display,false
L002536,2025-07-16 15:30:00,Renata,Horvat,renata.horvat@granitepeak.com,granitepeak.com,Display - Programmatic,retarget-display,false
L002537,2025-07-12 13:30:00,Marcus,Haddad,marcus.haddad@arclight.com,arclight.com,Display - Programmatic,contextual-b2b,false
L002538,2025-07-10 11:45:00,Mei,Horvat,mei.horvat@saltmarsh.com,saltmarsh.com,Display - Programmatic,retarget-display,false
L002539,2025-07-25 18:45:00,Malik,Novak,malik.novak@meridian.com,meridian.com,Display - Programmatic,contextual-b2b,false
L002540,2025-07-30 10:15:00,Arun,Iyer,arun.iyer@cascade.com,cascade.com,Display - Programmatic,contextual-b2b,false
L002541,2025-07-26 13:00:00,Kenji,Iyer,kenji.iyer@ironwood.com,ironwood.com,Display - Programmatic,retarget-display,false
L002542,2025-07-05 19:15:00,Arun,Ferreira,arun.ferreira@ember.com,ember.com,Display - Programmatic,retarget-display,false
L002543,2025-07-08 14:00:00,Cormac,Horvat,cormac.horvat@pinnacle.com,pinnacle.com,Display - Programmatic,contextual-b2b,false
L002544,2025-07-21 13:30:00,Lena,Szabo,lena.szabo@ember.com,ember.com,Display - Programmatic,contextual-b2b,false
L002545,2025-07-13 20:45:00,Jonas,Almeida,jonas.almeida@lumen.com,lumen.com,Display - Programmatic,contextual-b2b,false
L002546,2025-07-18 13:15:00,Noor,Byrne,noor.byrne@oakhurst.com,oakhurst.com,Display - Programmatic,contextual-b2b,false
L002547,2025-07-26 10:45:00,Omar,Grant,omar.grant@lumen.com,lumen.com,Display - Programmatic,retarget-display,false
L002548,2025-07-26 16:00:00,Lena,Byrne,lena.byrne@redwood.com,redwood.com,Display - Programmatic,contextual-b2b,false
L002549,2025-07-31 19:00:00,Priya,Castellanos,priya.castellanos@arclight.com,arclight.com,Display - Programmatic,contextual-b2b,false
L002550,2025-07-19 11:45:00,Darius,Doyle,darius.doyle@thornbury.com,thornbury.com,Display - Programmatic,contextual-b2b,false
L002551,2025-07-27 14:00:00,Peter,Watanabe,peter.watanabe@thornbury.com,thornbury.com,Display - Programmatic,contextual-b2b,false
L002552,2025-07-27 20:45:00,Marcus,Bergstrom,marcus.bergstrom@thornbury.com,thornbury.com,Display - Programmatic,retarget-display,false
L002553,2025-07-24 13:15:00,Siobhan,Szabo,siobhan.szabo@nimbus.com,nimbus.com,Display - Programmatic,retarget-display,false
L002554,2025-07-01 14:30:00,Yusuf,Grant,yusuf.grant@ridgeline.com,ridgeline.com,Display - Programmatic,retarget-display,false
L002555,2025-07-23 11:30:00,Jonas,Lindqvist,jonas.lindqvist@ridgeline.com,ridgeline.com,Display - Programmatic,retarget-display,false
L002556,2025-07-04 17:15:00,Kenji,Grant,kenji.grant@ridgeline.com,ridgeline.com,Display - Programmatic,contextual-b2b,false
L002557,2025-07-22 20:45:00,Estelle,Vieira,estelle.vieira@cascade.com,cascade.com,Display - Programmatic,retarget-display,false
L002558,2025-07-30 15:45:00,Alicia,Szabo,alicia.szabo@meridian.com,meridian.com,Display - Programmatic,contextual-b2b,false
L002559,2025-07-20 15:30:00,Marcus,Doyle,marcus.doyle@foxglove.com,foxglove.com,Display - Programmatic,retarget-display,false
L002560,2025-07-03 14:00:00,Kenji,Szabo,kenji.szabo@solvent.com,solvent.com,Display - Programmatic,retarget-display,false
L002561,2025-07-20 20:15:00,Rafael,Mulvaney,rafael.mulvaney@ember.com,ember.com,Display - Programmatic,retarget-display,false
L002562,2025-07-30 12:30:00,Mei,Moreau,mei.moreau@solvent.com,solvent.com,Display - Programmatic,retarget-display,false
L002563,2025-07-02 09:00:00,Grace,Ferreira,grace.ferreira@meridian.com,meridian.com,Display - Programmatic,retarget-display,false
L002564,2025-07-16 18:30:00,Marcus,Aaltonen,marcus.aaltonen@ridgeline.com,ridgeline.com,Paid Search - Brand,brand-exact,false
L002565,2025-07-20 19:15:00,Beatriz,Almeida,beatriz.almeida@kestrel.com,kestrel.com,Paid Search - Brand,brand-phrase,false
L002566,2025-07-13 09:00:00,Rafael,Okonkwo,rafael.okonkwo@dovetail.com,dovetail.com,Paid Search - Brand,brand-exact,false
L002567,2025-07-20 11:45:00,Grace,Moreau,grace.moreau@harborview.com,harborview.com,Paid Search - Brand,brand-exact,false
L002568,2025-07-04 20:30:00,Tomas,Moreau,tomas.moreau@kestrel.com,kestrel.com,Paid Search - Brand,brand-phrase,false
L002569,2025-07-11 15:15:00,Yusuf,Demir,yusuf.demir@juniper.com,juniper.com,Paid Search - Brand,brand-phrase,false
L002570,2025-07-16 08:00:00,Kenji,Nwosu,kenji.nwosu@thornbury.com,thornbury.com,Paid Search - Brand,brand-phrase,false
L002571,2025-07-13 08:45:00,Kenji,Demir,kenji.demir@arclight.com,arclight.com,Paid Search - Brand,brand-exact,false
L002572,2025-07-22 17:45:00,Darius,Krishnan,darius.krishnan@marlowe.com,marlowe.com,Paid Search - Brand,brand-exact,false
L002573,2025-07-01 13:00:00,Peter,Okonkwo,peter.okonkwo@solvent.com,solvent.com,Paid Search - Brand,brand-phrase,false
L002574,2025-07-08 13:15:00,Margit,Mulvaney,margit.mulvaney@tessellate.com,tessellate.com,Paid Search - Brand,brand-exact,false
L002575,2025-07-06 16:45:00,Cormac,Watanabe,cormac.watanabe@saltmarsh.com,saltmarsh.com,Paid Search - Brand,brand-exact,false
L002576,2025-07-23 08:45:00,Anaya,Almeida,anaya.almeida@halcyon.com,halcyon.com,Paid Search - Brand,brand-phrase,true
L002577,2025-07-28 12:30:00,Malik,Iyer,malik.iyer@meridian.com,meridian.com,Paid Search - Brand,brand-exact,false
L002578,2025-07-06 13:15:00,Yusuf,Almeida,yusuf.almeida@halcyon.com,halcyon.com,Paid Search - Brand,brand-phrase,false
L002579,2025-07-22 09:00:00,Yusuf,Zhang,yusuf.zhang@nimbus.com,nimbus.com,Paid Search - Brand,brand-phrase,true
L002580,2025-07-22 08:30:00,Lena,Petrov,lena.petrov@quarry.com,quarry.com,Paid Search - Brand,brand-phrase,false
L002581,2025-07-18 19:30:00,Margit,Farrell,margit.farrell@ferrous.com,ferrous.com,Paid Search - Brand,brand-exact,false
L002582,2025-07-23 16:45:00,Adeola,Bahri,adeola.bahri@redwood.com,redwood.com,Paid Search - Brand,brand-exact,false
L002583,2025-07-30 08:00:00,Omar,Raghunathan,omar.raghunathan@kestrel.com,kestrel.com,Paid Search - Brand,brand-exact,false
L002584,2025-07-11 16:45:00,Lena,Watanabe,lena.watanabe@northwind.com,northwind.com,Paid Search - Brand,brand-exact,false
L002585,2025-07-22 12:30:00,Malik,Novak,malik.novak@northwind.com,northwind.com,Paid Search - Brand,brand-exact,false
L002586,2025-07-21 08:30:00,Adeola,Almeida,adeola.almeida@foxglove.com,foxglove.com,Paid Search - Brand,brand-phrase,false
L002587,2025-07-07 07:00:00,Hollis,Demir,hollis.demir@anvil.com,anvil.com,Paid Search - Brand,brand-phrase,false
L002588,2025-07-30 14:15:00,Ingrid,Horvat,ingrid.horvat@kestrel.com,kestrel.com,Paid Search - Brand,brand-phrase,false
L002589,2025-07-27 20:30:00,Callum,Haddad,callum.haddad@oakhurst.com,oakhurst.com,Paid Search - Brand,brand-exact,false
L002590,2025-07-11 10:15:00,Noor,Haddad,noor.haddad@kestrel.com,kestrel.com,Paid Search - Brand,brand-phrase,false
L002591,2025-07-19 10:00:00,Jonas,Kavanagh,jonas.kavanagh@lumen.com,lumen.com,Paid Search - Brand,brand-exact,true
L002592,2025-07-05 16:15:00,Hollis,Moreau,hollis.moreau@lumen.com,lumen.com,Paid Search - Brand,brand-exact,false
L002593,2025-07-05 11:45:00,Callum,Watanabe,callum.watanabe@thornbury.com,thornbury.com,Paid Search - Brand,brand-exact,false
L002594,2025-07-03 08:00:00,Adeola,Okonkwo,adeola.okonkwo@oakhurst.com,oakhurst.com,Paid Search - Brand,brand-exact,false
L002595,2025-07-24 17:15:00,Margit,Ferreira,margit.ferreira@solvent.com,solvent.com,Paid Search - Brand,brand-phrase,false
L002596,2025-07-20 20:30:00,Adeola,Szabo,adeola.szabo@lumen.com,lumen.com,Paid Search - Brand,brand-phrase,false
L002597,2025-07-25 07:15:00,Rafael,Okonkwo,rafael.okonkwo@solvent.com,solvent.com,Paid Search - Brand,brand-phrase,false
L002598,2025-07-21 15:45:00,Rafael,Vieira,rafael.vieira@nimbus.com,nimbus.com,Paid Search - Brand,brand-phrase,false
L002599,2025-07-08 14:30:00,Priya,Kavanagh,priya.kavanagh@marlowe.com,marlowe.com,Paid Search - Brand,brand-phrase,false
L002600,2025-07-11 11:00:00,Cormac,Watanabe,cormac.watanabe@ironwood.com,ironwood.com,Paid Search - Brand,brand-exact,false
L002601,2025-07-06 19:45:00,Arun,Byrne,arun.byrne@saltmarsh.com,saltmarsh.com,Paid Search - Brand,brand-exact,false
L002602,2025-07-29 13:45:00,Mei,Moreau,mei.moreau@copperline.com,copperline.com,Paid Search - Brand,brand-phrase,false
L002603,2025-07-20 20:15:00,Peter,Ferreira,peter.ferreira@solvent.com,solvent.com,Paid Search - Brand,brand-phrase,false
L002604,2025-07-21 09:45:00,Noor,Lindqvist,noor.lindqvist@copperline.com,copperline.com,Paid Search - Brand,brand-exact,false
L002605,2025-07-11 11:00:00,Ingrid,Doyle,ingrid.doyle@thornbury.com,thornbury.com,Paid Search - Brand,brand-phrase,true
L002606,2025-07-10 12:15:00,Grace,Nwosu,grace.nwosu@lumen.com,lumen.com,Paid Search - Brand,brand-phrase,true
L002607,2025-07-03 14:00:00,Ingrid,Almeida,ingrid.almeida@pinnacle.com,pinnacle.com,Paid Search - Brand,brand-phrase,false
L002608,2025-07-23 09:00:00,Yusuf,Iyer,yusuf.iyer@ridgeline.com,ridgeline.com,Paid Search - Brand,brand-phrase,false
L002609,2025-07-16 07:15:00,Marcus,Vieira,marcus.vieira@granitepeak.com,granitepeak.com,Paid Search - Brand,brand-phrase,false
L002610,2025-07-05 14:15:00,Cormac,Pires,cormac.pires@northwind.com,northwind.com,Paid Search - Brand,brand-exact,false
L002611,2025-07-03 07:15:00,Ivo,Haddad,ivo.haddad@nimbus.com,nimbus.com,Paid Search - Brand,brand-phrase,false
L002612,2025-07-23 14:15:00,Darius,Pires,darius.pires@nimbus.com,nimbus.com,Paid Search - Brand,brand-exact,false
L002613,2025-07-02 10:30:00,Callum,Castellanos,callum.castellanos@quillon.com,quillon.com,Paid Search - Brand,brand-exact,false
L002614,2025-07-18 07:00:00,Callum,Szabo,callum.szabo@nimbus.com,nimbus.com,Paid Search - Brand,brand-exact,false
L002615,2025-07-10 15:15:00,Kenji,Pires,kenji.pires@tessellate.com,tessellate.com,Paid Search - Brand,brand-phrase,false
L002616,2025-07-31 14:30:00,Rafael,Bahri,rafael.bahri@copperline.com,copperline.com,Paid Search - Brand,brand-exact,false
L002617,2025-07-13 20:00:00,Omar,Aaltonen,omar.aaltonen@ironwood.com,ironwood.com,Paid Search - Brand,brand-exact,false
L002618,2025-07-16 10:00:00,Yusuf,Mulvaney,yusuf.mulvaney@marlowe.com,marlowe.com,Paid Search - Brand,brand-phrase,false
L002619,2025-07-28 19:45:00,Grace,Ferreira,grace.ferreira@arclight.com,arclight.com,Paid Social - Meta,prospecting-lal,false
L002620,2025-07-30 08:00:00,Arun,Almeida,arun.almeida@pinnacle.com,pinnacle.com,Paid Social - Meta,mofu-retarget,false
L002621,2025-07-06 12:00:00,Estelle,Whitfield,estelle.whitfield@harborview.com,harborview.com,Paid Social - Meta,mofu-retarget,false
L002622,2025-07-03 16:00:00,Beatriz,Kavanagh,beatriz.kavanagh@ferrous.com,ferrous.com,Paid Social - Meta,mofu-retarget,false
L002623,2025-07-21 11:45:00,Siobhan,Vieira,siobhan.vieira@dovetail.com,dovetail.com,Paid Social - Meta,lead-form-broad,false
L002624,2025-07-28 07:30:00,Malik,Watanabe,malik.watanabe@ferrous.com,ferrous.com,Paid Social - Meta,lead-form-broad,false
L002625,2025-07-14 20:30:00,Grace,Pires,grace.pires@quarry.com,quarry.com,Paid Social - Meta,mofu-retarget,false
L002626,2025-07-26 08:45:00,Arun,Doyle,arun.doyle@pinnacle.com,pinnacle.com,Paid Social - Meta,prospecting-lal,false
L002627,2025-07-28 13:30:00,Yusuf,Horvat,yusuf.horvat@ferrous.com,ferrous.com,Paid Social - Meta,prospecting-lal,false
L002628,2025-07-16 20:45:00,Alicia,Raghunathan,alicia.raghunathan@meridian.com,meridian.com,Paid Social - Meta,prospecting-lal,false
L002629,2025-07-21 10:30:00,Anaya,Mulvaney,anaya.mulvaney@northwind.com,northwind.com,Paid Social - Meta,prospecting-lal,false
L002630,2025-07-18 18:45:00,Arun,Pires,arun.pires@ember.com,ember.com,Paid Social - Meta,mofu-retarget,false
L002631,2025-07-03 16:30:00,Yusuf,Lindqvist,yusuf.lindqvist@granitepeak.com,granitepeak.com,Paid Social - Meta,lead-form-broad,false
L002632,2025-07-24 10:45:00,Jonas,Horvat,jonas.horvat@granitepeak.com,granitepeak.com,Paid Social - Meta,prospecting-lal,false
L002633,2025-07-26 09:45:00,Kenji,Haddad,kenji.haddad@kestrel.com,kestrel.com,Paid Social - Meta,lead-form-broad,false
L002634,2025-07-23 13:30:00,Hollis,Pires,hollis.pires@kestrel.com,kestrel.com,Paid Social - Meta,lead-form-broad,false
L002635,2025-07-22 15:00:00,Callum,Petrov,callum.petrov@nimbus.com,nimbus.com,Paid Social - Meta,mofu-retarget,false
L002636,2025-07-29 14:00:00,Malik,Watanabe,malik.watanabe@pinnacle.com,pinnacle.com,Paid Social - Meta,mofu-retarget,false
L002637,2025-07-05 10:15:00,Adeola,Grant,adeola.grant@juniper.com,juniper.com,Paid Social - Meta,prospecting-lal,false
L002638,2025-07-05 17:30:00,Rafael,Mulvaney,rafael.mulvaney@lumen.com,lumen.com,Paid Social - Meta,prospecting-lal,false
L002639,2025-07-02 14:00:00,Grace,Castellanos,grace.castellanos@pinnacle.com,pinnacle.com,Paid Social - Meta,lead-form-broad,false
L002640,2025-07-27 14:45:00,Estelle,Zhang,estelle.zhang@arclight.com,arclight.com,Paid Social - Meta,prospecting-lal,false
L002641,2025-07-07 19:15:00,Darius,Nwosu,darius.nwosu@tessellate.com,tessellate.com,Paid Social - Meta,prospecting-lal,false
L002642,2025-07-26 09:45:00,Cormac,Nwosu,cormac.nwosu@northwind.com,northwind.com,Paid Social - Meta,lead-form-broad,false
L002643,2025-07-17 07:00:00,Kenji,Castellanos,kenji.castellanos@ember.com,ember.com,Paid Social - Meta,mofu-retarget,false
L002644,2025-07-19 10:00:00,Arun,Nwosu,arun.nwosu@nimbus.com,nimbus.com,Paid Social - Meta,prospecting-lal,false
L002645,2025-07-03 20:30:00,Priya,Doyle,priya.doyle@arclight.com,arclight.com,Paid Social - Meta,mofu-retarget,false
L002646,2025-07-19 13:00:00,Noor,Lindqvist,noor.lindqvist@arclight.com,arclight.com,Paid Social - Meta,mofu-retarget,false
L002647,2025-07-31 07:30:00,Renata,Iyer,renata.iyer@ember.com,ember.com,Paid Social - Meta,mofu-retarget,false
L002648,2025-07-20 16:45:00,Tomas,Krishnan,tomas.krishnan@marlowe.com,marlowe.com,Paid Social - Meta,mofu-retarget,false
L002649,2025-07-23 12:15:00,Mei,Grant,mei.grant@meridian.com,meridian.com,Paid Social - Meta,prospecting-lal,false
L002650,2025-07-11 09:15:00,Elodie,Byrne,elodie.byrne@dovetail.com,dovetail.com,Paid Social - Meta,prospecting-lal,false
L002651,2025-07-29 09:00:00,Renata,Aaltonen,renata.aaltonen@northwind.com,northwind.com,Paid Social - Meta,prospecting-lal,false
L002652,2025-07-31 20:30:00,Renata,Demir,renata.demir@ironwood.com,ironwood.com,Paid Social - Meta,lead-form-broad,false
L002653,2025-07-05 19:00:00,Elodie,Aaltonen,elodie.aaltonen@meridian.com,meridian.com,Paid Social - Meta,prospecting-lal,false
L002654,2025-07-14 17:45:00,Kenji,Haddad,kenji.haddad@quarry.com,quarry.com,Paid Social - Meta,mofu-retarget,false
L002655,2025-07-24 18:45:00,Yusuf,Vieira,yusuf.vieira@ferrous.com,ferrous.com,Paid Social - Meta,lead-form-broad,false
L002656,2025-07-29 07:00:00,Priya,Nwosu,priya.nwosu@ironwood.com,ironwood.com,Paid Social - Meta,prospecting-lal,false
L002657,2025-07-06 11:30:00,Hollis,Moreau,hollis.moreau@saltmarsh.com,saltmarsh.com,Paid Social - Meta,mofu-retarget,false
L002658,2025-07-01 17:15:00,Estelle,Petrov,estelle.petrov@anvil.com,anvil.com,Paid Social - Meta,prospecting-lal,false
L002659,2025-07-05 12:30:00,Noor,Aaltonen,noor.aaltonen@kestrel.com,kestrel.com,Paid Social - Meta,prospecting-lal,false
L002660,2025-07-05 20:30:00,Malik,Ferreira,malik.ferreira@kestrel.com,kestrel.com,Paid Social - Meta,lead-form-broad,false
L002661,2025-07-08 09:15:00,Margit,Okonkwo,margit.okonkwo@tessellate.com,tessellate.com,Paid Social - Meta,mofu-retarget,false
L002662,2025-07-17 16:15:00,Lena,Vieira,lena.vieira@meridian.com,meridian.com,Paid Social - Meta,lead-form-broad,false
L002663,2025-07-12 17:30:00,Callum,Demir,callum.demir@copperline.com,copperline.com,Paid Social - Meta,prospecting-lal,false
L002664,2025-07-13 15:30:00,Ingrid,Bergstrom,ingrid.bergstrom@arclight.com,arclight.com,Paid Social - Meta,mofu-retarget,false
L002665,2025-07-22 19:45:00,Ingrid,Szabo,ingrid.szabo@lumen.com,lumen.com,Paid Social - Meta,lead-form-broad,false
L002666,2025-07-04 10:15:00,Malik,Okonkwo,malik.okonkwo@northwind.com,northwind.com,Paid Social - Meta,mofu-retarget,false
L002667,2025-07-23 18:15:00,Estelle,Byrne,estelle.byrne@harborview.com,harborview.com,Paid Social - Meta,mofu-retarget,true
L002668,2025-07-10 18:45:00,Hollis,Iyer,hollis.iyer@ferrous.com,ferrous.com,Paid Social - Meta,lead-form-broad,false
L002669,2025-07-22 17:30:00,Arun,Pires,arun.pires@northwind.com,northwind.com,Paid Social - Meta,lead-form-broad,false
L002670,2025-07-08 11:30:00,Darius,Lindqvist,darius.lindqvist@ironwood.com,ironwood.com,Paid Social - Meta,prospecting-lal,false
L002671,2025-07-27 12:15:00,Cormac,Szabo,cormac.szabo@oakhurst.com,oakhurst.com,Paid Social - Meta,prospecting-lal,false
L002672,2025-07-18 15:15:00,Mei,Zhang,mei.zhang@pinnacle.com,pinnacle.com,Paid Social - Meta,lead-form-broad,false
L002673,2025-07-12 11:00:00,Lena,Raghunathan,lena.raghunathan@meridian.com,meridian.com,Paid Social - Meta,lead-form-broad,false
L002674,2025-07-04 10:15:00,Malik,Szabo,malik.szabo@tessellate.com,tessellate.com,Paid Social - Meta,prospecting-lal,false
L002675,2025-07-01 12:00:00,Ivo,Okonkwo,ivo.okonkwo@meridian.com,meridian.com,Paid Social - Meta,lead-form-broad,false
L002676,2025-07-13 09:00:00,Malik,Novak,malik.novak@solvent.com,solvent.com,Paid Social - Meta,lead-form-broad,false
L002677,2025-07-10 13:00:00,Beatriz,Mulvaney,beatriz.mulvaney@halcyon.com,halcyon.com,Paid Social - Meta,prospecting-lal,false
L002678,2025-07-29 19:30:00,Rafael,Ferreira,rafael.ferreira@cascade.com,cascade.com,Paid Social - Meta,prospecting-lal,false
L002679,2025-07-05 11:15:00,Adeola,Ferreira,adeola.ferreira@ferrous.com,ferrous.com,Paid Social - Meta,mofu-retarget,false
L002680,2025-07-11 15:15:00,Siobhan,Castellanos,siobhan.castellanos@solvent.com,solvent.com,Paid Social - Meta,lead-form-broad,false
L002681,2025-07-15 07:30:00,Alicia,Moreau,alicia.moreau@oakhurst.com,oakhurst.com,Paid Social - Meta,prospecting-lal,false
L002682,2025-07-20 13:15:00,Beatriz,Petrov,beatriz.petrov@arclight.com,arclight.com,Paid Social - Meta,mofu-retarget,false
L002683,2025-07-19 17:00:00,Marcus,Doyle,marcus.doyle@ridgeline.com,ridgeline.com,Paid Social - Meta,prospecting-lal,false
L002684,2025-07-24 13:30:00,Arun,Horvat,arun.horvat@quarry.com,quarry.com,Paid Social - Meta,lead-form-broad,false
L002685,2025-07-17 15:00:00,Marcus,Byrne,marcus.byrne@meridian.com,meridian.com,Paid Social - Meta,prospecting-lal,false
L002686,2025-07-07 15:00:00,Malik,Watanabe,malik.watanabe@arclight.com,arclight.com,Paid Social - Meta,lead-form-broad,false
L002687,2025-07-06 09:15:00,Darius,Petrov,darius.petrov@harborview.com,harborview.com,Paid Social - Meta,lead-form-broad,false
L002688,2025-07-20 17:15:00,Omar,Doyle,omar.doyle@quillon.com,quillon.com,Paid Social - Meta,mofu-retarget,false
L002689,2025-07-12 20:30:00,Yusuf,Aaltonen,yusuf.aaltonen@quillon.com,quillon.com,Paid Social - Meta,mofu-retarget,false
L002690,2025-07-29 13:45:00,Anaya,Haddad,anaya.haddad@ember.com,ember.com,Paid Social - Meta,mofu-retarget,false
L002691,2025-07-16 18:45:00,Rafael,Mulvaney,rafael.mulvaney@redwood.com,redwood.com,Paid Social - Meta,lead-form-broad,false
L002692,2025-07-18 08:15:00,Elodie,Petrov,elodie.petrov@cascade.com,cascade.com,Paid Social - Meta,mofu-retarget,false
L002693,2025-07-08 12:30:00,Kenji,Byrne,kenji.byrne@redwood.com,redwood.com,Paid Social - Meta,prospecting-lal,false
L002694,2025-07-30 08:45:00,Lena,Novak,lena.novak@solvent.com,solvent.com,Paid Social - Meta,lead-form-broad,false
L002695,2025-07-14 10:30:00,Lena,Whitfield,lena.whitfield@ironwood.com,ironwood.com,Paid Social - Meta,lead-form-broad,false
L002696,2025-07-31 11:00:00,Adeola,Kavanagh,adeola.kavanagh@brightpath.com,brightpath.com,Paid Social - Meta,prospecting-lal,true
L002697,2025-07-02 20:30:00,Tomas,Nwosu,tomas.nwosu@ferrous.com,ferrous.com,Paid Social - Meta,mofu-retarget,false
L002698,2025-07-30 14:30:00,Peter,Haddad,peter.haddad@juniper.com,juniper.com,Paid Social - Meta,prospecting-lal,false
L002699,2025-07-19 13:15:00,Margit,Moreau,margit.moreau@thornbury.com,thornbury.com,Paid Social - Meta,lead-form-broad,false
L002700,2025-07-12 13:15:00,Kenji,Vieira,kenji.vieira@ember.com,ember.com,Paid Social - Meta,prospecting-lal,false
L002701,2025-07-25 14:15:00,Adeola,Okonkwo,adeola.okonkwo@anvil.com,anvil.com,Paid Social - Meta,prospecting-lal,false
L002702,2025-07-17 18:45:00,Marcus,Watanabe,marcus.watanabe@oakhurst.com,oakhurst.com,Paid Social - Meta,mofu-retarget,false
L002703,2025-07-07 15:15:00,Omar,Mulvaney,omar.mulvaney@oakhurst.com,oakhurst.com,Paid Social - Meta,mofu-retarget,false
L002704,2025-07-15 12:00:00,Omar,Kavanagh,omar.kavanagh@nimbus.com,nimbus.com,Paid Social - Meta,lead-form-broad,false
L002705,2025-07-22 12:00:00,Alicia,Nwosu,alicia.nwosu@dovetail.com,dovetail.com,Paid Social - Meta,prospecting-lal,false
L002706,2025-07-16 07:30:00,Siobhan,Pires,siobhan.pires@halcyon.com,halcyon.com,Paid Social - Meta,prospecting-lal,false
L002707,2025-07-10 10:30:00,Anaya,Horvat,anaya.horvat@ferrous.com,ferrous.com,Paid Social - Meta,prospecting-lal,false
L002708,2025-07-23 13:00:00,Rafael,Petrov,rafael.petrov@ferrous.com,ferrous.com,Paid Social - Meta,mofu-retarget,false
L002709,2025-07-24 17:30:00,Elodie,Horvat,elodie.horvat@ember.com,ember.com,Paid Social - Meta,prospecting-lal,false
L002710,2025-07-13 14:45:00,Priya,Petrov,priya.petrov@granitepeak.com,granitepeak.com,Paid Social - Meta,prospecting-lal,false
L002711,2025-07-25 09:15:00,Cormac,Kavanagh,cormac.kavanagh@ironwood.com,ironwood.com,Paid Social - Meta,lead-form-broad,false
L002712,2025-07-05 15:30:00,Jonas,Watanabe,jonas.watanabe@kestrel.com,kestrel.com,Paid Social - Meta,mofu-retarget,false
L002713,2025-07-03 07:00:00,Tomas,Nwosu,tomas.nwosu@foxglove.com,foxglove.com,Paid Social - Meta,prospecting-lal,false
L002714,2025-07-01 10:30:00,Tomas,Byrne,tomas.byrne@ember.com,ember.com,Paid Social - Meta,mofu-retarget,false
L002715,2025-07-09 19:15:00,Beatriz,Vieira,beatriz.vieira@ridgeline.com,ridgeline.com,Paid Social - Meta,mofu-retarget,false
L002716,2025-07-31 14:30:00,Priya,Bahri,priya.bahri@brightpath.com,brightpath.com,Paid Social - Meta,prospecting-lal,false
L002717,2025-07-28 20:30:00,Renata,Haddad,renata.haddad@halcyon.com,halcyon.com,Paid Social - Meta,prospecting-lal,false
L002718,2025-07-19 09:00:00,Elodie,Szabo,elodie.szabo@arclight.com,arclight.com,Paid Social - Meta,prospecting-lal,false
L002719,2025-07-28 19:00:00,Arun,Byrne,arun.byrne@nimbus.com,nimbus.com,Paid Social - Meta,lead-form-broad,false
L002720,2025-07-13 09:30:00,Lena,Grant,lena.grant@brightpath.com,brightpath.com,Paid Social - Meta,prospecting-lal,false
L002721,2025-07-15 10:30:00,Arun,Nwosu,arun.nwosu@anvil.com,anvil.com,Paid Social - Meta,mofu-retarget,false
L002722,2025-07-28 08:30:00,Omar,Zhang,omar.zhang@thornbury.com,thornbury.com,Paid Social - Meta,mofu-retarget,false
L002723,2025-07-20 07:45:00,Kenji,Grant,kenji.grant@granitepeak.com,granitepeak.com,Paid Social - Meta,prospecting-lal,false
L002724,2025-07-31 14:45:00,Yusuf,Byrne,yusuf.byrne@halcyon.com,halcyon.com,Paid Social - Meta,mofu-retarget,false
L002725,2025-07-10 20:00:00,Rafael,Novak,rafael.novak@pinnacle.com,pinnacle.com,Paid Social - Meta,prospecting-lal,false
L002726,2025-07-05 19:45:00,Arun,Bergstrom,arun.bergstrom@ironwood.com,ironwood.com,Paid Social - Meta,mofu-retarget,false
L002727,2025-07-15 20:45:00,Anaya,Haddad,anaya.haddad@cascade.com,cascade.com,Paid Social - Meta,prospecting-lal,false
L002728,2025-07-02 13:45:00,Estelle,Lindqvist,estelle.lindqvist@foxglove.com,foxglove.com,Paid Social - Meta,lead-form-broad,false
L002729,2025-07-27 14:45:00,Peter,Szabo,peter.szabo@thornbury.com,thornbury.com,Paid Social - Meta,lead-form-broad,false
L002730,2025-07-09 13:15:00,Omar,Zhang,omar.zhang@ridgeline.com,ridgeline.com,Paid Social - Meta,lead-form-broad,false
L002731,2025-07-07 10:00:00,Hollis,Novak,hollis.novak@ironwood.com,ironwood.com,Paid Social - Meta,lead-form-broad,false
L002732,2025-07-22 17:15:00,Renata,Krishnan,renata.krishnan@brightpath.com,brightpath.com,Paid Social - Meta,mofu-retarget,false
L002733,2025-07-06 12:30:00,Callum,Kavanagh,callum.kavanagh@copperline.com,copperline.com,Paid Social - Meta,prospecting-lal,false
L002734,2025-07-06 08:30:00,Anaya,Horvat,anaya.horvat@ember.com,ember.com,Paid Social - Meta,mofu-retarget,false
L002735,2025-07-22 11:45:00,Darius,Watanabe,darius.watanabe@kestrel.com,kestrel.com,Paid Social - Meta,mofu-retarget,false
L002736,2025-07-04 09:45:00,Noor,Farrell,noor.farrell@ember.com,ember.com,Paid Social - Meta,lead-form-broad,false
L002737,2025-07-02 17:30:00,Ingrid,Byrne,ingrid.byrne@thornbury.com,thornbury.com,Paid Social - Meta,lead-form-broad,false
L002738,2025-07-25 11:00:00,Callum,Farrell,callum.farrell@copperline.com,copperline.com,Paid Social - Meta,mofu-retarget,false
L002739,2025-07-11 13:15:00,Siobhan,Ferreira,siobhan.ferreira@meridian.com,meridian.com,Paid Social - Meta,lead-form-broad,false
L002740,2025-07-07 12:30:00,Alicia,Bergstrom,alicia.bergstrom@brightpath.com,brightpath.com,Paid Social - Meta,mofu-retarget,false
L002741,2025-07-03 08:30:00,Tomas,Petrov,tomas.petrov@ember.com,ember.com,Paid Social - Meta,lead-form-broad,false
L002742,2025-07-31 15:15:00,Arun,Novak,arun.novak@marlowe.com,marlowe.com,Paid Social - Meta,prospecting-lal,false
L002743,2025-07-10 07:45:00,Peter,Horvat,peter.horvat@thornbury.com,thornbury.com,Paid Social - Meta,lead-form-broad,false
L002744,2025-07-15 20:15:00,Darius,Pires,darius.pires@marlowe.com,marlowe.com,Paid Social - Meta,lead-form-broad,false
L002745,2025-07-11 17:15:00,Anaya,Nwosu,anaya.nwosu@brightpath.com,brightpath.com,Paid Social - Meta,mofu-retarget,false
L002746,2025-07-30 12:45:00,Ingrid,Farrell,ingrid.farrell@ferrous.com,ferrous.com,Paid Social - Meta,mofu-retarget,false
L002747,2025-07-26 16:45:00,Alicia,Kavanagh,alicia.kavanagh@ember.com,ember.com,Paid Social - Meta,prospecting-lal,false
L002748,2025-07-30 07:30:00,Darius,Mulvaney,darius.mulvaney@ember.com,ember.com,Paid Social - Meta,mofu-retarget,false
L002749,2025-07-03 07:00:00,Yusuf,Okonkwo,yusuf.okonkwo@ironwood.com,ironwood.com,Paid Social - Meta,lead-form-broad,false
L002750,2025-07-05 20:45:00,Omar,Nwosu,omar.nwosu@cascade.com,cascade.com,Paid Social - Meta,lead-form-broad,false
L002751,2025-07-27 20:15:00,Hollis,Ferreira,hollis.ferreira@quarry.com,quarry.com,Paid Social - Meta,prospecting-lal,false
L002752,2025-07-31 10:45:00,Omar,Farrell,omar.farrell@cascade.com,cascade.com,Paid Social - Meta,prospecting-lal,false
L002753,2025-07-17 11:45:00,Noor,Novak,noor.novak@harborview.com,harborview.com,Paid Social - Meta,prospecting-lal,false
L002754,2025-07-28 13:15:00,Anaya,Demir,anaya.demir@lumen.com,lumen.com,Paid Social - Meta,lead-form-broad,false
L002755,2025-07-08 13:45:00,Arun,Nwosu,arun.nwosu@northwind.com,northwind.com,Paid Social - Meta,mofu-retarget,false
L002756,2025-07-23 19:30:00,Siobhan,Bergstrom,siobhan.bergstrom@nimbus.com,nimbus.com,Paid Social - Meta,lead-form-broad,false
L002757,2025-07-05 19:00:00,Beatriz,Whitfield,beatriz.whitfield@halcyon.com,halcyon.com,Paid Social - Meta,prospecting-lal,false
L002758,2025-07-13 15:15:00,Anaya,Byrne,anaya.byrne@harborview.com,harborview.com,Paid Social - Meta,prospecting-lal,false
L002759,2025-07-09 13:15:00,Tomas,Raghunathan,tomas.raghunathan@redwood.com,redwood.com,Paid Social - Meta,mofu-retarget,true
L002760,2025-07-13 11:45:00,Renata,Moreau,renata.moreau@northwind.com,northwind.com,Paid Social - Meta,mofu-retarget,false
L002761,2025-07-31 14:15:00,Callum,Demir,callum.demir@anvil.com,anvil.com,Paid Social - Meta,mofu-retarget,false
L002762,2025-07-27 16:45:00,Cormac,Almeida,cormac.almeida@cascade.com,cascade.com,Paid Social - Meta,lead-form-broad,false
L002763,2025-07-11 14:45:00,Tomas,Horvat,tomas.horvat@granitepeak.com,granitepeak.com,Paid Social - Meta,lead-form-broad,false
L002764,2025-07-07 15:45:00,Ivo,Ferreira,ivo.ferreira@cascade.com,cascade.com,Paid Social - Meta,lead-form-broad,false
L002765,2025-07-23 14:00:00,Ingrid,Zhang,ingrid.zhang@oakhurst.com,oakhurst.com,Paid Social - Meta,prospecting-lal,false
L002766,2025-07-15 08:45:00,Siobhan,Pires,siobhan.pires@saltmarsh.com,saltmarsh.com,Paid Social - Meta,mofu-retarget,false
L002767,2025-07-09 10:00:00,Anaya,Demir,anaya.demir@halcyon.com,halcyon.com,Paid Social - Meta,prospecting-lal,false
L002768,2025-07-29 12:30:00,Darius,Doyle,darius.doyle@meridian.com,meridian.com,Paid Social - Meta,lead-form-broad,false
L002769,2025-07-28 11:00:00,Ivo,Haddad,ivo.haddad@dovetail.com,dovetail.com,Paid Social - Meta,mofu-retarget,false
L002770,2025-07-19 13:45:00,Marcus,Novak,marcus.novak@granitepeak.com,granitepeak.com,Paid Search - Non-Brand,category-terms,false
L002771,2025-07-10 20:45:00,Marcus,Farrell,marcus.farrell@foxglove.com,foxglove.com,Paid Search - Non-Brand,competitor-terms,true
L002772,2025-07-16 11:30:00,Ivo,Novak,ivo.novak@quillon.com,quillon.com,Paid Search - Non-Brand,competitor-terms,false
L002773,2025-07-06 15:15:00,Ivo,Mulvaney,ivo.mulvaney@ferrous.com,ferrous.com,Paid Search - Non-Brand,category-terms,false
L002774,2025-07-19 09:45:00,Omar,Lindqvist,omar.lindqvist@solvent.com,solvent.com,Paid Search - Non-Brand,category-terms,false
L002775,2025-07-25 14:45:00,Darius,Iyer,darius.iyer@thornbury.com,thornbury.com,Paid Search - Non-Brand,category-terms,false
L002776,2025-07-21 10:15:00,Adeola,Szabo,adeola.szabo@quarry.com,quarry.com,Paid Search - Non-Brand,solution-terms,false
L002777,2025-07-02 13:00:00,Callum,Vieira,callum.vieira@northwind.com,northwind.com,Paid Search - Non-Brand,category-terms,false
L002778,2025-07-26 10:00:00,Siobhan,Farrell,siobhan.farrell@ridgeline.com,ridgeline.com,Paid Search - Non-Brand,competitor-terms,false
L002779,2025-07-15 12:45:00,Kenji,Iyer,kenji.iyer@meridian.com,meridian.com,Paid Search - Non-Brand,competitor-terms,true
L002780,2025-07-03 14:15:00,Grace,Petrov,grace.petrov@copperline.com,copperline.com,Paid Search - Non-Brand,competitor-terms,false
L002781,2025-07-17 16:30:00,Lena,Pires,lena.pires@cascade.com,cascade.com,Paid Search - Non-Brand,solution-terms,false
L002782,2025-07-12 19:30:00,Estelle,Byrne,estelle.byrne@tessellate.com,tessellate.com,Paid Search - Non-Brand,category-terms,false
L002783,2025-07-21 09:15:00,Renata,Almeida,renata.almeida@granitepeak.com,granitepeak.com,Paid Search - Non-Brand,solution-terms,false
L002784,2025-07-08 16:00:00,Beatriz,Iyer,beatriz.iyer@copperline.com,copperline.com,Paid Search - Non-Brand,solution-terms,false
L002785,2025-07-25 12:30:00,Estelle,Krishnan,estelle.krishnan@cascade.com,cascade.com,Paid Search - Non-Brand,category-terms,false
L002786,2025-07-09 18:45:00,Jonas,Raghunathan,jonas.raghunathan@quarry.com,quarry.com,Paid Search - Non-Brand,category-terms,true
L002787,2025-07-06 10:45:00,Mei,Byrne,mei.byrne@anvil.com,anvil.com,Paid Search - Non-Brand,solution-terms,false
L002788,2025-07-18 12:00:00,Kenji,Zhang,kenji.zhang@cascade.com,cascade.com,Paid Search - Non-Brand,solution-terms,false
L002789,2025-07-30 12:45:00,Rafael,Grant,rafael.grant@arclight.com,arclight.com,Paid Search - Non-Brand,category-terms,false
L002790,2025-07-26 18:00:00,Cormac,Haddad,cormac.haddad@quarry.com,quarry.com,Paid Search - Non-Brand,category-terms,false
L002791,2025-07-13 07:15:00,Ingrid,Nwosu,ingrid.nwosu@tessellate.com,tessellate.com,Paid Search - Non-Brand,competitor-terms,false
L002792,2025-07-28 16:30:00,Tomas,Lindqvist,tomas.lindqvist@copperline.com,copperline.com,Paid Search - Non-Brand,solution-terms,false
L002793,2025-07-10 16:30:00,Alicia,Raghunathan,alicia.raghunathan@quillon.com,quillon.com,Paid Search - Non-Brand,category-terms,false
L002794,2025-07-17 13:30:00,Ivo,Doyle,ivo.doyle@tessellate.com,tessellate.com,Paid Search - Non-Brand,category-terms,false
L002795,2025-07-04 19:00:00,Margit,Haddad,margit.haddad@quarry.com,quarry.com,Paid Search - Non-Brand,competitor-terms,false
L002796,2025-07-28 10:00:00,Margit,Mulvaney,margit.mulvaney@pinnacle.com,pinnacle.com,Paid Search - Non-Brand,category-terms,true
L002797,2025-07-23 09:30:00,Mei,Szabo,mei.szabo@foxglove.com,foxglove.com,Paid Search - Non-Brand,category-terms,false
L002798,2025-07-08 11:45:00,Elodie,Whitfield,elodie.whitfield@meridian.com,meridian.com,Paid Search - Non-Brand,category-terms,false
L002799,2025-07-14 14:15:00,Malik,Pires,malik.pires@harborview.com,harborview.com,Paid Search - Non-Brand,solution-terms,false
L002800,2025-07-19 20:45:00,Grace,Nwosu,grace.nwosu@arclight.com,arclight.com,Paid Search - Non-Brand,solution-terms,false
L002801,2025-07-08 07:45:00,Elodie,Haddad,elodie.haddad@copperline.com,copperline.com,Paid Search - Non-Brand,solution-terms,false
L002802,2025-07-05 14:00:00,Anaya,Ferreira,anaya.ferreira@copperline.com,copperline.com,Paid Search - Non-Brand,category-terms,false
L002803,2025-07-10 13:30:00,Malik,Watanabe,malik.watanabe@copperline.com,copperline.com,Paid Search - Non-Brand,solution-terms,false
L002804,2025-07-06 10:15:00,Darius,Nwosu,darius.nwosu@copperline.com,copperline.com,Paid Search - Non-Brand,category-terms,false
L002805,2025-07-29 07:45:00,Elodie,Aaltonen,elodie.aaltonen@quarry.com,quarry.com,Paid Search - Non-Brand,category-terms,false
L002806,2025-07-20 07:45:00,Noor,Horvat,noor.horvat@harborview.com,harborview.com,Paid Search - Non-Brand,solution-terms,false
L002807,2025-07-19 14:30:00,Margit,Szabo,margit.szabo@ridgeline.com,ridgeline.com,Paid Search - Non-Brand,solution-terms,false
L002808,2025-07-25 17:30:00,Priya,Demir,priya.demir@brightpath.com,brightpath.com,Paid Search - Non-Brand,competitor-terms,false
L002809,2025-07-15 08:30:00,Priya,Ferreira,priya.ferreira@brightpath.com,brightpath.com,Paid Search - Non-Brand,competitor-terms,false
L002810,2025-07-09 11:15:00,Jonas,Castellanos,jonas.castellanos@ferrous.com,ferrous.com,Paid Search - Non-Brand,solution-terms,false
L002811,2025-07-03 12:30:00,Ingrid,Petrov,ingrid.petrov@ironwood.com,ironwood.com,Paid Search - Non-Brand,competitor-terms,false
L002812,2025-07-14 18:15:00,Omar,Okonkwo,omar.okonkwo@ember.com,ember.com,Paid Search - Non-Brand,solution-terms,false
L002813,2025-07-15 17:45:00,Alicia,Bahri,alicia.bahri@oakhurst.com,oakhurst.com,Paid Search - Non-Brand,competitor-terms,false
L002814,2025-07-07 16:15:00,Anaya,Castellanos,anaya.castellanos@ridgeline.com,ridgeline.com,Paid Search - Non-Brand,category-terms,true
L002815,2025-07-03 09:30:00,Darius,Haddad,darius.haddad@arclight.com,arclight.com,Paid Search - Non-Brand,solution-terms,false
L002816,2025-07-05 12:15:00,Tomas,Castellanos,tomas.castellanos@dovetail.com,dovetail.com,Paid Search - Non-Brand,solution-terms,false
L002817,2025-07-01 13:15:00,Noor,Lindqvist,noor.lindqvist@granitepeak.com,granitepeak.com,Paid Search - Non-Brand,competitor-terms,false
L002818,2025-07-14 15:00:00,Elodie,Demir,elodie.demir@dovetail.com,dovetail.com,Paid Search - Non-Brand,solution-terms,true
L002819,2025-07-21 18:45:00,Adeola,Byrne,adeola.byrne@marlowe.com,marlowe.com,Paid Search - Non-Brand,solution-terms,false
L002820,2025-07-31 15:30:00,Malik,Ferreira,malik.ferreira@thornbury.com,thornbury.com,Paid Search - Non-Brand,solution-terms,false
L002821,2025-07-18 20:15:00,Ingrid,Byrne,ingrid.byrne@ridgeline.com,ridgeline.com,Paid Search - Non-Brand,category-terms,false
L002822,2025-07-21 07:30:00,Beatriz,Kavanagh,beatriz.kavanagh@quillon.com,quillon.com,Paid Search - Non-Brand,category-terms,false
L002823,2025-07-25 09:15:00,Darius,Aaltonen,darius.aaltonen@ember.com,ember.com,Paid Search - Non-Brand,competitor-terms,false
L002824,2025-07-23 16:45:00,Omar,Szabo,omar.szabo@northwind.com,northwind.com,Paid Search - Non-Brand,solution-terms,true
L002825,2025-07-03 15:30:00,Hollis,Doyle,hollis.doyle@granitepeak.com,granitepeak.com,Paid Search - Non-Brand,category-terms,false
L002826,2025-07-01 17:15:00,Marcus,Watanabe,marcus.watanabe@brightpath.com,brightpath.com,Paid Search - Non-Brand,solution-terms,false
L002827,2025-07-01 18:30:00,Alicia,Lindqvist,alicia.lindqvist@harborview.com,harborview.com,Paid Search - Non-Brand,solution-terms,false
L002828,2025-07-17 20:30:00,Elodie,Zhang,elodie.zhang@tessellate.com,tessellate.com,Paid Search - Non-Brand,competitor-terms,false
L002829,2025-07-24 09:45:00,Grace,Grant,grace.grant@quillon.com,quillon.com,Paid Search - Non-Brand,solution-terms,false
L002830,2025-07-26 18:30:00,Lena,Okonkwo,lena.okonkwo@quarry.com,quarry.com,Paid Search - Non-Brand,competitor-terms,false
L002831,2025-07-11 14:45:00,Malik,Krishnan,malik.krishnan@harborview.com,harborview.com,Paid Search - Non-Brand,solution-terms,false
L002832,2025-07-06 20:00:00,Estelle,Whitfield,estelle.whitfield@solvent.com,solvent.com,Paid Search - Non-Brand,solution-terms,false
L002833,2025-07-07 07:30:00,Malik,Grant,malik.grant@copperline.com,copperline.com,Paid Search - Non-Brand,competitor-terms,false
L002834,2025-07-27 07:45:00,Alicia,Grant,alicia.grant@ridgeline.com,ridgeline.com,Paid Search - Non-Brand,category-terms,false
L002835,2025-07-05 14:00:00,Beatriz,Moreau,beatriz.moreau@ironwood.com,ironwood.com,Paid Social - LinkedIn,content-download,false
L002836,2025-07-26 13:15:00,Elodie,Haddad,elodie.haddad@lumen.com,lumen.com,Paid Social - LinkedIn,jobtitle-targeting,true
L002837,2025-07-14 14:00:00,Priya,Okonkwo,priya.okonkwo@halcyon.com,halcyon.com,Paid Social - LinkedIn,content-download,false
L002838,2025-07-28 11:15:00,Kenji,Horvat,kenji.horvat@brightpath.com,brightpath.com,Paid Social - LinkedIn,abm-tier1,false
L002839,2025-07-24 15:30:00,Mei,Ferreira,mei.ferreira@solvent.com,solvent.com,Paid Social - LinkedIn,content-download,false
L002840,2025-07-30 18:45:00,Lena,Grant,lena.grant@marlowe.com,marlowe.com,Paid Social - LinkedIn,abm-tier1,false
L002841,2025-07-04 12:00:00,Kenji,Horvat,kenji.horvat@quillon.com,quillon.com,Paid Social - LinkedIn,jobtitle-targeting,false
L002842,2025-07-31 09:15:00,Priya,Grant,priya.grant@halcyon.com,halcyon.com,Paid Social - LinkedIn,jobtitle-targeting,false
L002843,2025-07-15 18:00:00,Hollis,Haddad,hollis.haddad@kestrel.com,kestrel.com,Paid Social - LinkedIn,abm-tier1,true
L002844,2025-07-04 17:00:00,Marcus,Petrov,marcus.petrov@kestrel.com,kestrel.com,Paid Social - LinkedIn,content-download,false
L002845,2025-07-14 13:15:00,Omar,Nwosu,omar.nwosu@pinnacle.com,pinnacle.com,Paid Social - LinkedIn,abm-tier1,false
L002846,2025-07-11 09:00:00,Renata,Pires,renata.pires@nimbus.com,nimbus.com,Paid Social - LinkedIn,abm-tier1,false
L002847,2025-07-10 08:30:00,Anaya,Nwosu,anaya.nwosu@thornbury.com,thornbury.com,Paid Social - LinkedIn,abm-tier1,false
L002848,2025-07-15 18:45:00,Adeola,Raghunathan,adeola.raghunathan@anvil.com,anvil.com,Paid Social - LinkedIn,abm-tier1,false
L002849,2025-07-28 13:45:00,Anaya,Almeida,anaya.almeida@thornbury.com,thornbury.com,Paid Social - LinkedIn,jobtitle-targeting,false
L002850,2025-07-10 08:30:00,Yusuf,Zhang,yusuf.zhang@quarry.com,quarry.com,Paid Social - LinkedIn,jobtitle-targeting,false
L002851,2025-07-19 19:15:00,Ingrid,Zhang,ingrid.zhang@ember.com,ember.com,Paid Social - LinkedIn,abm-tier1,false
L002852,2025-07-07 13:00:00,Lena,Aaltonen,lena.aaltonen@juniper.com,juniper.com,Paid Social - LinkedIn,jobtitle-targeting,false
L002853,2025-07-28 12:45:00,Lena,Pires,lena.pires@copperline.com,copperline.com,Paid Social - LinkedIn,abm-tier1,false
L002854,2025-07-01 13:15:00,Siobhan,Zhang,siobhan.zhang@nimbus.com,nimbus.com,Paid Social - LinkedIn,abm-tier1,false
L002855,2025-07-09 10:45:00,Rafael,Doyle,rafael.doyle@ironwood.com,ironwood.com,Paid Social - LinkedIn,content-download,false
L002856,2025-07-04 08:30:00,Lena,Pires,lena.pires@redwood.com,redwood.com,Paid Social - LinkedIn,content-download,true
L002857,2025-07-25 12:30:00,Alicia,Raghunathan,alicia.raghunathan@arclight.com,arclight.com,Paid Social - LinkedIn,abm-tier1,false
L002858,2025-07-06 19:15:00,Jonas,Farrell,jonas.farrell@marlowe.com,marlowe.com,Paid Social - LinkedIn,jobtitle-targeting,false
L002859,2025-07-15 07:00:00,Jonas,Castellanos,jonas.castellanos@pinnacle.com,pinnacle.com,Paid Social - LinkedIn,content-download,false
L002860,2025-07-25 20:30:00,Margit,Bahri,margit.bahri@marlowe.com,marlowe.com,Paid Social - LinkedIn,content-download,false
L002861,2025-07-25 10:45:00,Priya,Almeida,priya.almeida@lumen.com,lumen.com,Paid Social - LinkedIn,abm-tier1,false
L002862,2025-07-15 11:00:00,Rafael,Watanabe,rafael.watanabe@quarry.com,quarry.com,Paid Social - LinkedIn,content-download,false
L002863,2025-07-02 16:45:00,Ivo,Petrov,ivo.petrov@kestrel.com,kestrel.com,Paid Social - LinkedIn,abm-tier1,false
L002864,2025-07-10 11:45:00,Peter,Mulvaney,peter.mulvaney@oakhurst.com,oakhurst.com,Organic / Direct,none,false
L002865,2025-07-11 10:30:00,Peter,Pires,peter.pires@lumen.com,lumen.com,Organic / Direct,none,false
L002866,2025-07-06 19:00:00,Lena,Novak,lena.novak@kestrel.com,kestrel.com,Organic / Direct,none,false
L002867,2025-07-14 18:00:00,Darius,Whitfield,darius.whitfield@pinnacle.com,pinnacle.com,Organic / Direct,none,true
L002868,2025-07-17 12:30:00,Noor,Zhang,noor.zhang@brightpath.com,brightpath.com,Organic / Direct,none,false
L002869,2025-07-26 07:30:00,Elodie,Pires,elodie.pires@pinnacle.com,pinnacle.com,Organic / Direct,none,false
L002870,2025-07-02 15:30:00,Anaya,Byrne,anaya.byrne@pinnacle.com,pinnacle.com,Organic / Direct,none,false
L002871,2025-07-17 08:30:00,Yusuf,Castellanos,yusuf.castellanos@tessellate.com,tessellate.com,Organic / Direct,none,true
L002872,2025-07-27 09:00:00,Jonas,Grant,jonas.grant@ember.com,ember.com,Organic / Direct,none,false
L002873,2025-07-26 14:45:00,Renata,Horvat,renata.horvat@nimbus.com,nimbus.com,Organic / Direct,none,false
L002874,2025-07-09 12:45:00,Grace,Bahri,grace.bahri@ferrous.com,ferrous.com,Organic / Direct,none,false
L002875,2025-07-29 19:45:00,Alicia,Bahri,alicia.bahri@pinnacle.com,pinnacle.com,Organic / Direct,none,false
L002876,2025-07-09 18:30:00,Elodie,Zhang,elodie.zhang@harborview.com,harborview.com,Organic / Direct,none,false
L002877,2025-07-12 08:45:00,Priya,Aaltonen,priya.aaltonen@lumen.com,lumen.com,Organic / Direct,none,false
L002878,2025-07-27 11:45:00,Cormac,Kavanagh,cormac.kavanagh@quillon.com,quillon.com,Organic / Direct,none,false
L002879,2025-07-11 20:30:00,Noor,Doyle,noor.doyle@arclight.com,arclight.com,Organic / Direct,none,true
L002880,2025-07-15 11:15:00,Siobhan,Almeida,siobhan.almeida@copperline.com,copperline.com,Organic / Direct,none,false
L002881,2025-07-14 09:45:00,Peter,Moreau,peter.moreau@pinnacle.com,pinnacle.com,Organic / Direct,none,false
L002882,2025-07-23 17:15:00,Cormac,Watanabe,cormac.watanabe@solvent.com,solvent.com,Organic / Direct,none,true
L002883,2025-07-25 11:45:00,Mei,Nwosu,mei.nwosu@nimbus.com,nimbus.com,Organic / Direct,none,false
L002884,2025-07-28 11:45:00,Adeola,Vieira,adeola.vieira@pinnacle.com,pinnacle.com,Organic / Direct,none,false
L002885,2025-07-24 08:30:00,Siobhan,Grant,siobhan.grant@cascade.com,cascade.com,Organic / Direct,none,false
L002886,2025-07-22 07:00:00,Tomas,Nwosu,tomas.nwosu@quillon.com,quillon.com,Organic / Direct,none,false
L002887,2025-07-15 11:15:00,Yusuf,Moreau,yusuf.moreau@quillon.com,quillon.com,Organic / Direct,none,false
L002888,2025-07-07 16:45:00,Lena,Nwosu,lena.nwosu@nimbus.com,nimbus.com,Organic / Direct,none,false
L002889,2025-07-24 15:30:00,Omar,Novak,omar.novak@dovetail.com,dovetail.com,Organic / Direct,none,false
L002890,2025-07-11 08:45:00,Kenji,Okonkwo,kenji.okonkwo@lumen.com,lumen.com,Organic / Direct,none,false
L002891,2025-07-20 12:45:00,Hollis,Farrell,hollis.farrell@harborview.com,harborview.com,Organic / Direct,none,false
L002892,2025-07-16 07:30:00,Rafael,Okonkwo,rafael.okonkwo@meridian.com,meridian.com,Organic / Direct,none,false
L002893,2025-07-09 09:00:00,Darius,Szabo,darius.szabo@pinnacle.com,pinnacle.com,Organic / Direct,none,false
L002894,2025-07-21 18:45:00,Lena,Haddad,lena.haddad@brightpath.com,brightpath.com,Organic / Direct,none,false
L002895,2025-07-12 17:30:00,Ingrid,Bergstrom,ingrid.bergstrom@kestrel.com,kestrel.com,Organic / Direct,none,false
L002896,2025-07-09 14:00:00,Siobhan,Moreau,siobhan.moreau@saltmarsh.com,saltmarsh.com,Organic / Direct,none,false
L002897,2025-07-05 14:15:00,Mei,Okonkwo,mei.okonkwo@meridian.com,meridian.com,Organic / Direct,none,false
L002898,2025-07-29 07:45:00,Margit,Moreau,margit.moreau@solvent.com,solvent.com,Organic / Direct,none,true
L002899,2025-07-22 10:45:00,Anaya,Almeida,anaya.almeida@northwind.com,northwind.com,Organic / Direct,none,false
L002900,2025-08-22 17:00:00,Hollis,Byrne,hollis.byrne@quillon.com,quillon.com,Display - Programmatic,retarget-display,false
L002901,2025-08-12 20:45:00,Estelle,Ferreira,estelle.ferreira@meridian.com,meridian.com,Display - Programmatic,contextual-b2b,false
L002902,2025-08-05 13:15:00,Grace,Mulvaney,grace.mulvaney@copperline.com,copperline.com,Display - Programmatic,retarget-display,false
L002903,2025-08-15 10:00:00,Jonas,Demir,jonas.demir@foxglove.com,foxglove.com,Display - Programmatic,contextual-b2b,false
L002904,2025-08-15 12:45:00,Adeola,Kavanagh,adeola.kavanagh@marlowe.com,marlowe.com,Display - Programmatic,retarget-display,false
L002905,2025-08-12 07:30:00,Elodie,Castellanos,elodie.castellanos@copperline.com,copperline.com,Display - Programmatic,retarget-display,false
L002906,2025-08-25 17:00:00,Arun,Okonkwo,arun.okonkwo@pinnacle.com,pinnacle.com,Display - Programmatic,retarget-display,false
L002907,2025-08-19 16:15:00,Jonas,Byrne,jonas.byrne@meridian.com,meridian.com,Display - Programmatic,contextual-b2b,false
L002908,2025-08-07 18:30:00,Ingrid,Mulvaney,ingrid.mulvaney@arclight.com,arclight.com,Display - Programmatic,retarget-display,false
L002909,2025-08-13 08:30:00,Anaya,Iyer,anaya.iyer@cascade.com,cascade.com,Display - Programmatic,contextual-b2b,false
L002910,2025-08-19 20:45:00,Beatriz,Zhang,beatriz.zhang@granitepeak.com,granitepeak.com,Display - Programmatic,retarget-display,false
L002911,2025-08-23 14:30:00,Yusuf,Castellanos,yusuf.castellanos@ironwood.com,ironwood.com,Display - Programmatic,retarget-display,false
L002912,2025-08-20 09:15:00,Siobhan,Kavanagh,siobhan.kavanagh@cascade.com,cascade.com,Display - Programmatic,contextual-b2b,false
L002913,2025-08-08 19:30:00,Beatriz,Krishnan,beatriz.krishnan@arclight.com,arclight.com,Display - Programmatic,contextual-b2b,false
L002914,2025-08-06 07:30:00,Omar,Bergstrom,omar.bergstrom@solvent.com,solvent.com,Display - Programmatic,contextual-b2b,false
L002915,2025-08-15 15:45:00,Callum,Farrell,callum.farrell@granitepeak.com,granitepeak.com,Display - Programmatic,contextual-b2b,false
L002916,2025-08-03 17:45:00,Mei,Ferreira,mei.ferreira@arclight.com,arclight.com,Display - Programmatic,retarget-display,false
L002917,2025-08-10 13:45:00,Siobhan,Ferreira,siobhan.ferreira@marlowe.com,marlowe.com,Display - Programmatic,contextual-b2b,false
L002918,2025-08-03 09:45:00,Renata,Okonkwo,renata.okonkwo@halcyon.com,halcyon.com,Display - Programmatic,contextual-b2b,false
L002919,2025-08-05 10:45:00,Kenji,Lindqvist,kenji.lindqvist@ridgeline.com,ridgeline.com,Display - Programmatic,contextual-b2b,false
L002920,2025-08-27 10:30:00,Rafael,Zhang,rafael.zhang@copperline.com,copperline.com,Display - Programmatic,retarget-display,false
L002921,2025-08-02 17:00:00,Rafael,Nwosu,rafael.nwosu@ferrous.com,ferrous.com,Display - Programmatic,retarget-display,false
L002922,2025-08-17 13:30:00,Tomas,Byrne,tomas.byrne@solvent.com,solvent.com,Display - Programmatic,contextual-b2b,false
L002923,2025-08-15 11:15:00,Yusuf,Novak,yusuf.novak@oakhurst.com,oakhurst.com,Display - Programmatic,contextual-b2b,false
L002924,2025-08-13 07:45:00,Omar,Bergstrom,omar.bergstrom@harborview.com,harborview.com,Display - Programmatic,retarget-display,false
L002925,2025-08-08 09:45:00,Rafael,Kavanagh,rafael.kavanagh@halcyon.com,halcyon.com,Display - Programmatic,retarget-display,false
L002926,2025-08-02 11:30:00,Tomas,Byrne,tomas.byrne@northwind.com,northwind.com,Display - Programmatic,retarget-display,false
L002927,2025-08-10 09:15:00,Darius,Grant,darius.grant@northwind.com,northwind.com,Display - Programmatic,retarget-display,false
L002928,2025-08-17 13:15:00,Priya,Byrne,priya.byrne@thornbury.com,thornbury.com,Display - Programmatic,contextual-b2b,false
L002929,2025-08-12 15:45:00,Noor,Nwosu,noor.nwosu@arclight.com,arclight.com,Display - Programmatic,retarget-display,false
L002930,2025-08-13 11:00:00,Adeola,Aaltonen,adeola.aaltonen@anvil.com,anvil.com,Display - Programmatic,contextual-b2b,false
L002931,2025-08-15 11:15:00,Lena,Watanabe,lena.watanabe@ridgeline.com,ridgeline.com,Display - Programmatic,retarget-display,false
L002932,2025-08-08 15:45:00,Lena,Almeida,lena.almeida@ferrous.com,ferrous.com,Display - Programmatic,contextual-b2b,true
L002933,2025-08-02 18:15:00,Cormac,Grant,cormac.grant@northwind.com,northwind.com,Display - Programmatic,contextual-b2b,false
L002934,2025-08-23 16:00:00,Ingrid,Nwosu,ingrid.nwosu@redwood.com,redwood.com,Display - Programmatic,contextual-b2b,false
L002935,2025-08-07 16:30:00,Noor,Szabo,noor.szabo@quarry.com,quarry.com,Display - Programmatic,contextual-b2b,false
L002936,2025-08-27 07:45:00,Estelle,Okonkwo,estelle.okonkwo@arclight.com,arclight.com,Display - Programmatic,retarget-display,false
L002937,2025-08-05 17:15:00,Omar,Bahri,omar.bahri@cascade.com,cascade.com,Display - Programmatic,retarget-display,false
L002938,2025-08-18 12:30:00,Yusuf,Whitfield,yusuf.whitfield@quarry.com,quarry.com,Display - Programmatic,retarget-display,false
L002939,2025-08-06 08:15:00,Ingrid,Aaltonen,ingrid.aaltonen@copperline.com,copperline.com,Display - Programmatic,contextual-b2b,false
L002940,2025-08-28 17:45:00,Mei,Haddad,mei.haddad@lumen.com,lumen.com,Display - Programmatic,contextual-b2b,false
L002941,2025-08-30 13:30:00,Callum,Novak,callum.novak@cascade.com,cascade.com,Display - Programmatic,contextual-b2b,false
L002942,2025-08-03 20:15:00,Mei,Novak,mei.novak@northwind.com,northwind.com,Display - Programmatic,retarget-display,false
L002943,2025-08-03 16:00:00,Noor,Nwosu,noor.nwosu@thornbury.com,thornbury.com,Display - Programmatic,retarget-display,false
L002944,2025-08-20 19:30:00,Elodie,Mulvaney,elodie.mulvaney@nimbus.com,nimbus.com,Display - Programmatic,retarget-display,false
L002945,2025-08-03 07:00:00,Rafael,Almeida,rafael.almeida@ember.com,ember.com,Display - Programmatic,retarget-display,false
L002946,2025-08-11 08:45:00,Cormac,Byrne,cormac.byrne@ridgeline.com,ridgeline.com,Display - Programmatic,contextual-b2b,false
L002947,2025-08-12 08:15:00,Mei,Bahri,mei.bahri@marlowe.com,marlowe.com,Display - Programmatic,contextual-b2b,false
L002948,2025-08-26 09:45:00,Noor,Krishnan,noor.krishnan@quillon.com,quillon.com,Display - Programmatic,retarget-display,false
L002949,2025-08-23 19:00:00,Elodie,Novak,elodie.novak@ridgeline.com,ridgeline.com,Display - Programmatic,contextual-b2b,false
L002950,2025-08-14 19:15:00,Margit,Castellanos,margit.castellanos@arclight.com,arclight.com,Display - Programmatic,retarget-display,false
L002951,2025-08-28 16:30:00,Estelle,Byrne,estelle.byrne@quarry.com,quarry.com,Display - Programmatic,retarget-display,false
L002952,2025-08-14 19:15:00,Adeola,Watanabe,adeola.watanabe@pinnacle.com,pinnacle.com,Display - Programmatic,contextual-b2b,false
L002953,2025-08-16 12:45:00,Grace,Bahri,grace.bahri@thornbury.com,thornbury.com,Display - Programmatic,retarget-display,false
L002954,2025-08-28 15:45:00,Anaya,Farrell,anaya.farrell@quillon.com,quillon.com,Display - Programmatic,contextual-b2b,false
L002955,2025-08-17 08:00:00,Ivo,Ferreira,ivo.ferreira@oakhurst.com,oakhurst.com,Display - Programmatic,contextual-b2b,false
L002956,2025-08-20 17:15:00,Estelle,Szabo,estelle.szabo@ferrous.com,ferrous.com,Display - Programmatic,contextual-b2b,false
L002957,2025-08-22 19:45:00,Peter,Petrov,peter.petrov@cascade.com,cascade.com,Display - Programmatic,contextual-b2b,false
L002958,2025-08-26 20:00:00,Darius,Horvat,darius.horvat@halcyon.com,halcyon.com,Display - Programmatic,contextual-b2b,false
L002959,2025-08-09 15:00:00,Mei,Vieira,mei.vieira@northwind.com,northwind.com,Display - Programmatic,contextual-b2b,false
L002960,2025-08-10 10:00:00,Callum,Doyle,callum.doyle@quillon.com,quillon.com,Display - Programmatic,contextual-b2b,false
L002961,2025-08-27 18:15:00,Arun,Almeida,arun.almeida@juniper.com,juniper.com,Display - Programmatic,contextual-b2b,false
L002962,2025-08-25 11:30:00,Arun,Aaltonen,arun.aaltonen@pinnacle.com,pinnacle.com,Display - Programmatic,contextual-b2b,false
L002963,2025-08-22 07:45:00,Beatriz,Kavanagh,beatriz.kavanagh@tessellate.com,tessellate.com,Display - Programmatic,contextual-b2b,false
L002964,2025-08-02 10:45:00,Noor,Mulvaney,noor.mulvaney@northwind.com,northwind.com,Display - Programmatic,retarget-display,false
L002965,2025-08-17 14:15:00,Estelle,Byrne,estelle.byrne@thornbury.com,thornbury.com,Display - Programmatic,retarget-display,false
L002966,2025-08-09 10:00:00,Arun,Pires,arun.pires@quarry.com,quarry.com,Display - Programmatic,retarget-display,false
L002967,2025-08-13 11:00:00,Siobhan,Vieira,siobhan.vieira@anvil.com,anvil.com,Display - Programmatic,retarget-display,false
L002968,2025-08-25 17:30:00,Malik,Bahri,malik.bahri@redwood.com,redwood.com,Display - Programmatic,contextual-b2b,false
L002969,2025-08-25 09:00:00,Mei,Byrne,mei.byrne@solvent.com,solvent.com,Display - Programmatic,contextual-b2b,true
L002970,2025-08-18 13:45:00,Lena,Doyle,lena.doyle@juniper.com,juniper.com,Display - Programmatic,contextual-b2b,false
L002971,2025-08-03 14:15:00,Elodie,Raghunathan,elodie.raghunathan@saltmarsh.com,saltmarsh.com,Display - Programmatic,contextual-b2b,false
L002972,2025-08-12 10:15:00,Peter,Lindqvist,peter.lindqvist@redwood.com,redwood.com,Display - Programmatic,retarget-display,false
L002973,2025-08-27 14:00:00,Ingrid,Castellanos,ingrid.castellanos@kestrel.com,kestrel.com,Display - Programmatic,retarget-display,false
L002974,2025-08-27 18:45:00,Lena,Almeida,lena.almeida@oakhurst.com,oakhurst.com,Display - Programmatic,retarget-display,false
L002975,2025-08-18 17:45:00,Rafael,Watanabe,rafael.watanabe@foxglove.com,foxglove.com,Display - Programmatic,contextual-b2b,false
L002976,2025-08-11 08:15:00,Siobhan,Byrne,siobhan.byrne@quarry.com,quarry.com,Display - Programmatic,retarget-display,false
L002977,2025-08-03 20:15:00,Mei,Pires,mei.pires@oakhurst.com,oakhurst.com,Display - Programmatic,contextual-b2b,false
L002978,2025-08-06 18:30:00,Rafael,Bahri,rafael.bahri@anvil.com,anvil.com,Display - Programmatic,contextual-b2b,false
L002979,2025-08-03 07:45:00,Malik,Farrell,malik.farrell@quarry.com,quarry.com,Display - Programmatic,retarget-display,false
L002980,2025-08-22 14:45:00,Darius,Whitfield,darius.whitfield@granitepeak.com,granitepeak.com,Display - Programmatic,retarget-display,false
L002981,2025-08-11 11:45:00,Tomas,Watanabe,tomas.watanabe@kestrel.com,kestrel.com,Display - Programmatic,retarget-display,false
L002982,2025-08-23 14:45:00,Alicia,Petrov,alicia.petrov@tessellate.com,tessellate.com,Display - Programmatic,contextual-b2b,false
L002983,2025-08-07 07:45:00,Noor,Whitfield,noor.whitfield@ember.com,ember.com,Display - Programmatic,retarget-display,false
L002984,2025-08-18 11:30:00,Hollis,Novak,hollis.novak@kestrel.com,kestrel.com,Display - Programmatic,retarget-display,false
L002985,2025-08-30 07:15:00,Omar,Lindqvist,omar.lindqvist@juniper.com,juniper.com,Display - Programmatic,contextual-b2b,false
L002986,2025-08-08 12:15:00,Grace,Demir,grace.demir@northwind.com,northwind.com,Display - Programmatic,retarget-display,false
L002987,2025-08-29 19:30:00,Elodie,Grant,elodie.grant@ridgeline.com,ridgeline.com,Display - Programmatic,retarget-display,false
L002988,2025-08-09 16:00:00,Noor,Aaltonen,noor.aaltonen@oakhurst.com,oakhurst.com,Display - Programmatic,contextual-b2b,false
L002989,2025-08-18 08:30:00,Priya,Pires,priya.pires@saltmarsh.com,saltmarsh.com,Display - Programmatic,retarget-display,false
L002990,2025-08-04 13:30:00,Noor,Grant,noor.grant@quarry.com,quarry.com,Display - Programmatic,contextual-b2b,false
L002991,2025-08-15 17:45:00,Ingrid,Zhang,ingrid.zhang@quarry.com,quarry.com,Display - Programmatic,contextual-b2b,false
L002992,2025-08-20 16:45:00,Priya,Bahri,priya.bahri@ember.com,ember.com,Display - Programmatic,contextual-b2b,false
L002993,2025-08-04 10:30:00,Anaya,Nwosu,anaya.nwosu@quarry.com,quarry.com,Display - Programmatic,contextual-b2b,false
L002994,2025-08-19 15:45:00,Alicia,Horvat,alicia.horvat@halcyon.com,halcyon.com,Display - Programmatic,retarget-display,false
L002995,2025-08-02 11:30:00,Callum,Vieira,callum.vieira@saltmarsh.com,saltmarsh.com,Display - Programmatic,contextual-b2b,false
L002996,2025-08-19 19:00:00,Renata,Horvat,renata.horvat@ember.com,ember.com,Display - Programmatic,contextual-b2b,false
L002997,2025-08-24 10:30:00,Peter,Iyer,peter.iyer@solvent.com,solvent.com,Display - Programmatic,contextual-b2b,false
L002998,2025-08-25 20:45:00,Yusuf,Whitfield,yusuf.whitfield@granitepeak.com,granitepeak.com,Paid Search - Brand,brand-exact,false
L002999,2025-08-23 11:15:00,Malik,Farrell,malik.farrell@oakhurst.com,oakhurst.com,Paid Search - Brand,brand-exact,false
L003000,2025-08-20 14:30:00,Adeola,Almeida,adeola.almeida@ridgeline.com,ridgeline.com,Paid Search - Brand,brand-exact,false
L003001,2025-08-22 15:45:00,Lena,Iyer,lena.iyer@juniper.com,juniper.com,Paid Search - Brand,brand-exact,false
L003002,2025-08-19 11:15:00,Malik,Haddad,malik.haddad@kestrel.com,kestrel.com,Paid Search - Brand,brand-phrase,false
L003003,2025-08-31 11:30:00,Marcus,Okonkwo,marcus.okonkwo@northwind.com,northwind.com,Paid Search - Brand,brand-exact,true
L003004,2025-08-10 14:45:00,Estelle,Pires,estelle.pires@marlowe.com,marlowe.com,Paid Search - Brand,brand-exact,false
L003005,2025-08-21 08:30:00,Elodie,Horvat,elodie.horvat@arclight.com,arclight.com,Paid Search - Brand,brand-phrase,false
L003006,2025-08-26 17:45:00,Hollis,Novak,hollis.novak@ferrous.com,ferrous.com,Paid Search - Brand,brand-exact,false
L003007,2025-08-26 17:00:00,Adeola,Vieira,adeola.vieira@tessellate.com,tessellate.com,Paid Search - Brand,brand-exact,false
L003008,2025-08-22 09:00:00,Jonas,Whitfield,jonas.whitfield@dovetail.com,dovetail.com,Paid Search - Brand,brand-exact,false
L003009,2025-08-21 15:30:00,Beatriz,Raghunathan,beatriz.raghunathan@cascade.com,cascade.com,Paid Search - Brand,brand-exact,false
L003010,2025-08-31 16:00:00,Margit,Whitfield,margit.whitfield@harborview.com,harborview.com,Paid Search - Brand,brand-exact,false
L003011,2025-08-16 08:30:00,Siobhan,Petrov,siobhan.petrov@granitepeak.com,granitepeak.com,Paid Search - Brand,brand-exact,true
L003012,2025-08-04 14:00:00,Tomas,Mulvaney,tomas.mulvaney@marlowe.com,marlowe.com,Paid Search - Brand,brand-phrase,false
L003013,2025-08-18 20:00:00,Grace,Lindqvist,grace.lindqvist@ridgeline.com,ridgeline.com,Paid Search - Brand,brand-exact,false
L003014,2025-08-04 12:15:00,Grace,Byrne,grace.byrne@ironwood.com,ironwood.com,Paid Search - Brand,brand-exact,false
L003015,2025-08-12 15:45:00,Adeola,Okonkwo,adeola.okonkwo@oakhurst.com,oakhurst.com,Paid Search - Brand,brand-exact,false
L003016,2025-08-15 13:00:00,Jonas,Nwosu,jonas.nwosu@ridgeline.com,ridgeline.com,Paid Search - Brand,brand-exact,false
L003017,2025-08-15 14:30:00,Marcus,Novak,marcus.novak@quarry.com,quarry.com,Paid Search - Brand,brand-phrase,false
L003018,2025-08-16 20:00:00,Tomas,Almeida,tomas.almeida@juniper.com,juniper.com,Paid Search - Brand,brand-phrase,false
L003019,2025-08-20 18:00:00,Elodie,Demir,elodie.demir@saltmarsh.com,saltmarsh.com,Paid Search - Brand,brand-exact,false
L003020,2025-08-18 20:15:00,Alicia,Bahri,alicia.bahri@ridgeline.com,ridgeline.com,Paid Search - Brand,brand-phrase,false
L003021,2025-08-09 08:30:00,Adeola,Iyer,adeola.iyer@marlowe.com,marlowe.com,Paid Search - Brand,brand-exact,false
L003022,2025-08-13 08:00:00,Arun,Doyle,arun.doyle@ember.com,ember.com,Paid Search - Brand,brand-phrase,false
L003023,2025-08-13 16:45:00,Marcus,Kavanagh,marcus.kavanagh@quarry.com,quarry.com,Paid Search - Brand,brand-exact,false
L003024,2025-08-13 14:30:00,Priya,Mulvaney,priya.mulvaney@copperline.com,copperline.com,Paid Search - Brand,brand-exact,false
L003025,2025-08-10 15:45:00,Lena,Novak,lena.novak@quillon.com,quillon.com,Paid Search - Brand,brand-phrase,false
L003026,2025-08-03 16:00:00,Beatriz,Petrov,beatriz.petrov@cascade.com,cascade.com,Paid Search - Brand,brand-phrase,false
L003027,2025-08-11 19:15:00,Lena,Iyer,lena.iyer@pinnacle.com,pinnacle.com,Paid Search - Brand,brand-phrase,false
L003028,2025-08-30 17:15:00,Renata,Vieira,renata.vieira@thornbury.com,thornbury.com,Paid Search - Brand,brand-phrase,false
L003029,2025-08-23 17:45:00,Darius,Moreau,darius.moreau@ferrous.com,ferrous.com,Paid Search - Brand,brand-phrase,true
L003030,2025-08-19 15:45:00,Malik,Whitfield,malik.whitfield@dovetail.com,dovetail.com,Paid Search - Brand,brand-phrase,false
L003031,2025-08-19 11:45:00,Tomas,Horvat,tomas.horvat@halcyon.com,halcyon.com,Paid Search - Brand,brand-phrase,false
L003032,2025-08-05 07:15:00,Margit,Petrov,margit.petrov@marlowe.com,marlowe.com,Paid Search - Brand,brand-phrase,false
L003033,2025-08-07 08:00:00,Marcus,Kavanagh,marcus.kavanagh@dovetail.com,dovetail.com,Paid Search - Brand,brand-phrase,false
L003034,2025-08-27 13:15:00,Cormac,Vieira,cormac.vieira@arclight.com,arclight.com,Paid Search - Brand,brand-exact,false
L003035,2025-08-09 09:30:00,Tomas,Vieira,tomas.vieira@dovetail.com,dovetail.com,Paid Search - Brand,brand-phrase,false
L003036,2025-08-05 15:15:00,Margit,Bergstrom,margit.bergstrom@redwood.com,redwood.com,Paid Search - Brand,brand-phrase,false
L003037,2025-08-10 09:00:00,Alicia,Petrov,alicia.petrov@foxglove.com,foxglove.com,Paid Search - Brand,brand-phrase,false
L003038,2025-08-27 14:15:00,Elodie,Okonkwo,elodie.okonkwo@solvent.com,solvent.com,Paid Search - Brand,brand-exact,false
L003039,2025-08-26 11:15:00,Arun,Farrell,arun.farrell@arclight.com,arclight.com,Paid Search - Brand,brand-exact,false
L003040,2025-08-02 20:30:00,Tomas,Bergstrom,tomas.bergstrom@juniper.com,juniper.com,Paid Search - Brand,brand-phrase,true
L003041,2025-08-10 17:00:00,Peter,Demir,peter.demir@saltmarsh.com,saltmarsh.com,Paid Search - Brand,brand-exact,false
L003042,2025-08-18 13:00:00,Yusuf,Farrell,yusuf.farrell@brightpath.com,brightpath.com,Paid Search - Brand,brand-exact,false
L003043,2025-08-08 10:45:00,Ingrid,Lindqvist,ingrid.lindqvist@marlowe.com,marlowe.com,Paid Search - Brand,brand-exact,false
L003044,2025-08-16 11:30:00,Callum,Horvat,callum.horvat@juniper.com,juniper.com,Paid Search - Brand,brand-exact,false
L003045,2025-08-09 09:15:00,Ivo,Watanabe,ivo.watanabe@thornbury.com,thornbury.com,Paid Search - Brand,brand-phrase,false
L003046,2025-08-03 09:15:00,Callum,Nwosu,callum.nwosu@solvent.com,solvent.com,Paid Search - Brand,brand-phrase,false
L003047,2025-08-19 08:15:00,Malik,Novak,malik.novak@ferrous.com,ferrous.com,Paid Search - Brand,brand-phrase,false
L003048,2025-08-05 13:15:00,Yusuf,Aaltonen,yusuf.aaltonen@dovetail.com,dovetail.com,Paid Search - Brand,brand-exact,true
L003049,2025-08-30 19:15:00,Omar,Pires,omar.pires@redwood.com,redwood.com,Paid Search - Brand,brand-phrase,false
L003050,2025-08-26 08:00:00,Cormac,Mulvaney,cormac.mulvaney@pinnacle.com,pinnacle.com,Paid Search - Brand,brand-phrase,false
L003051,2025-08-10 10:00:00,Siobhan,Bahri,siobhan.bahri@ironwood.com,ironwood.com,Paid Search - Brand,brand-phrase,false
L003052,2025-08-21 11:15:00,Arun,Raghunathan,arun.raghunathan@marlowe.com,marlowe.com,Paid Search - Brand,brand-exact,false
L003053,2025-08-10 07:30:00,Ivo,Byrne,ivo.byrne@quillon.com,quillon.com,Paid Search - Brand,brand-phrase,false
L003054,2025-08-19 11:30:00,Arun,Whitfield,arun.whitfield@nimbus.com,nimbus.com,Paid Social - Meta,prospecting-lal,false
L003055,2025-08-21 16:15:00,Noor,Nwosu,noor.nwosu@kestrel.com,kestrel.com,Paid Social - Meta,lead-form-broad,false
L003056,2025-08-11 15:45:00,Grace,Horvat,grace.horvat@lumen.com,lumen.com,Paid Social - Meta,mofu-retarget,false
L003057,2025-08-24 17:30:00,Darius,Watanabe,darius.watanabe@arclight.com,arclight.com,Paid Social - Meta,lead-form-broad,false
L003058,2025-08-31 14:00:00,Malik,Szabo,malik.szabo@granitepeak.com,granitepeak.com,Paid Social - Meta,mofu-retarget,false
L003059,2025-08-04 12:30:00,Darius,Doyle,darius.doyle@tessellate.com,tessellate.com,Paid Social - Meta,prospecting-lal,false
L003060,2025-08-05 10:45:00,Noor,Horvat,noor.horvat@oakhurst.com,oakhurst.com,Paid Social - Meta,prospecting-lal,false
L003061,2025-08-29 07:00:00,Hollis,Byrne,hollis.byrne@juniper.com,juniper.com,Paid Social - Meta,mofu-retarget,false
L003062,2025-08-25 15:15:00,Adeola,Haddad,adeola.haddad@ironwood.com,ironwood.com,Paid Social - Meta,prospecting-lal,false
L003063,2025-08-25 07:15:00,Alicia,Whitfield,alicia.whitfield@foxglove.com,foxglove.com,Paid Social - Meta,prospecting-lal,false
L003064,2025-08-29 11:15:00,Adeola,Moreau,adeola.moreau@ironwood.com,ironwood.com,Paid Social - Meta,lead-form-broad,false
L003065,2025-08-26 17:30:00,Peter,Raghunathan,peter.raghunathan@foxglove.com,foxglove.com,Paid Social - Meta,lead-form-broad,false
L003066,2025-08-24 11:15:00,Mei,Farrell,mei.farrell@cascade.com,cascade.com,Paid Social - Meta,prospecting-lal,false
L003067,2025-08-08 19:15:00,Yusuf,Bahri,yusuf.bahri@quillon.com,quillon.com,Paid Social - Meta,lead-form-broad,true
L003068,2025-08-10 10:45:00,Ivo,Ferreira,ivo.ferreira@thornbury.com,thornbury.com,Paid Social - Meta,lead-form-broad,false
L003069,2025-08-01 16:00:00,Alicia,Szabo,alicia.szabo@redwood.com,redwood.com,Paid Social - Meta,mofu-retarget,false
L003070,2025-08-17 07:30:00,Yusuf,Castellanos,yusuf.castellanos@thornbury.com,thornbury.com,Paid Social - Meta,mofu-retarget,false
L003071,2025-08-09 20:00:00,Marcus,Bergstrom,marcus.bergstrom@marlowe.com,marlowe.com,Paid Social - Meta,mofu-retarget,false
L003072,2025-08-23 16:30:00,Estelle,Watanabe,estelle.watanabe@ironwood.com,ironwood.com,Paid Social - Meta,mofu-retarget,false
L003073,2025-08-03 15:45:00,Grace,Szabo,grace.szabo@tessellate.com,tessellate.com,Paid Social - Meta,mofu-retarget,false
L003074,2025-08-20 14:30:00,Peter,Szabo,peter.szabo@nimbus.com,nimbus.com,Paid Social - Meta,mofu-retarget,false
L003075,2025-08-01 20:15:00,Alicia,Raghunathan,alicia.raghunathan@redwood.com,redwood.com,Paid Social - Meta,mofu-retarget,false
L003076,2025-08-04 19:30:00,Kenji,Kavanagh,kenji.kavanagh@nimbus.com,nimbus.com,Paid Social - Meta,prospecting-lal,false
L003077,2025-08-18 14:15:00,Alicia,Byrne,alicia.byrne@arclight.com,arclight.com,Paid Social - Meta,prospecting-lal,false
L003078,2025-08-22 07:45:00,Lena,Vieira,lena.vieira@juniper.com,juniper.com,Paid Social - Meta,lead-form-broad,false
L003079,2025-08-20 12:15:00,Alicia,Vieira,alicia.vieira@nimbus.com,nimbus.com,Paid Social - Meta,prospecting-lal,false
L003080,2025-08-03 20:45:00,Margit,Whitfield,margit.whitfield@northwind.com,northwind.com,Paid Social - Meta,prospecting-lal,false
L003081,2025-08-04 15:45:00,Omar,Mulvaney,omar.mulvaney@juniper.com,juniper.com,Paid Social - Meta,lead-form-broad,false
L003082,2025-08-16 10:30:00,Priya,Kavanagh,priya.kavanagh@halcyon.com,halcyon.com,Paid Social - Meta,lead-form-broad,false
L003083,2025-08-25 17:15:00,Ivo,Farrell,ivo.farrell@quillon.com,quillon.com,Paid Social - Meta,lead-form-broad,false
L003084,2025-08-23 16:30:00,Arun,Lindqvist,arun.lindqvist@granitepeak.com,granitepeak.com,Paid Social - Meta,lead-form-broad,false
L003085,2025-08-23 14:15:00,Jonas,Whitfield,jonas.whitfield@kestrel.com,kestrel.com,Paid Social - Meta,prospecting-lal,false
L003086,2025-08-09 18:30:00,Elodie,Doyle,elodie.doyle@redwood.com,redwood.com,Paid Social - Meta,mofu-retarget,false
L003087,2025-08-13 07:15:00,Callum,Doyle,callum.doyle@juniper.com,juniper.com,Paid Social - Meta,mofu-retarget,false
L003088,2025-08-19 13:15:00,Darius,Novak,darius.novak@brightpath.com,brightpath.com,Paid Social - Meta,prospecting-lal,false
L003089,2025-08-29 08:45:00,Margit,Iyer,margit.iyer@thornbury.com,thornbury.com,Paid Social - Meta,mofu-retarget,false
L003090,2025-08-17 10:00:00,Rafael,Kavanagh,rafael.kavanagh@anvil.com,anvil.com,Paid Social - Meta,mofu-retarget,false
L003091,2025-08-03 17:00:00,Anaya,Horvat,anaya.horvat@lumen.com,lumen.com,Paid Social - Meta,prospecting-lal,false
L003092,2025-08-15 10:15:00,Adeola,Byrne,adeola.byrne@ridgeline.com,ridgeline.com,Paid Social - Meta,prospecting-lal,false
L003093,2025-08-16 20:30:00,Malik,Horvat,malik.horvat@dovetail.com,dovetail.com,Paid Social - Meta,mofu-retarget,false
L003094,2025-08-17 11:00:00,Elodie,Petrov,elodie.petrov@quillon.com,quillon.com,Paid Social - Meta,prospecting-lal,false
L003095,2025-08-02 16:30:00,Renata,Haddad,renata.haddad@solvent.com,solvent.com,Paid Social - Meta,lead-form-broad,false
L003096,2025-08-08 10:00:00,Beatriz,Novak,beatriz.novak@oakhurst.com,oakhurst.com,Paid Social - Meta,prospecting-lal,false
L003097,2025-08-05 14:30:00,Ingrid,Raghunathan,ingrid.raghunathan@nimbus.com,nimbus.com,Paid Social - Meta,lead-form-broad,false
L003098,2025-08-03 18:30:00,Lena,Grant,lena.grant@solvent.com,solvent.com,Paid Social - Meta,prospecting-lal,false
L003099,2025-08-14 11:30:00,Beatriz,Horvat,beatriz.horvat@granitepeak.com,granitepeak.com,Paid Social - Meta,prospecting-lal,false
L003100,2025-08-04 19:15:00,Elodie,Moreau,elodie.moreau@copperline.com,copperline.com,Paid Social - Meta,mofu-retarget,false
L003101,2025-08-11 19:30:00,Alicia,Bergstrom,alicia.bergstrom@arclight.com,arclight.com,Paid Social - Meta,lead-form-broad,false
L003102,2025-08-16 09:15:00,Callum,Krishnan,callum.krishnan@quarry.com,quarry.com,Paid Social - Meta,mofu-retarget,false
L003103,2025-08-31 14:45:00,Marcus,Watanabe,marcus.watanabe@foxglove.com,foxglove.com,Paid Social - Meta,mofu-retarget,false
L003104,2025-08-10 17:45:00,Rafael,Byrne,rafael.byrne@solvent.com,solvent.com,Paid Social - Meta,mofu-retarget,false
L003105,2025-08-21 14:00:00,Alicia,Aaltonen,alicia.aaltonen@kestrel.com,kestrel.com,Paid Social - Meta,mofu-retarget,false
L003106,2025-08-04 14:45:00,Adeola,Iyer,adeola.iyer@cascade.com,cascade.com,Paid Social - Meta,prospecting-lal,false
L003107,2025-08-03 18:45:00,Darius,Aaltonen,darius.aaltonen@meridian.com,meridian.com,Paid Social - Meta,prospecting-lal,false
L003108,2025-08-28 07:00:00,Jonas,Pires,jonas.pires@tessellate.com,tessellate.com,Paid Social - Meta,lead-form-broad,false
L003109,2025-08-14 19:15:00,Rafael,Ferreira,rafael.ferreira@granitepeak.com,granitepeak.com,Paid Social - Meta,prospecting-lal,false
L003110,2025-08-08 14:00:00,Mei,Szabo,mei.szabo@oakhurst.com,oakhurst.com,Paid Social - Meta,lead-form-broad,false
L003111,2025-08-24 15:45:00,Alicia,Byrne,alicia.byrne@arclight.com,arclight.com,Paid Social - Meta,prospecting-lal,false
L003112,2025-08-16 12:30:00,Ivo,Bergstrom,ivo.bergstrom@redwood.com,redwood.com,Paid Social - Meta,mofu-retarget,false
L003113,2025-08-20 07:00:00,Adeola,Kavanagh,adeola.kavanagh@granitepeak.com,granitepeak.com,Paid Social - Meta,mofu-retarget,false
L003114,2025-08-11 12:15:00,Arun,Lindqvist,arun.lindqvist@kestrel.com,kestrel.com,Paid Social - Meta,mofu-retarget,false
L003115,2025-08-12 19:45:00,Margit,Grant,margit.grant@ember.com,ember.com,Paid Social - Meta,prospecting-lal,false
L003116,2025-08-09 12:30:00,Yusuf,Almeida,yusuf.almeida@thornbury.com,thornbury.com,Paid Social - Meta,lead-form-broad,false
L003117,2025-08-12 12:00:00,Renata,Doyle,renata.doyle@solvent.com,solvent.com,Paid Social - Meta,lead-form-broad,false
L003118,2025-08-14 09:00:00,Renata,Szabo,renata.szabo@ironwood.com,ironwood.com,Paid Social - Meta,lead-form-broad,false
L003119,2025-08-09 17:30:00,Ivo,Bahri,ivo.bahri@foxglove.com,foxglove.com,Paid Social - Meta,prospecting-lal,false
L003120,2025-08-25 07:30:00,Grace,Aaltonen,grace.aaltonen@northwind.com,northwind.com,Paid Social - Meta,mofu-retarget,false
L003121,2025-08-03 19:45:00,Peter,Raghunathan,peter.raghunathan@oakhurst.com,oakhurst.com,Paid Social - Meta,prospecting-lal,false
L003122,2025-08-19 18:00:00,Elodie,Krishnan,elodie.krishnan@ember.com,ember.com,Paid Social - Meta,prospecting-lal,false
L003123,2025-08-13 11:45:00,Cormac,Okonkwo,cormac.okonkwo@marlowe.com,marlowe.com,Paid Social - Meta,lead-form-broad,false
L003124,2025-08-10 12:45:00,Renata,Krishnan,renata.krishnan@ferrous.com,ferrous.com,Paid Social - Meta,prospecting-lal,false
L003125,2025-08-28 13:30:00,Ivo,Demir,ivo.demir@kestrel.com,kestrel.com,Paid Social - Meta,mofu-retarget,false
L003126,2025-08-09 19:45:00,Tomas,Raghunathan,tomas.raghunathan@nimbus.com,nimbus.com,Paid Social - Meta,prospecting-lal,false
L003127,2025-08-04 11:00:00,Hollis,Krishnan,hollis.krishnan@harborview.com,harborview.com,Paid Social - Meta,lead-form-broad,false
L003128,2025-08-29 16:00:00,Lena,Vieira,lena.vieira@thornbury.com,thornbury.com,Paid Social - Meta,lead-form-broad,false
L003129,2025-08-13 07:15:00,Beatriz,Petrov,beatriz.petrov@ridgeline.com,ridgeline.com,Paid Social - Meta,lead-form-broad,false
L003130,2025-08-03 10:45:00,Elodie,Krishnan,elodie.krishnan@thornbury.com,thornbury.com,Paid Social - Meta,lead-form-broad,false
L003131,2025-08-16 13:30:00,Renata,Raghunathan,renata.raghunathan@cascade.com,cascade.com,Paid Social - Meta,prospecting-lal,false
L003132,2025-08-30 07:00:00,Adeola,Bahri,adeola.bahri@anvil.com,anvil.com,Paid Social - Meta,mofu-retarget,false
L003133,2025-08-17 11:15:00,Alicia,Zhang,alicia.zhang@copperline.com,copperline.com,Paid Social - Meta,lead-form-broad,false
L003134,2025-08-12 19:30:00,Estelle,Novak,estelle.novak@solvent.com,solvent.com,Paid Social - Meta,prospecting-lal,false
L003135,2025-08-05 09:15:00,Anaya,Ferreira,anaya.ferreira@thornbury.com,thornbury.com,Paid Social - Meta,mofu-retarget,true
L003136,2025-08-10 10:45:00,Rafael,Pires,rafael.pires@quillon.com,quillon.com,Paid Social - Meta,prospecting-lal,false
L003137,2025-08-07 13:15:00,Tomas,Mulvaney,tomas.mulvaney@lumen.com,lumen.com,Paid Social - Meta,mofu-retarget,false
L003138,2025-08-23 10:15:00,Beatriz,Almeida,beatriz.almeida@juniper.com,juniper.com,Paid Social - Meta,prospecting-lal,false
L003139,2025-08-13 09:15:00,Anaya,Castellanos,anaya.castellanos@kestrel.com,kestrel.com,Paid Social - Meta,prospecting-lal,false
L003140,2025-08-15 13:45:00,Estelle,Whitfield,estelle.whitfield@meridian.com,meridian.com,Paid Social - Meta,prospecting-lal,false
L003141,2025-08-19 08:15:00,Kenji,Ferreira,kenji.ferreira@copperline.com,copperline.com,Paid Social - Meta,lead-form-broad,false
L003142,2025-08-01 10:30:00,Elodie,Mulvaney,elodie.mulvaney@ridgeline.com,ridgeline.com,Paid Social - Meta,mofu-retarget,false
L003143,2025-08-04 14:15:00,Cormac,Grant,cormac.grant@granitepeak.com,granitepeak.com,Paid Social - Meta,lead-form-broad,false
L003144,2025-08-11 19:15:00,Rafael,Okonkwo,rafael.okonkwo@lumen.com,lumen.com,Paid Social - Meta,prospecting-lal,false
L003145,2025-08-19 08:30:00,Lena,Almeida,lena.almeida@halcyon.com,halcyon.com,Paid Social - Meta,mofu-retarget,false
L003146,2025-08-25 09:00:00,Kenji,Mulvaney,kenji.mulvaney@nimbus.com,nimbus.com,Paid Social - Meta,mofu-retarget,false
L003147,2025-08-26 12:45:00,Jonas,Novak,jonas.novak@marlowe.com,marlowe.com,Paid Social - Meta,prospecting-lal,false
L003148,2025-08-24 10:15:00,Grace,Bergstrom,grace.bergstrom@brightpath.com,brightpath.com,Paid Social - Meta,mofu-retarget,false
L003149,2025-08-10 11:45:00,Alicia,Raghunathan,alicia.raghunathan@kestrel.com,kestrel.com,Paid Social - Meta,mofu-retarget,false
L003150,2025-08-22 07:30:00,Ivo,Byrne,ivo.byrne@cascade.com,cascade.com,Paid Social - Meta,prospecting-lal,false
L003151,2025-08-06 16:00:00,Jonas,Haddad,jonas.haddad@oakhurst.com,oakhurst.com,Paid Social - Meta,prospecting-lal,false
L003152,2025-08-26 16:00:00,Renata,Szabo,renata.szabo@kestrel.com,kestrel.com,Paid Social - Meta,prospecting-lal,false
L003153,2025-08-22 20:15:00,Peter,Byrne,peter.byrne@quillon.com,quillon.com,Paid Social - Meta,mofu-retarget,false
L003154,2025-08-21 07:15:00,Siobhan,Novak,siobhan.novak@pinnacle.com,pinnacle.com,Paid Social - Meta,prospecting-lal,false
L003155,2025-08-31 09:30:00,Yusuf,Iyer,yusuf.iyer@pinnacle.com,pinnacle.com,Paid Social - Meta,prospecting-lal,false
L003156,2025-08-28 12:15:00,Rafael,Almeida,rafael.almeida@foxglove.com,foxglove.com,Paid Social - Meta,lead-form-broad,false
L003157,2025-08-17 20:00:00,Noor,Zhang,noor.zhang@cascade.com,cascade.com,Paid Social - Meta,lead-form-broad,false
L003158,2025-08-19 13:45:00,Peter,Kavanagh,peter.kavanagh@lumen.com,lumen.com,Paid Social - Meta,mofu-retarget,false
L003159,2025-08-21 20:00:00,Tomas,Kavanagh,tomas.kavanagh@ferrous.com,ferrous.com,Paid Social - Meta,mofu-retarget,false
L003160,2025-08-17 10:15:00,Alicia,Iyer,alicia.iyer@harborview.com,harborview.com,Paid Social - Meta,lead-form-broad,false
L003161,2025-08-19 14:45:00,Arun,Farrell,arun.farrell@ridgeline.com,ridgeline.com,Paid Social - Meta,lead-form-broad,false
L003162,2025-08-03 17:00:00,Yusuf,Mulvaney,yusuf.mulvaney@ember.com,ember.com,Paid Social - Meta,prospecting-lal,false
L003163,2025-08-29 11:15:00,Ingrid,Novak,ingrid.novak@granitepeak.com,granitepeak.com,Paid Social - Meta,lead-form-broad,false
L003164,2025-08-19 12:00:00,Malik,Mulvaney,malik.mulvaney@kestrel.com,kestrel.com,Paid Social - Meta,lead-form-broad,false
L003165,2025-08-24 07:30:00,Arun,Vieira,arun.vieira@thornbury.com,thornbury.com,Paid Social - Meta,lead-form-broad,false
L003166,2025-08-05 19:15:00,Tomas,Vieira,tomas.vieira@ferrous.com,ferrous.com,Paid Social - Meta,mofu-retarget,false
L003167,2025-08-03 13:15:00,Grace,Mulvaney,grace.mulvaney@meridian.com,meridian.com,Paid Social - Meta,lead-form-broad,false
L003168,2025-08-19 19:00:00,Siobhan,Demir,siobhan.demir@brightpath.com,brightpath.com,Paid Social - Meta,mofu-retarget,false
L003169,2025-08-07 14:15:00,Siobhan,Raghunathan,siobhan.raghunathan@redwood.com,redwood.com,Paid Social - Meta,lead-form-broad,false
L003170,2025-08-02 07:45:00,Beatriz,Haddad,beatriz.haddad@quarry.com,quarry.com,Paid Social - Meta,prospecting-lal,false
L003171,2025-08-13 20:45:00,Noor,Mulvaney,noor.mulvaney@foxglove.com,foxglove.com,Paid Social - Meta,lead-form-broad,false
L003172,2025-08-08 20:45:00,Malik,Zhang,malik.zhang@dovetail.com,dovetail.com,Paid Social - Meta,prospecting-lal,false
L003173,2025-08-31 17:15:00,Jonas,Watanabe,jonas.watanabe@ferrous.com,ferrous.com,Paid Social - Meta,lead-form-broad,false
L003174,2025-08-22 19:45:00,Anaya,Horvat,anaya.horvat@pinnacle.com,pinnacle.com,Paid Social - Meta,lead-form-broad,false
L003175,2025-08-08 16:15:00,Marcus,Haddad,marcus.haddad@ridgeline.com,ridgeline.com,Paid Social - Meta,lead-form-broad,false
L003176,2025-08-07 18:30:00,Alicia,Bahri,alicia.bahri@thornbury.com,thornbury.com,Paid Social - Meta,prospecting-lal,false
L003177,2025-08-03 13:00:00,Tomas,Horvat,tomas.horvat@quillon.com,quillon.com,Paid Social - Meta,prospecting-lal,false
L003178,2025-08-26 16:30:00,Beatriz,Nwosu,beatriz.nwosu@tessellate.com,tessellate.com,Paid Social - Meta,lead-form-broad,false
L003179,2025-08-13 20:30:00,Yusuf,Aaltonen,yusuf.aaltonen@foxglove.com,foxglove.com,Paid Social - Meta,mofu-retarget,false
L003180,2025-08-11 11:30:00,Arun,Farrell,arun.farrell@juniper.com,juniper.com,Paid Social - Meta,mofu-retarget,false
L003181,2025-08-22 09:45:00,Arun,Ferreira,arun.ferreira@quarry.com,quarry.com,Paid Social - Meta,mofu-retarget,false
L003182,2025-08-11 17:45:00,Anaya,Doyle,anaya.doyle@harborview.com,harborview.com,Paid Social - Meta,prospecting-lal,false
L003183,2025-08-17 13:30:00,Lena,Raghunathan,lena.raghunathan@ember.com,ember.com,Paid Social - Meta,mofu-retarget,false
L003184,2025-08-29 20:15:00,Rafael,Bahri,rafael.bahri@cascade.com,cascade.com,Paid Social - Meta,mofu-retarget,false
L003185,2025-08-08 19:00:00,Adeola,Novak,adeola.novak@lumen.com,lumen.com,Paid Social - Meta,prospecting-lal,false
L003186,2025-08-03 13:30:00,Elodie,Farrell,elodie.farrell@arclight.com,arclight.com,Paid Social - Meta,prospecting-lal,false
L003187,2025-08-19 18:00:00,Arun,Nwosu,arun.nwosu@granitepeak.com,granitepeak.com,Paid Social - Meta,lead-form-broad,false
L003188,2025-08-05 15:15:00,Grace,Whitfield,grace.whitfield@quillon.com,quillon.com,Paid Social - Meta,prospecting-lal,false
L003189,2025-08-07 16:30:00,Arun,Krishnan,arun.krishnan@ironwood.com,ironwood.com,Paid Social - Meta,lead-form-broad,false
L003190,2025-08-01 07:30:00,Ingrid,Mulvaney,ingrid.mulvaney@nimbus.com,nimbus.com,Paid Social - Meta,lead-form-broad,false
L003191,2025-08-09 18:00:00,Ivo,Horvat,ivo.horvat@quillon.com,quillon.com,Paid Social - Meta,lead-form-broad,false
L003192,2025-08-11 09:30:00,Tomas,Moreau,tomas.moreau@dovetail.com,dovetail.com,Paid Social - Meta,prospecting-lal,false
L003193,2025-08-17 16:30:00,Kenji,Pires,kenji.pires@tessellate.com,tessellate.com,Paid Social - Meta,lead-form-broad,false
L003194,2025-08-13 18:15:00,Noor,Mulvaney,noor.mulvaney@ember.com,ember.com,Paid Social - Meta,lead-form-broad,false
L003195,2025-08-05 20:00:00,Kenji,Moreau,kenji.moreau@quarry.com,quarry.com,Paid Social - Meta,mofu-retarget,false
L003196,2025-08-17 07:00:00,Ivo,Nwosu,ivo.nwosu@harborview.com,harborview.com,Paid Social - Meta,mofu-retarget,false
L003197,2025-08-09 12:00:00,Darius,Whitfield,darius.whitfield@tessellate.com,tessellate.com,Paid Social - Meta,lead-form-broad,false
L003198,2025-08-06 14:30:00,Callum,Aaltonen,callum.aaltonen@brightpath.com,brightpath.com,Paid Social - Meta,prospecting-lal,false
L003199,2025-08-21 12:30:00,Renata,Ferreira,renata.ferreira@harborview.com,harborview.com,Paid Social - Meta,mofu-retarget,false
L003200,2025-08-07 10:15:00,Tomas,Byrne,tomas.byrne@lumen.com,lumen.com,Paid Social - Meta,lead-form-broad,false
L003201,2025-08-19 13:15:00,Grace,Okonkwo,grace.okonkwo@foxglove.com,foxglove.com,Paid Social - Meta,prospecting-lal,false
L003202,2025-08-30 10:30:00,Hollis,Kavanagh,hollis.kavanagh@halcyon.com,halcyon.com,Paid Social - Meta,prospecting-lal,false
L003203,2025-08-01 13:00:00,Peter,Krishnan,peter.krishnan@cascade.com,cascade.com,Paid Social - Meta,lead-form-broad,false
L003204,2025-08-14 11:15:00,Rafael,Mulvaney,rafael.mulvaney@harborview.com,harborview.com,Paid Social - Meta,prospecting-lal,false
L003205,2025-08-28 13:15:00,Tomas,Zhang,tomas.zhang@dovetail.com,dovetail.com,Paid Social - Meta,mofu-retarget,false
L003206,2025-08-29 17:15:00,Callum,Kavanagh,callum.kavanagh@oakhurst.com,oakhurst.com,Paid Social - Meta,prospecting-lal,false
L003207,2025-08-25 16:45:00,Marcus,Grant,marcus.grant@oakhurst.com,oakhurst.com,Paid Social - Meta,mofu-retarget,false
L003208,2025-08-15 17:15:00,Siobhan,Castellanos,siobhan.castellanos@solvent.com,solvent.com,Paid Social - Meta,mofu-retarget,false
L003209,2025-08-25 08:45:00,Hollis,Kavanagh,hollis.kavanagh@cascade.com,cascade.com,Paid Social - Meta,lead-form-broad,false
L003210,2025-08-09 11:30:00,Callum,Kavanagh,callum.kavanagh@nimbus.com,nimbus.com,Paid Social - Meta,prospecting-lal,false
L003211,2025-08-29 16:30:00,Margit,Byrne,margit.byrne@cascade.com,cascade.com,Paid Social - Meta,prospecting-lal,false
L003212,2025-08-01 10:00:00,Siobhan,Zhang,siobhan.zhang@oakhurst.com,oakhurst.com,Paid Social - Meta,mofu-retarget,false
L003213,2025-08-23 14:45:00,Anaya,Bahri,anaya.bahri@ferrous.com,ferrous.com,Paid Social - Meta,lead-form-broad,false
L003214,2025-08-21 07:15:00,Beatriz,Okonkwo,beatriz.okonkwo@ironwood.com,ironwood.com,Paid Social - Meta,prospecting-lal,false
L003215,2025-08-24 08:15:00,Malik,Lindqvist,malik.lindqvist@meridian.com,meridian.com,Paid Social - Meta,prospecting-lal,false
L003216,2025-08-11 15:30:00,Arun,Raghunathan,arun.raghunathan@nimbus.com,nimbus.com,Paid Social - Meta,lead-form-broad,false
L003217,2025-08-23 11:00:00,Ivo,Mulvaney,ivo.mulvaney@harborview.com,harborview.com,Paid Social - Meta,lead-form-broad,false
L003218,2025-08-11 11:15:00,Noor,Petrov,noor.petrov@granitepeak.com,granitepeak.com,Paid Social - Meta,lead-form-broad,false
L003219,2025-08-16 17:15:00,Elodie,Demir,elodie.demir@copperline.com,copperline.com,Paid Social - Meta,prospecting-lal,false
L003220,2025-08-26 20:45:00,Mei,Castellanos,mei.castellanos@ember.com,ember.com,Paid Social - Meta,lead-form-broad,false
L003221,2025-08-30 18:15:00,Peter,Byrne,peter.byrne@ember.com,ember.com,Paid Social - Meta,prospecting-lal,false
L003222,2025-08-07 08:30:00,Mei,Castellanos,mei.castellanos@saltmarsh.com,saltmarsh.com,Paid Social - Meta,mofu-retarget,false
L003223,2025-08-14 13:15:00,Renata,Lindqvist,renata.lindqvist@northwind.com,northwind.com,Paid Social - Meta,mofu-retarget,false
L003224,2025-08-21 14:00:00,Kenji,Aaltonen,kenji.aaltonen@ember.com,ember.com,Paid Social - Meta,prospecting-lal,false
L003225,2025-08-27 11:15:00,Priya,Pires,priya.pires@thornbury.com,thornbury.com,Paid Social - Meta,lead-form-broad,false
L003226,2025-08-09 16:30:00,Elodie,Pires,elodie.pires@quarry.com,quarry.com,Paid Social - Meta,mofu-retarget,false
L003227,2025-08-28 19:15:00,Darius,Szabo,darius.szabo@northwind.com,northwind.com,Paid Social - Meta,mofu-retarget,false
L003228,2025-08-27 18:15:00,Adeola,Iyer,adeola.iyer@ironwood.com,ironwood.com,Paid Social - Meta,lead-form-broad,false
L003229,2025-08-01 17:15:00,Peter,Moreau,peter.moreau@northwind.com,northwind.com,Paid Social - Meta,mofu-retarget,false
L003230,2025-08-26 20:15:00,Noor,Szabo,noor.szabo@lumen.com,lumen.com,Paid Social - Meta,prospecting-lal,false
L003231,2025-08-23 13:30:00,Noor,Lindqvist,noor.lindqvist@marlowe.com,marlowe.com,Paid Social - Meta,lead-form-broad,false
L003232,2025-08-14 09:30:00,Elodie,Iyer,elodie.iyer@meridian.com,meridian.com,Paid Social - Meta,prospecting-lal,false
L003233,2025-08-07 12:00:00,Peter,Mulvaney,peter.mulvaney@ember.com,ember.com,Paid Social - Meta,lead-form-broad,false
L003234,2025-08-26 18:45:00,Anaya,Szabo,anaya.szabo@ember.com,ember.com,Paid Search - Non-Brand,category-terms,false
L003235,2025-08-27 12:45:00,Beatriz,Petrov,beatriz.petrov@marlowe.com,marlowe.com,Paid Search - Non-Brand,category-terms,false
L003236,2025-08-18 12:00:00,Alicia,Almeida,alicia.almeida@brightpath.com,brightpath.com,Paid Search - Non-Brand,competitor-terms,false
L003237,2025-08-12 12:45:00,Omar,Lindqvist,omar.lindqvist@harborview.com,harborview.com,Paid Search - Non-Brand,solution-terms,true
L003238,2025-08-22 18:15:00,Renata,Petrov,renata.petrov@quarry.com,quarry.com,Paid Search - Non-Brand,solution-terms,false
L003239,2025-08-21 09:45:00,Alicia,Doyle,alicia.doyle@dovetail.com,dovetail.com,Paid Search - Non-Brand,solution-terms,false
L003240,2025-08-18 20:15:00,Renata,Demir,renata.demir@ridgeline.com,ridgeline.com,Paid Search - Non-Brand,solution-terms,false
L003241,2025-08-16 17:30:00,Peter,Pires,peter.pires@foxglove.com,foxglove.com,Paid Search - Non-Brand,competitor-terms,false
L003242,2025-08-26 12:45:00,Marcus,Ferreira,marcus.ferreira@cascade.com,cascade.com,Paid Search - Non-Brand,solution-terms,false
L003243,2025-08-11 18:45:00,Tomas,Vieira,tomas.vieira@cascade.com,cascade.com,Paid Search - Non-Brand,solution-terms,false
L003244,2025-08-28 08:45:00,Arun,Zhang,arun.zhang@ridgeline.com,ridgeline.com,Paid Search - Non-Brand,solution-terms,false
L003245,2025-08-22 13:15:00,Hollis,Kavanagh,hollis.kavanagh@juniper.com,juniper.com,Paid Search - Non-Brand,solution-terms,false
L003246,2025-08-02 15:45:00,Hollis,Iyer,hollis.iyer@cascade.com,cascade.com,Paid Search - Non-Brand,category-terms,false
L003247,2025-08-27 14:15:00,Adeola,Mulvaney,adeola.mulvaney@ember.com,ember.com,Paid Search - Non-Brand,competitor-terms,false
L003248,2025-08-26 20:00:00,Alicia,Demir,alicia.demir@nimbus.com,nimbus.com,Paid Search - Non-Brand,competitor-terms,false
L003249,2025-08-24 07:45:00,Adeola,Moreau,adeola.moreau@oakhurst.com,oakhurst.com,Paid Search - Non-Brand,competitor-terms,false
L003250,2025-08-28 07:15:00,Renata,Farrell,renata.farrell@ironwood.com,ironwood.com,Paid Search - Non-Brand,solution-terms,false
L003251,2025-08-07 19:30:00,Rafael,Farrell,rafael.farrell@thornbury.com,thornbury.com,Paid Search - Non-Brand,solution-terms,false
L003252,2025-08-05 20:00:00,Priya,Haddad,priya.haddad@harborview.com,harborview.com,Paid Search - Non-Brand,category-terms,false
L003253,2025-08-26 10:30:00,Beatriz,Castellanos,beatriz.castellanos@juniper.com,juniper.com,Paid Search - Non-Brand,solution-terms,false
L003254,2025-08-19 14:15:00,Noor,Vieira,noor.vieira@anvil.com,anvil.com,Paid Search - Non-Brand,competitor-terms,false
L003255,2025-08-14 10:30:00,Marcus,Iyer,marcus.iyer@lumen.com,lumen.com,Paid Search - Non-Brand,solution-terms,false
L003256,2025-08-23 11:45:00,Beatriz,Byrne,beatriz.byrne@redwood.com,redwood.com,Paid Search - Non-Brand,solution-terms,false
L003257,2025-08-30 16:15:00,Cormac,Aaltonen,cormac.aaltonen@kestrel.com,kestrel.com,Paid Search - Non-Brand,solution-terms,false
L003258,2025-08-02 08:30:00,Tomas,Grant,tomas.grant@nimbus.com,nimbus.com,Paid Search - Non-Brand,solution-terms,false
L003259,2025-08-14 07:15:00,Margit,Haddad,margit.haddad@brightpath.com,brightpath.com,Paid Search - Non-Brand,solution-terms,false
L003260,2025-08-28 20:30:00,Grace,Almeida,grace.almeida@dovetail.com,dovetail.com,Paid Search - Non-Brand,solution-terms,false
L003261,2025-08-28 07:00:00,Tomas,Pires,tomas.pires@granitepeak.com,granitepeak.com,Paid Search - Non-Brand,competitor-terms,false
L003262,2025-08-03 10:15:00,Omar,Bahri,omar.bahri@quillon.com,quillon.com,Paid Search - Non-Brand,category-terms,true
L003263,2025-08-23 19:00:00,Rafael,Iyer,rafael.iyer@meridian.com,meridian.com,Paid Search - Non-Brand,category-terms,false
L003264,2025-08-25 10:45:00,Arun,Kavanagh,arun.kavanagh@dovetail.com,dovetail.com,Paid Search - Non-Brand,competitor-terms,false
L003265,2025-08-20 13:30:00,Alicia,Okonkwo,alicia.okonkwo@kestrel.com,kestrel.com,Paid Search - Non-Brand,competitor-terms,false
L003266,2025-08-02 13:15:00,Mei,Castellanos,mei.castellanos@ridgeline.com,ridgeline.com,Paid Search - Non-Brand,category-terms,false
L003267,2025-08-22 11:45:00,Darius,Watanabe,darius.watanabe@solvent.com,solvent.com,Paid Search - Non-Brand,category-terms,false
L003268,2025-08-03 13:15:00,Noor,Kavanagh,noor.kavanagh@quillon.com,quillon.com,Paid Search - Non-Brand,competitor-terms,false
L003269,2025-08-18 08:45:00,Callum,Doyle,callum.doyle@northwind.com,northwind.com,Paid Search - Non-Brand,competitor-terms,false
L003270,2025-08-09 13:00:00,Cormac,Kavanagh,cormac.kavanagh@quillon.com,quillon.com,Paid Search - Non-Brand,solution-terms,false
L003271,2025-08-03 13:15:00,Ivo,Haddad,ivo.haddad@cascade.com,cascade.com,Paid Search - Non-Brand,category-terms,false
L003272,2025-08-12 07:30:00,Adeola,Byrne,adeola.byrne@granitepeak.com,granitepeak.com,Paid Search - Non-Brand,category-terms,false
L003273,2025-08-03 20:45:00,Darius,Castellanos,darius.castellanos@thornbury.com,thornbury.com,Paid Search - Non-Brand,competitor-terms,true
L003274,2025-08-06 12:15:00,Lena,Petrov,lena.petrov@brightpath.com,brightpath.com,Paid Search - Non-Brand,solution-terms,false
L003275,2025-08-28 08:15:00,Peter,Doyle,peter.doyle@solvent.com,solvent.com,Paid Search - Non-Brand,category-terms,false
L003276,2025-08-06 10:15:00,Yusuf,Demir,yusuf.demir@solvent.com,solvent.com,Paid Search - Non-Brand,solution-terms,false
L003277,2025-08-18 18:15:00,Grace,Krishnan,grace.krishnan@quarry.com,quarry.com,Paid Search - Non-Brand,solution-terms,false
L003278,2025-08-20 18:45:00,Margit,Zhang,margit.zhang@redwood.com,redwood.com,Paid Search - Non-Brand,category-terms,false
L003279,2025-08-15 17:15:00,Estelle,Kavanagh,estelle.kavanagh@meridian.com,meridian.com,Paid Search - Non-Brand,solution-terms,false
L003280,2025-08-09 18:15:00,Ivo,Horvat,ivo.horvat@oakhurst.com,oakhurst.com,Paid Search - Non-Brand,solution-terms,false
L003281,2025-08-03 12:00:00,Marcus,Whitfield,marcus.whitfield@arclight.com,arclight.com,Paid Search - Non-Brand,solution-terms,false
L003282,2025-08-14 20:45:00,Malik,Lindqvist,malik.lindqvist@juniper.com,juniper.com,Paid Search - Non-Brand,competitor-terms,false
L003283,2025-08-14 08:00:00,Kenji,Bahri,kenji.bahri@arclight.com,arclight.com,Paid Search - Non-Brand,competitor-terms,false
L003284,2025-08-30 13:00:00,Alicia,Demir,alicia.demir@ferrous.com,ferrous.com,Paid Search - Non-Brand,category-terms,true
L003285,2025-08-06 15:30:00,Ingrid,Horvat,ingrid.horvat@granitepeak.com,granitepeak.com,Paid Search - Non-Brand,category-terms,false
L003286,2025-08-28 08:00:00,Anaya,Novak,anaya.novak@tessellate.com,tessellate.com,Paid Search - Non-Brand,category-terms,false
L003287,2025-08-12 17:00:00,Priya,Raghunathan,priya.raghunathan@oakhurst.com,oakhurst.com,Paid Search - Non-Brand,category-terms,false
L003288,2025-08-02 17:45:00,Mei,Farrell,mei.farrell@anvil.com,anvil.com,Paid Search - Non-Brand,solution-terms,false
L003289,2025-08-24 10:15:00,Lena,Bergstrom,lena.bergstrom@meridian.com,meridian.com,Paid Search - Non-Brand,category-terms,false
L003290,2025-08-10 08:45:00,Margit,Castellanos,margit.castellanos@lumen.com,lumen.com,Paid Search - Non-Brand,competitor-terms,false
L003291,2025-08-01 14:00:00,Rafael,Bahri,rafael.bahri@cascade.com,cascade.com,Paid Search - Non-Brand,solution-terms,false
L003292,2025-08-05 14:00:00,Beatriz,Petrov,beatriz.petrov@nimbus.com,nimbus.com,Paid Search - Non-Brand,competitor-terms,false
L003293,2025-08-01 18:45:00,Alicia,Okonkwo,alicia.okonkwo@lumen.com,lumen.com,Paid Search - Non-Brand,category-terms,false
L003294,2025-08-04 11:15:00,Marcus,Bahri,marcus.bahri@saltmarsh.com,saltmarsh.com,Paid Search - Non-Brand,competitor-terms,false
L003295,2025-08-05 12:00:00,Hollis,Haddad,hollis.haddad@anvil.com,anvil.com,Paid Search - Non-Brand,category-terms,false
L003296,2025-08-04 13:00:00,Adeola,Krishnan,adeola.krishnan@ember.com,ember.com,Paid Search - Non-Brand,solution-terms,false
L003297,2025-08-21 20:00:00,Kenji,Haddad,kenji.haddad@granitepeak.com,granitepeak.com,Paid Search - Non-Brand,competitor-terms,false
L003298,2025-08-29 17:15:00,Adeola,Krishnan,adeola.krishnan@northwind.com,northwind.com,Paid Search - Non-Brand,category-terms,false
L003299,2025-08-03 17:15:00,Mei,Iyer,mei.iyer@ironwood.com,ironwood.com,Paid Search - Non-Brand,solution-terms,false
L003300,2025-08-17 19:15:00,Renata,Zhang,renata.zhang@ridgeline.com,ridgeline.com,Paid Search - Non-Brand,competitor-terms,false
L003301,2025-08-01 10:00:00,Priya,Krishnan,priya.krishnan@copperline.com,copperline.com,Paid Search - Non-Brand,category-terms,false
L003302,2025-08-10 16:30:00,Arun,Novak,arun.novak@lumen.com,lumen.com,Paid Search - Non-Brand,competitor-terms,false
L003303,2025-08-12 09:45:00,Siobhan,Whitfield,siobhan.whitfield@pinnacle.com,pinnacle.com,Paid Search - Non-Brand,solution-terms,false
L003304,2025-08-04 16:15:00,Adeola,Bergstrom,adeola.bergstrom@northwind.com,northwind.com,Paid Search - Non-Brand,solution-terms,false
L003305,2025-08-15 13:15:00,Hollis,Watanabe,hollis.watanabe@saltmarsh.com,saltmarsh.com,Paid Search - Non-Brand,solution-terms,true
L003306,2025-08-07 07:30:00,Peter,Iyer,peter.iyer@lumen.com,lumen.com,Paid Search - Non-Brand,competitor-terms,false
L003307,2025-08-06 18:15:00,Elodie,Aaltonen,elodie.aaltonen@marlowe.com,marlowe.com,Paid Search - Non-Brand,category-terms,false
L003308,2025-08-02 15:30:00,Yusuf,Demir,yusuf.demir@copperline.com,copperline.com,Paid Search - Non-Brand,competitor-terms,false
L003309,2025-08-27 19:00:00,Hollis,Nwosu,hollis.nwosu@redwood.com,redwood.com,Paid Search - Non-Brand,category-terms,false
L003310,2025-08-29 18:30:00,Arun,Moreau,arun.moreau@marlowe.com,marlowe.com,Paid Social - LinkedIn,jobtitle-targeting,false
L003311,2025-08-14 18:45:00,Margit,Zhang,margit.zhang@anvil.com,anvil.com,Paid Social - LinkedIn,abm-tier1,false
L003312,2025-08-19 08:00:00,Adeola,Moreau,adeola.moreau@kestrel.com,kestrel.com,Paid Social - LinkedIn,jobtitle-targeting,false
L003313,2025-08-10 18:45:00,Tomas,Doyle,tomas.doyle@ironwood.com,ironwood.com,Paid Social - LinkedIn,jobtitle-targeting,true
L003314,2025-08-28 14:00:00,Grace,Bahri,grace.bahri@ridgeline.com,ridgeline.com,Paid Social - LinkedIn,abm-tier1,false
L003315,2025-08-14 14:30:00,Ivo,Zhang,ivo.zhang@arclight.com,arclight.com,Paid Social - LinkedIn,jobtitle-targeting,false
L003316,2025-08-02 14:30:00,Jonas,Grant,jonas.grant@ferrous.com,ferrous.com,Paid Social - LinkedIn,abm-tier1,false
L003317,2025-08-14 14:00:00,Siobhan,Ferreira,siobhan.ferreira@meridian.com,meridian.com,Paid Social - LinkedIn,jobtitle-targeting,false
L003318,2025-08-09 11:45:00,Adeola,Raghunathan,adeola.raghunathan@meridian.com,meridian.com,Paid Social - LinkedIn,abm-tier1,false
L003319,2025-08-11 09:45:00,Lena,Novak,lena.novak@brightpath.com,brightpath.com,Paid Social - LinkedIn,content-download,false
L003320,2025-08-08 08:30:00,Cormac,Whitfield,cormac.whitfield@dovetail.com,dovetail.com,Paid Social - LinkedIn,jobtitle-targeting,false
L003321,2025-08-22 14:15:00,Malik,Watanabe,malik.watanabe@copperline.com,copperline.com,Paid Social - LinkedIn,abm-tier1,false
L003322,2025-08-10 12:30:00,Estelle,Grant,estelle.grant@thornbury.com,thornbury.com,Paid Social - LinkedIn,jobtitle-targeting,false
L003323,2025-08-12 19:15:00,Hollis,Pires,hollis.pires@granitepeak.com,granitepeak.com,Paid Social - LinkedIn,content-download,false
L003324,2025-08-26 19:00:00,Anaya,Petrov,anaya.petrov@dovetail.com,dovetail.com,Paid Social - LinkedIn,jobtitle-targeting,false
L003325,2025-08-30 14:00:00,Margit,Iyer,margit.iyer@ember.com,ember.com,Paid Social - LinkedIn,abm-tier1,false
L003326,2025-08-25 15:45:00,Darius,Nwosu,darius.nwosu@foxglove.com,foxglove.com,Paid Social - LinkedIn,content-download,true
L003327,2025-08-08 12:15:00,Kenji,Pires,kenji.pires@solvent.com,solvent.com,Paid Social - LinkedIn,content-download,true
L003328,2025-08-31 17:15:00,Anaya,Okonkwo,anaya.okonkwo@arclight.com,arclight.com,Paid Social - LinkedIn,abm-tier1,false
L003329,2025-08-09 15:30:00,Margit,Byrne,margit.byrne@oakhurst.com,oakhurst.com,Paid Social - LinkedIn,content-download,false
L003330,2025-08-27 11:45:00,Beatriz,Vieira,beatriz.vieira@saltmarsh.com,saltmarsh.com,Paid Social - LinkedIn,content-download,false
L003331,2025-08-13 13:00:00,Kenji,Pires,kenji.pires@thornbury.com,thornbury.com,Paid Social - LinkedIn,jobtitle-targeting,false
L003332,2025-08-29 08:30:00,Mei,Szabo,mei.szabo@arclight.com,arclight.com,Paid Social - LinkedIn,abm-tier1,false
L003333,2025-08-21 20:45:00,Grace,Vieira,grace.vieira@thornbury.com,thornbury.com,Paid Social - LinkedIn,jobtitle-targeting,false
L003334,2025-08-30 11:45:00,Beatriz,Szabo,beatriz.szabo@northwind.com,northwind.com,Paid Social - LinkedIn,content-download,false
L003335,2025-08-12 11:00:00,Peter,Aaltonen,peter.aaltonen@oakhurst.com,oakhurst.com,Paid Social - LinkedIn,content-download,true
L003336,2025-08-20 19:15:00,Beatriz,Aaltonen,beatriz.aaltonen@solvent.com,solvent.com,Paid Social - LinkedIn,content-download,false
L003337,2025-08-29 08:45:00,Adeola,Moreau,adeola.moreau@halcyon.com,halcyon.com,Paid Social - LinkedIn,abm-tier1,false
L003338,2025-08-08 19:45:00,Ingrid,Szabo,ingrid.szabo@cascade.com,cascade.com,Paid Social - LinkedIn,abm-tier1,false
L003339,2025-08-26 14:00:00,Yusuf,Doyle,yusuf.doyle@ferrous.com,ferrous.com,Paid Social - LinkedIn,abm-tier1,true
L003340,2025-08-16 18:30:00,Grace,Vieira,grace.vieira@halcyon.com,halcyon.com,Paid Social - LinkedIn,abm-tier1,true
L003341,2025-08-31 16:45:00,Tomas,Demir,tomas.demir@foxglove.com,foxglove.com,Paid Social - LinkedIn,abm-tier1,false
L003342,2025-08-06 15:00:00,Hollis,Whitfield,hollis.whitfield@cascade.com,cascade.com,Paid Social - LinkedIn,abm-tier1,false
L003343,2025-08-22 09:15:00,Margit,Novak,margit.novak@ferrous.com,ferrous.com,Paid Social - LinkedIn,content-download,false
L003344,2025-08-04 14:30:00,Anaya,Novak,anaya.novak@ironwood.com,ironwood.com,Paid Social - LinkedIn,abm-tier1,false
L003345,2025-08-26 14:30:00,Marcus,Ferreira,marcus.ferreira@meridian.com,meridian.com,Paid Social - LinkedIn,content-download,true
L003346,2025-08-19 13:15:00,Siobhan,Demir,siobhan.demir@brightpath.com,brightpath.com,Paid Social - LinkedIn,abm-tier1,false
L003347,2025-08-02 18:00:00,Priya,Petrov,priya.petrov@oakhurst.com,oakhurst.com,Organic / Direct,none,false
L003348,2025-08-26 11:00:00,Omar,Haddad,omar.haddad@nimbus.com,nimbus.com,Organic / Direct,none,true
L003349,2025-08-08 15:30:00,Darius,Aaltonen,darius.aaltonen@quarry.com,quarry.com,Organic / Direct,none,false
L003350,2025-08-25 09:15:00,Ingrid,Grant,ingrid.grant@juniper.com,juniper.com,Organic / Direct,none,false
L003351,2025-08-06 14:45:00,Arun,Petrov,arun.petrov@harborview.com,harborview.com,Organic / Direct,none,true
L003352,2025-08-05 18:30:00,Marcus,Doyle,marcus.doyle@redwood.com,redwood.com,Organic / Direct,none,false
L003353,2025-08-27 09:30:00,Grace,Pires,grace.pires@granitepeak.com,granitepeak.com,Organic / Direct,none,false
L003354,2025-08-17 14:00:00,Ivo,Ferreira,ivo.ferreira@thornbury.com,thornbury.com,Organic / Direct,none,false
L003355,2025-08-30 10:15:00,Rafael,Watanabe,rafael.watanabe@brightpath.com,brightpath.com,Organic / Direct,none,false
L003356,2025-08-14 14:45:00,Omar,Castellanos,omar.castellanos@oakhurst.com,oakhurst.com,Organic / Direct,none,false
L003357,2025-08-16 19:15:00,Grace,Byrne,grace.byrne@ridgeline.com,ridgeline.com,Organic / Direct,none,false
L003358,2025-08-26 07:15:00,Anaya,Zhang,anaya.zhang@granitepeak.com,granitepeak.com,Organic / Direct,none,false
L003359,2025-08-09 19:30:00,Callum,Novak,callum.novak@meridian.com,meridian.com,Organic / Direct,none,false
L003360,2025-08-10 18:15:00,Estelle,Iyer,estelle.iyer@ember.com,ember.com,Organic / Direct,none,false
L003361,2025-08-07 20:15:00,Kenji,Lindqvist,kenji.lindqvist@kestrel.com,kestrel.com,Organic / Direct,none,false
L003362,2025-08-27 07:00:00,Siobhan,Whitfield,siobhan.whitfield@saltmarsh.com,saltmarsh.com,Organic / Direct,none,false
L003363,2025-08-13 19:30:00,Yusuf,Almeida,yusuf.almeida@ember.com,ember.com,Organic / Direct,none,false
L003364,2025-08-02 11:00:00,Rafael,Farrell,rafael.farrell@arclight.com,arclight.com,Organic / Direct,none,false
L003365,2025-08-29 07:15:00,Grace,Zhang,grace.zhang@marlowe.com,marlowe.com,Organic / Direct,none,false
L003366,2025-08-30 13:45:00,Priya,Whitfield,priya.whitfield@pinnacle.com,pinnacle.com,Organic / Direct,none,false
L003367,2025-08-14 17:45:00,Yusuf,Nwosu,yusuf.nwosu@ironwood.com,ironwood.com,Organic / Direct,none,false
L003368,2025-08-20 16:00:00,Arun,Okonkwo,arun.okonkwo@marlowe.com,marlowe.com,Organic / Direct,none,false
L003369,2025-08-16 20:30:00,Marcus,Vieira,marcus.vieira@anvil.com,anvil.com,Organic / Direct,none,false
L003370,2025-08-04 16:45:00,Priya,Petrov,priya.petrov@oakhurst.com,oakhurst.com,Organic / Direct,none,false
L003371,2025-08-24 19:15:00,Ivo,Nwosu,ivo.nwosu@tessellate.com,tessellate.com,Organic / Direct,none,true
L003372,2025-08-18 11:15:00,Ivo,Byrne,ivo.byrne@oakhurst.com,oakhurst.com,Organic / Direct,none,false
L003373,2025-09-27 15:00:00,Anaya,Farrell,anaya.farrell@lumen.com,lumen.com,Display - Programmatic,retarget-display,false
L003374,2025-09-16 16:45:00,Malik,Krishnan,malik.krishnan@granitepeak.com,granitepeak.com,Display - Programmatic,contextual-b2b,false
L003375,2025-09-01 08:00:00,Margit,Doyle,margit.doyle@quarry.com,quarry.com,Display - Programmatic,contextual-b2b,false
L003376,2025-09-30 08:00:00,Marcus,Kavanagh,marcus.kavanagh@copperline.com,copperline.com,Display - Programmatic,retarget-display,false
L003377,2025-09-18 13:00:00,Anaya,Vieira,anaya.vieira@meridian.com,meridian.com,Display - Programmatic,retarget-display,false
L003378,2025-09-01 15:15:00,Kenji,Almeida,kenji.almeida@foxglove.com,foxglove.com,Display - Programmatic,retarget-display,false
L003379,2025-09-09 07:15:00,Hollis,Raghunathan,hollis.raghunathan@kestrel.com,kestrel.com,Display - Programmatic,contextual-b2b,false
L003380,2025-09-09 17:15:00,Marcus,Krishnan,marcus.krishnan@redwood.com,redwood.com,Display - Programmatic,contextual-b2b,false
L003381,2025-09-01 11:45:00,Estelle,Mulvaney,estelle.mulvaney@ferrous.com,ferrous.com,Display - Programmatic,retarget-display,false
L003382,2025-09-16 08:15:00,Darius,Mulvaney,darius.mulvaney@ironwood.com,ironwood.com,Display - Programmatic,contextual-b2b,false
L003383,2025-09-04 08:15:00,Elodie,Almeida,elodie.almeida@brightpath.com,brightpath.com,Display - Programmatic,contextual-b2b,false
L003384,2025-09-08 12:15:00,Noor,Mulvaney,noor.mulvaney@ridgeline.com,ridgeline.com,Display - Programmatic,contextual-b2b,false
L003385,2025-09-19 11:30:00,Ivo,Moreau,ivo.moreau@anvil.com,anvil.com,Display - Programmatic,contextual-b2b,false
L003386,2025-09-26 20:00:00,Margit,Okonkwo,margit.okonkwo@quillon.com,quillon.com,Display - Programmatic,contextual-b2b,false
L003387,2025-09-13 19:00:00,Anaya,Okonkwo,anaya.okonkwo@foxglove.com,foxglove.com,Display - Programmatic,contextual-b2b,false
L003388,2025-09-26 19:00:00,Adeola,Mulvaney,adeola.mulvaney@marlowe.com,marlowe.com,Display - Programmatic,retarget-display,false
L003389,2025-09-08 15:30:00,Yusuf,Szabo,yusuf.szabo@nimbus.com,nimbus.com,Display - Programmatic,contextual-b2b,false
L003390,2025-09-12 20:45:00,Renata,Castellanos,renata.castellanos@granitepeak.com,granitepeak.com,Display - Programmatic,retarget-display,false
L003391,2025-09-13 16:15:00,Arun,Pires,arun.pires@ember.com,ember.com,Display - Programmatic,retarget-display,false
L003392,2025-09-27 19:00:00,Arun,Vieira,arun.vieira@juniper.com,juniper.com,Display - Programmatic,contextual-b2b,false
L003393,2025-09-12 13:45:00,Yusuf,Almeida,yusuf.almeida@redwood.com,redwood.com,Display - Programmatic,contextual-b2b,false
L003394,2025-09-08 18:15:00,Arun,Pires,arun.pires@kestrel.com,kestrel.com,Display - Programmatic,retarget-display,false
L003395,2025-09-30 19:15:00,Priya,Demir,priya.demir@solvent.com,solvent.com,Display - Programmatic,contextual-b2b,false
L003396,2025-09-11 20:00:00,Anaya,Byrne,anaya.byrne@copperline.com,copperline.com,Display - Programmatic,retarget-display,false
L003397,2025-09-08 13:30:00,Estelle,Demir,estelle.demir@brightpath.com,brightpath.com,Display - Programmatic,contextual-b2b,false
L003398,2025-09-26 19:15:00,Grace,Bahri,grace.bahri@pinnacle.com,pinnacle.com,Display - Programmatic,retarget-display,false
L003399,2025-09-09 17:00:00,Marcus,Lindqvist,marcus.lindqvist@copperline.com,copperline.com,Display - Programmatic,contextual-b2b,false
L003400,2025-09-16 13:30:00,Cormac,Okonkwo,cormac.okonkwo@marlowe.com,marlowe.com,Display - Programmatic,retarget-display,false
L003401,2025-09-01 17:45:00,Adeola,Nwosu,adeola.nwosu@oakhurst.com,oakhurst.com,Display - Programmatic,contextual-b2b,false
L003402,2025-09-22 14:30:00,Kenji,Kavanagh,kenji.kavanagh@ironwood.com,ironwood.com,Display - Programmatic,contextual-b2b,false
L003403,2025-09-15 08:45:00,Grace,Kavanagh,grace.kavanagh@quarry.com,quarry.com,Display - Programmatic,retarget-display,false
L003404,2025-09-20 13:30:00,Jonas,Farrell,jonas.farrell@quarry.com,quarry.com,Display - Programmatic,retarget-display,false
L003405,2025-09-01 19:00:00,Grace,Krishnan,grace.krishnan@oakhurst.com,oakhurst.com,Display - Programmatic,contextual-b2b,false
L003406,2025-09-05 07:45:00,Yusuf,Vieira,yusuf.vieira@dovetail.com,dovetail.com,Display - Programmatic,retarget-display,false
L003407,2025-09-16 19:15:00,Callum,Petrov,callum.petrov@quarry.com,quarry.com,Display - Programmatic,retarget-display,false
L003408,2025-09-24 16:15:00,Ingrid,Whitfield,ingrid.whitfield@pinnacle.com,pinnacle.com,Display - Programmatic,contextual-b2b,false
L003409,2025-09-30 10:45:00,Grace,Vieira,grace.vieira@nimbus.com,nimbus.com,Display - Programmatic,contextual-b2b,false
L003410,2025-09-12 18:15:00,Hollis,Kavanagh,hollis.kavanagh@harborview.com,harborview.com,Display - Programmatic,retarget-display,false
L003411,2025-09-22 18:00:00,Priya,Almeida,priya.almeida@ironwood.com,ironwood.com,Display - Programmatic,contextual-b2b,false
L003412,2025-09-05 20:15:00,Beatriz,Aaltonen,beatriz.aaltonen@quillon.com,quillon.com,Display - Programmatic,contextual-b2b,false
L003413,2025-09-28 12:45:00,Margit,Bahri,margit.bahri@anvil.com,anvil.com,Display - Programmatic,contextual-b2b,false
L003414,2025-09-09 17:30:00,Margit,Horvat,margit.horvat@granitepeak.com,granitepeak.com,Display - Programmatic,contextual-b2b,false
L003415,2025-09-08 12:45:00,Omar,Moreau,omar.moreau@cascade.com,cascade.com,Display - Programmatic,retarget-display,false
L003416,2025-09-03 11:15:00,Malik,Lindqvist,malik.lindqvist@oakhurst.com,oakhurst.com,Display - Programmatic,contextual-b2b,false
L003417,2025-09-20 19:30:00,Renata,Novak,renata.novak@ridgeline.com,ridgeline.com,Display - Programmatic,retarget-display,false
L003418,2025-09-24 19:15:00,Priya,Watanabe,priya.watanabe@harborview.com,harborview.com,Display - Programmatic,contextual-b2b,false
L003419,2025-09-27 20:30:00,Noor,Farrell,noor.farrell@brightpath.com,brightpath.com,Display - Programmatic,retarget-display,false
L003420,2025-09-19 19:45:00,Jonas,Haddad,jonas.haddad@ember.com,ember.com,Display - Programmatic,retarget-display,false
L003421,2025-09-17 14:15:00,Arun,Moreau,arun.moreau@redwood.com,redwood.com,Display - Programmatic,contextual-b2b,false
L003422,2025-09-08 20:00:00,Darius,Pires,darius.pires@halcyon.com,halcyon.com,Display - Programmatic,contextual-b2b,false
L003423,2025-09-05 15:45:00,Callum,Byrne,callum.byrne@ferrous.com,ferrous.com,Display - Programmatic,contextual-b2b,false
L003424,2025-09-06 08:45:00,Estelle,Petrov,estelle.petrov@tessellate.com,tessellate.com,Display - Programmatic,retarget-display,false
L003425,2025-09-06 09:30:00,Margit,Moreau,margit.moreau@kestrel.com,kestrel.com,Display - Programmatic,retarget-display,false
L003426,2025-09-18 20:15:00,Darius,Horvat,darius.horvat@juniper.com,juniper.com,Display - Programmatic,contextual-b2b,false
L003427,2025-09-28 12:45:00,Mei,Szabo,mei.szabo@ironwood.com,ironwood.com,Display - Programmatic,retarget-display,false
L003428,2025-09-26 14:15:00,Arun,Lindqvist,arun.lindqvist@oakhurst.com,oakhurst.com,Display - Programmatic,contextual-b2b,false
L003429,2025-09-23 09:30:00,Ingrid,Krishnan,ingrid.krishnan@ironwood.com,ironwood.com,Display - Programmatic,contextual-b2b,false
L003430,2025-09-07 16:30:00,Elodie,Raghunathan,elodie.raghunathan@thornbury.com,thornbury.com,Display - Programmatic,contextual-b2b,false
L003431,2025-09-07 18:15:00,Kenji,Nwosu,kenji.nwosu@juniper.com,juniper.com,Display - Programmatic,retarget-display,false
L003432,2025-09-06 11:45:00,Siobhan,Moreau,siobhan.moreau@foxglove.com,foxglove.com,Display - Programmatic,retarget-display,false
L003433,2025-09-01 19:45:00,Rafael,Farrell,rafael.farrell@anvil.com,anvil.com,Display - Programmatic,contextual-b2b,false
L003434,2025-09-24 18:45:00,Alicia,Novak,alicia.novak@dovetail.com,dovetail.com,Display - Programmatic,retarget-display,false
L003435,2025-09-18 10:15:00,Malik,Farrell,malik.farrell@foxglove.com,foxglove.com,Paid Search - Brand,brand-phrase,false
L003436,2025-09-26 15:45:00,Tomas,Ferreira,tomas.ferreira@nimbus.com,nimbus.com,Paid Search - Brand,brand-phrase,false
L003437,2025-09-01 15:45:00,Omar,Farrell,omar.farrell@ember.com,ember.com,Paid Search - Brand,brand-phrase,false
L003438,2025-09-06 16:00:00,Siobhan,Krishnan,siobhan.krishnan@lumen.com,lumen.com,Paid Search - Brand,brand-exact,false
L003439,2025-09-30 11:15:00,Margit,Whitfield,margit.whitfield@cascade.com,cascade.com,Paid Search - Brand,brand-exact,false
L003440,2025-09-03 14:00:00,Malik,Szabo,malik.szabo@nimbus.com,nimbus.com,Paid Search - Brand,brand-phrase,false
L003441,2025-09-18 16:45:00,Callum,Farrell,callum.farrell@thornbury.com,thornbury.com,Paid Search - Brand,brand-phrase,false
L003442,2025-09-28 17:45:00,Arun,Doyle,arun.doyle@ferrous.com,ferrous.com,Paid Search - Brand,brand-phrase,false
L003443,2025-09-03 19:15:00,Mei,Byrne,mei.byrne@redwood.com,redwood.com,Paid Search - Brand,brand-phrase,false
L003444,2025-09-18 15:30:00,Cormac,Moreau,cormac.moreau@ridgeline.com,ridgeline.com,Paid Search - Brand,brand-phrase,false
L003445,2025-09-07 17:15:00,Alicia,Watanabe,alicia.watanabe@pinnacle.com,pinnacle.com,Paid Search - Brand,brand-phrase,false
L003446,2025-09-10 15:15:00,Adeola,Kavanagh,adeola.kavanagh@cascade.com,cascade.com,Paid Search - Brand,brand-exact,false
L003447,2025-09-06 09:00:00,Renata,Castellanos,renata.castellanos@anvil.com,anvil.com,Paid Search - Brand,brand-phrase,false
L003448,2025-09-06 09:00:00,Peter,Kavanagh,peter.kavanagh@thornbury.com,thornbury.com,Paid Search - Brand,brand-exact,false
L003449,2025-09-04 07:30:00,Darius,Castellanos,darius.castellanos@dovetail.com,dovetail.com,Paid Search - Brand,brand-phrase,false
L003450,2025-09-25 11:00:00,Kenji,Bahri,kenji.bahri@saltmarsh.com,saltmarsh.com,Paid Search - Brand,brand-exact,false
L003451,2025-09-11 08:30:00,Yusuf,Ferreira,yusuf.ferreira@pinnacle.com,pinnacle.com,Paid Search - Brand,brand-exact,false
L003452,2025-09-02 19:45:00,Ivo,Demir,ivo.demir@thornbury.com,thornbury.com,Paid Search - Brand,brand-exact,true
L003453,2025-09-23 20:00:00,Arun,Raghunathan,arun.raghunathan@foxglove.com,foxglove.com,Paid Search - Brand,brand-phrase,false
L003454,2025-09-22 12:15:00,Peter,Grant,peter.grant@thornbury.com,thornbury.com,Paid Search - Brand,brand-phrase,false
L003455,2025-09-25 14:00:00,Siobhan,Ferreira,siobhan.ferreira@quarry.com,quarry.com,Paid Search - Brand,brand-exact,true
L003456,2025-09-07 12:45:00,Darius,Horvat,darius.horvat@ferrous.com,ferrous.com,Paid Search - Brand,brand-exact,false
L003457,2025-09-25 11:15:00,Ingrid,Vieira,ingrid.vieira@tessellate.com,tessellate.com,Paid Search - Brand,brand-exact,false
L003458,2025-09-02 17:45:00,Mei,Raghunathan,mei.raghunathan@lumen.com,lumen.com,Paid Search - Brand,brand-exact,false
L003459,2025-09-23 20:00:00,Peter,Horvat,peter.horvat@copperline.com,copperline.com,Paid Search - Brand,brand-phrase,false
L003460,2025-09-09 09:30:00,Arun,Zhang,arun.zhang@granitepeak.com,granitepeak.com,Paid Search - Brand,brand-exact,false
L003461,2025-09-28 19:30:00,Mei,Bergstrom,mei.bergstrom@quarry.com,quarry.com,Paid Search - Brand,brand-phrase,false
L003462,2025-09-19 20:30:00,Margit,Krishnan,margit.krishnan@foxglove.com,foxglove.com,Paid Search - Brand,brand-phrase,false
L003463,2025-09-20 10:45:00,Kenji,Vieira,kenji.vieira@arclight.com,arclight.com,Paid Search - Brand,brand-exact,false
L003464,2025-09-22 11:30:00,Tomas,Okonkwo,tomas.okonkwo@ironwood.com,ironwood.com,Paid Search - Brand,brand-exact,false
L003465,2025-09-03 07:45:00,Anaya,Doyle,anaya.doyle@solvent.com,solvent.com,Paid Search - Brand,brand-exact,false
L003466,2025-09-15 17:00:00,Alicia,Nwosu,alicia.nwosu@juniper.com,juniper.com,Paid Search - Brand,brand-phrase,false
L003467,2025-09-13 13:00:00,Arun,Krishnan,arun.krishnan@lumen.com,lumen.com,Paid Search - Brand,brand-exact,false
L003468,2025-09-25 07:45:00,Darius,Grant,darius.grant@saltmarsh.com,saltmarsh.com,Paid Search - Brand,brand-exact,true
L003469,2025-09-08 10:30:00,Rafael,Grant,rafael.grant@tessellate.com,tessellate.com,Paid Search - Brand,brand-exact,false
L003470,2025-09-05 14:15:00,Cormac,Mulvaney,cormac.mulvaney@ridgeline.com,ridgeline.com,Paid Search - Brand,brand-phrase,false
L003471,2025-09-27 14:15:00,Siobhan,Demir,siobhan.demir@ferrous.com,ferrous.com,Paid Search - Brand,brand-exact,false
L003472,2025-09-12 10:30:00,Elodie,Castellanos,elodie.castellanos@granitepeak.com,granitepeak.com,Paid Search - Brand,brand-exact,false
L003473,2025-09-09 17:30:00,Lena,Moreau,lena.moreau@thornbury.com,thornbury.com,Paid Search - Brand,brand-phrase,false
L003474,2025-09-28 13:00:00,Jonas,Bahri,jonas.bahri@quarry.com,quarry.com,Paid Search - Brand,brand-phrase,true
L003475,2025-09-04 17:30:00,Grace,Haddad,grace.haddad@anvil.com,anvil.com,Paid Search - Brand,brand-exact,true
L003476,2025-09-29 20:45:00,Omar,Ferreira,omar.ferreira@anvil.com,anvil.com,Paid Search - Brand,brand-phrase,false
L003477,2025-09-22 16:00:00,Mei,Ferreira,mei.ferreira@solvent.com,solvent.com,Paid Search - Brand,brand-exact,false
L003478,2025-09-24 17:45:00,Alicia,Bergstrom,alicia.bergstrom@saltmarsh.com,saltmarsh.com,Paid Search - Brand,brand-phrase,false
L003479,2025-09-20 10:45:00,Peter,Mulvaney,peter.mulvaney@pinnacle.com,pinnacle.com,Paid Social - Meta,prospecting-lal,false
L003480,2025-09-09 12:15:00,Noor,Szabo,noor.szabo@anvil.com,anvil.com,Paid Social - Meta,lead-form-broad,false
L003481,2025-09-15 15:00:00,Kenji,Vieira,kenji.vieira@thornbury.com,thornbury.com,Paid Social - Meta,prospecting-lal,false
L003482,2025-09-30 08:15:00,Marcus,Watanabe,marcus.watanabe@halcyon.com,halcyon.com,Paid Social - Meta,lead-form-broad,false
L003483,2025-09-29 20:45:00,Cormac,Lindqvist,cormac.lindqvist@anvil.com,anvil.com,Paid Social - Meta,lead-form-broad,false
L003484,2025-09-23 15:15:00,Mei,Iyer,mei.iyer@saltmarsh.com,saltmarsh.com,Paid Social - Meta,prospecting-lal,false
L003485,2025-09-27 13:15:00,Hollis,Demir,hollis.demir@anvil.com,anvil.com,Paid Social - Meta,prospecting-lal,false
L003486,2025-09-13 19:45:00,Marcus,Watanabe,marcus.watanabe@ridgeline.com,ridgeline.com,Paid Social - Meta,lead-form-broad,false
L003487,2025-09-19 13:00:00,Siobhan,Horvat,siobhan.horvat@quarry.com,quarry.com,Paid Social - Meta,lead-form-broad,false
L003488,2025-09-17 09:30:00,Renata,Watanabe,renata.watanabe@solvent.com,solvent.com,Paid Social - Meta,mofu-retarget,false
L003489,2025-09-08 15:00:00,Alicia,Horvat,alicia.horvat@granitepeak.com,granitepeak.com,Paid Social - Meta,mofu-retarget,false
L003490,2025-09-13 14:30:00,Estelle,Byrne,estelle.byrne@lumen.com,lumen.com,Paid Social - Meta,mofu-retarget,false
L003491,2025-09-07 20:45:00,Omar,Szabo,omar.szabo@lumen.com,lumen.com,Paid Social - Meta,lead-form-broad,false
L003492,2025-09-23 20:00:00,Ivo,Lindqvist,ivo.lindqvist@marlowe.com,marlowe.com,Paid Social - Meta,lead-form-broad,false
L003493,2025-09-24 08:30:00,Grace,Mulvaney,grace.mulvaney@quarry.com,quarry.com,Paid Social - Meta,lead-form-broad,false
L003494,2025-09-19 16:30:00,Adeola,Szabo,adeola.szabo@northwind.com,northwind.com,Paid Social - Meta,prospecting-lal,false
L003495,2025-09-22 11:30:00,Estelle,Horvat,estelle.horvat@oakhurst.com,oakhurst.com,Paid Social - Meta,mofu-retarget,false
L003496,2025-09-08 11:15:00,Marcus,Grant,marcus.grant@quarry.com,quarry.com,Paid Social - Meta,lead-form-broad,false
L003497,2025-09-24 14:45:00,Tomas,Almeida,tomas.almeida@thornbury.com,thornbury.com,Paid Social - Meta,mofu-retarget,false
L003498,2025-09-12 07:00:00,Noor,Moreau,noor.moreau@ember.com,ember.com,Paid Social - Meta,prospecting-lal,false
L003499,2025-09-18 09:30:00,Renata,Moreau,renata.moreau@pinnacle.com,pinnacle.com,Paid Social - Meta,mofu-retarget,false
L003500,2025-09-17 14:30:00,Darius,Vieira,darius.vieira@halcyon.com,halcyon.com,Paid Social - Meta,mofu-retarget,false
L003501,2025-09-20 08:30:00,Anaya,Bergstrom,anaya.bergstrom@ironwood.com,ironwood.com,Paid Social - Meta,mofu-retarget,false
L003502,2025-09-07 19:30:00,Elodie,Mulvaney,elodie.mulvaney@halcyon.com,halcyon.com,Paid Social - Meta,prospecting-lal,false
L003503,2025-09-18 14:45:00,Siobhan,Horvat,siobhan.horvat@saltmarsh.com,saltmarsh.com,Paid Social - Meta,mofu-retarget,false
L003504,2025-09-23 11:30:00,Darius,Iyer,darius.iyer@quillon.com,quillon.com,Paid Social - Meta,lead-form-broad,false
L003505,2025-09-09 11:15:00,Omar,Doyle,omar.doyle@lumen.com,lumen.com,Paid Social - Meta,mofu-retarget,false
L003506,2025-09-11 13:00:00,Hollis,Haddad,hollis.haddad@copperline.com,copperline.com,Paid Social - Meta,prospecting-lal,false
L003507,2025-09-21 09:45:00,Grace,Raghunathan,grace.raghunathan@anvil.com,anvil.com,Paid Social - Meta,prospecting-lal,false
L003508,2025-09-18 14:15:00,Margit,Pires,margit.pires@ironwood.com,ironwood.com,Paid Social - Meta,mofu-retarget,false
L003509,2025-09-24 14:45:00,Arun,Haddad,arun.haddad@ironwood.com,ironwood.com,Paid Social - Meta,lead-form-broad,false
L003510,2025-09-24 11:00:00,Estelle,Moreau,estelle.moreau@juniper.com,juniper.com,Paid Social - Meta,prospecting-lal,false
L003511,2025-09-25 13:45:00,Malik,Bahri,malik.bahri@oakhurst.com,oakhurst.com,Paid Social - Meta,mofu-retarget,false
L003512,2025-09-02 10:15:00,Priya,Haddad,priya.haddad@marlowe.com,marlowe.com,Paid Social - Meta,mofu-retarget,false
L003513,2025-09-10 10:00:00,Adeola,Whitfield,adeola.whitfield@foxglove.com,foxglove.com,Paid Social - Meta,lead-form-broad,false
L003514,2025-09-24 08:00:00,Cormac,Ferreira,cormac.ferreira@arclight.com,arclight.com,Paid Social - Meta,prospecting-lal,false
L003515,2025-09-15 12:45:00,Hollis,Pires,hollis.pires@anvil.com,anvil.com,Paid Social - Meta,mofu-retarget,false
L003516,2025-09-18 15:45:00,Margit,Raghunathan,margit.raghunathan@thornbury.com,thornbury.com,Paid Social - Meta,prospecting-lal,false
L003517,2025-09-23 07:00:00,Ivo,Watanabe,ivo.watanabe@copperline.com,copperline.com,Paid Social - Meta,prospecting-lal,false
L003518,2025-09-18 10:00:00,Lena,Kavanagh,lena.kavanagh@oakhurst.com,oakhurst.com,Paid Social - Meta,lead-form-broad,false
L003519,2025-09-01 13:45:00,Arun,Watanabe,arun.watanabe@quillon.com,quillon.com,Paid Social - Meta,lead-form-broad,false
L003520,2025-09-17 16:45:00,Renata,Almeida,renata.almeida@oakhurst.com,oakhurst.com,Paid Social - Meta,lead-form-broad,false
L003521,2025-09-15 07:15:00,Margit,Haddad,margit.haddad@lumen.com,lumen.com,Paid Social - Meta,prospecting-lal,false
L003522,2025-09-14 08:00:00,Hollis,Raghunathan,hollis.raghunathan@anvil.com,anvil.com,Paid Social - Meta,mofu-retarget,false
L003523,2025-09-03 19:45:00,Ingrid,Bergstrom,ingrid.bergstrom@quillon.com,quillon.com,Paid Social - Meta,prospecting-lal,false
L003524,2025-09-30 19:45:00,Arun,Farrell,arun.farrell@halcyon.com,halcyon.com,Paid Social - Meta,lead-form-broad,false
L003525,2025-09-09 08:45:00,Margit,Petrov,margit.petrov@thornbury.com,thornbury.com,Paid Social - Meta,lead-form-broad,false
L003526,2025-09-07 14:30:00,Estelle,Farrell,estelle.farrell@oakhurst.com,oakhurst.com,Paid Social - Meta,lead-form-broad,false
L003527,2025-09-24 11:00:00,Darius,Whitfield,darius.whitfield@kestrel.com,kestrel.com,Paid Social - Meta,mofu-retarget,false
L003528,2025-09-18 19:30:00,Ivo,Whitfield,ivo.whitfield@redwood.com,redwood.com,Paid Social - Meta,mofu-retarget,false
L003529,2025-09-24 13:45:00,Priya,Whitfield,priya.whitfield@pinnacle.com,pinnacle.com,Paid Social - Meta,mofu-retarget,false
L003530,2025-09-06 13:00:00,Lena,Petrov,lena.petrov@cascade.com,cascade.com,Paid Social - Meta,mofu-retarget,false
L003531,2025-09-22 10:45:00,Malik,Zhang,malik.zhang@arclight.com,arclight.com,Paid Social - Meta,prospecting-lal,false
L003532,2025-09-23 10:15:00,Noor,Okonkwo,noor.okonkwo@ember.com,ember.com,Paid Social - Meta,lead-form-broad,false
L003533,2025-09-24 19:00:00,Priya,Byrne,priya.byrne@anvil.com,anvil.com,Paid Social - Meta,lead-form-broad,false
L003534,2025-09-12 18:15:00,Beatriz,Lindqvist,beatriz.lindqvist@arclight.com,arclight.com,Paid Social - Meta,mofu-retarget,false
L003535,2025-09-19 08:00:00,Beatriz,Mulvaney,beatriz.mulvaney@brightpath.com,brightpath.com,Paid Social - Meta,lead-form-broad,false
L003536,2025-09-11 19:15:00,Tomas,Byrne,tomas.byrne@pinnacle.com,pinnacle.com,Paid Social - Meta,prospecting-lal,false
L003537,2025-09-13 18:00:00,Hollis,Haddad,hollis.haddad@arclight.com,arclight.com,Paid Social - Meta,lead-form-broad,false
L003538,2025-09-16 09:15:00,Malik,Lindqvist,malik.lindqvist@anvil.com,anvil.com,Paid Social - Meta,prospecting-lal,false
L003539,2025-09-01 07:45:00,Elodie,Grant,elodie.grant@halcyon.com,halcyon.com,Paid Social - Meta,prospecting-lal,false
L003540,2025-09-22 20:45:00,Hollis,Haddad,hollis.haddad@redwood.com,redwood.com,Paid Social - Meta,prospecting-lal,false
L003541,2025-09-06 09:15:00,Beatriz,Castellanos,beatriz.castellanos@saltmarsh.com,saltmarsh.com,Paid Social - Meta,prospecting-lal,false
L003542,2025-09-29 12:30:00,Anaya,Zhang,anaya.zhang@halcyon.com,halcyon.com,Paid Social - Meta,mofu-retarget,false
L003543,2025-09-06 16:45:00,Anaya,Castellanos,anaya.castellanos@tessellate.com,tessellate.com,Paid Social - Meta,lead-form-broad,false
L003544,2025-09-24 15:15:00,Yusuf,Lindqvist,yusuf.lindqvist@nimbus.com,nimbus.com,Paid Social - Meta,mofu-retarget,false
L003545,2025-09-21 17:15:00,Callum,Aaltonen,callum.aaltonen@harborview.com,harborview.com,Paid Social - Meta,lead-form-broad,false
L003546,2025-09-01 12:30:00,Siobhan,Castellanos,siobhan.castellanos@brightpath.com,brightpath.com,Paid Social - Meta,mofu-retarget,false
L003547,2025-09-20 07:30:00,Siobhan,Vieira,siobhan.vieira@harborview.com,harborview.com,Paid Social - Meta,lead-form-broad,false
L003548,2025-09-08 19:30:00,Grace,Byrne,grace.byrne@meridian.com,meridian.com,Paid Social - Meta,mofu-retarget,false
L003549,2025-09-01 07:15:00,Grace,Okonkwo,grace.okonkwo@ferrous.com,ferrous.com,Paid Social - Meta,prospecting-lal,false
L003550,2025-09-27 15:15:00,Arun,Aaltonen,arun.aaltonen@saltmarsh.com,saltmarsh.com,Paid Social - Meta,mofu-retarget,false
L003551,2025-09-20 07:15:00,Omar,Castellanos,omar.castellanos@dovetail.com,dovetail.com,Paid Social - Meta,mofu-retarget,false
L003552,2025-09-21 14:45:00,Hollis,Nwosu,hollis.nwosu@anvil.com,anvil.com,Paid Social - Meta,mofu-retarget,false
L003553,2025-09-23 08:30:00,Hollis,Moreau,hollis.moreau@brightpath.com,brightpath.com,Paid Social - Meta,mofu-retarget,false
L003554,2025-09-23 12:00:00,Beatriz,Grant,beatriz.grant@redwood.com,redwood.com,Paid Social - Meta,lead-form-broad,false
L003555,2025-09-30 09:45:00,Margit,Doyle,margit.doyle@foxglove.com,foxglove.com,Paid Social - Meta,mofu-retarget,false
L003556,2025-09-27 18:15:00,Mei,Novak,mei.novak@granitepeak.com,granitepeak.com,Paid Social - Meta,mofu-retarget,false
L003557,2025-09-10 15:30:00,Malik,Petrov,malik.petrov@cascade.com,cascade.com,Paid Social - Meta,mofu-retarget,false
L003558,2025-09-14 11:00:00,Ivo,Krishnan,ivo.krishnan@pinnacle.com,pinnacle.com,Paid Social - Meta,lead-form-broad,false
L003559,2025-09-18 14:45:00,Yusuf,Byrne,yusuf.byrne@quarry.com,quarry.com,Paid Social - Meta,prospecting-lal,false
L003560,2025-09-13 14:00:00,Renata,Vieira,renata.vieira@meridian.com,meridian.com,Paid Social - Meta,lead-form-broad,true
L003561,2025-09-19 15:30:00,Kenji,Pires,kenji.pires@ferrous.com,ferrous.com,Paid Social - Meta,mofu-retarget,false
L003562,2025-09-26 13:45:00,Ingrid,Krishnan,ingrid.krishnan@ironwood.com,ironwood.com,Paid Social - Meta,lead-form-broad,false
L003563,2025-09-21 12:00:00,Elodie,Byrne,elodie.byrne@halcyon.com,halcyon.com,Paid Social - Meta,mofu-retarget,false
L003564,2025-09-23 15:30:00,Peter,Bahri,peter.bahri@saltmarsh.com,saltmarsh.com,Paid Social - Meta,mofu-retarget,false
L003565,2025-09-18 14:15:00,Adeola,Pires,adeola.pires@thornbury.com,thornbury.com,Paid Social - Meta,lead-form-broad,false
L003566,2025-09-26 11:30:00,Noor,Zhang,noor.zhang@northwind.com,northwind.com,Paid Social - Meta,lead-form-broad,true
L003567,2025-09-20 19:30:00,Kenji,Vieira,kenji.vieira@thornbury.com,thornbury.com,Paid Social - Meta,lead-form-broad,false
L003568,2025-09-17 07:30:00,Noor,Raghunathan,noor.raghunathan@nimbus.com,nimbus.com,Paid Social - Meta,lead-form-broad,false
L003569,2025-09-10 08:30:00,Priya,Bahri,priya.bahri@tessellate.com,tessellate.com,Paid Social - Meta,mofu-retarget,false
L003570,2025-09-26 07:15:00,Omar,Demir,omar.demir@redwood.com,redwood.com,Paid Social - Meta,prospecting-lal,false
L003571,2025-09-06 10:30:00,Rafael,Mulvaney,rafael.mulvaney@ironwood.com,ironwood.com,Paid Social - Meta,prospecting-lal,false
L003572,2025-09-21 14:45:00,Lena,Horvat,lena.horvat@juniper.com,juniper.com,Paid Social - Meta,mofu-retarget,false
L003573,2025-09-21 16:45:00,Grace,Demir,grace.demir@ridgeline.com,ridgeline.com,Paid Social - Meta,mofu-retarget,false
L003574,2025-09-20 13:15:00,Ingrid,Ferreira,ingrid.ferreira@quarry.com,quarry.com,Paid Social - Meta,prospecting-lal,false
L003575,2025-09-06 13:00:00,Alicia,Zhang,alicia.zhang@thornbury.com,thornbury.com,Paid Social - Meta,lead-form-broad,false
L003576,2025-09-11 12:15:00,Mei,Novak,mei.novak@ridgeline.com,ridgeline.com,Paid Social - Meta,lead-form-broad,false
L003577,2025-09-30 15:30:00,Hollis,Ferreira,hollis.ferreira@saltmarsh.com,saltmarsh.com,Paid Social - Meta,prospecting-lal,false
L003578,2025-09-22 08:00:00,Lena,Vieira,lena.vieira@ironwood.com,ironwood.com,Paid Social - Meta,lead-form-broad,false
L003579,2025-09-10 11:45:00,Mei,Kavanagh,mei.kavanagh@kestrel.com,kestrel.com,Paid Social - Meta,prospecting-lal,false
L003580,2025-09-26 09:30:00,Renata,Mulvaney,renata.mulvaney@ferrous.com,ferrous.com,Paid Social - Meta,prospecting-lal,false
L003581,2025-09-14 07:00:00,Margit,Iyer,margit.iyer@ember.com,ember.com,Paid Social - Meta,lead-form-broad,false
L003582,2025-09-15 20:45:00,Arun,Petrov,arun.petrov@nimbus.com,nimbus.com,Paid Social - Meta,mofu-retarget,false
L003583,2025-09-16 19:15:00,Ingrid,Haddad,ingrid.haddad@northwind.com,northwind.com,Paid Social - Meta,mofu-retarget,false
L003584,2025-09-07 08:30:00,Beatriz,Pires,beatriz.pires@brightpath.com,brightpath.com,Paid Social - Meta,mofu-retarget,false
L003585,2025-09-12 08:30:00,Noor,Grant,noor.grant@northwind.com,northwind.com,Paid Social - Meta,lead-form-broad,false
L003586,2025-09-17 07:15:00,Renata,Pires,renata.pires@nimbus.com,nimbus.com,Paid Social - Meta,lead-form-broad,false
L003587,2025-09-28 07:45:00,Arun,Ferreira,arun.ferreira@ember.com,ember.com,Paid Social - Meta,lead-form-broad,false
L003588,2025-09-03 14:30:00,Malik,Nwosu,malik.nwosu@arclight.com,arclight.com,Paid Social - Meta,lead-form-broad,false
L003589,2025-09-29 13:30:00,Cormac,Kavanagh,cormac.kavanagh@cascade.com,cascade.com,Paid Social - Meta,prospecting-lal,false
L003590,2025-09-09 13:00:00,Arun,Doyle,arun.doyle@granitepeak.com,granitepeak.com,Paid Social - Meta,lead-form-broad,false
L003591,2025-09-03 14:45:00,Elodie,Castellanos,elodie.castellanos@kestrel.com,kestrel.com,Paid Social - Meta,prospecting-lal,false
L003592,2025-09-12 09:00:00,Adeola,Kavanagh,adeola.kavanagh@foxglove.com,foxglove.com,Paid Social - Meta,prospecting-lal,false
L003593,2025-09-09 13:15:00,Malik,Whitfield,malik.whitfield@northwind.com,northwind.com,Paid Social - Meta,mofu-retarget,false
L003594,2025-09-04 10:15:00,Priya,Lindqvist,priya.lindqvist@marlowe.com,marlowe.com,Paid Social - Meta,lead-form-broad,false
L003595,2025-09-12 14:15:00,Alicia,Demir,alicia.demir@nimbus.com,nimbus.com,Paid Social - Meta,prospecting-lal,false
L003596,2025-09-15 09:15:00,Mei,Farrell,mei.farrell@meridian.com,meridian.com,Paid Social - Meta,prospecting-lal,false
L003597,2025-09-30 19:15:00,Margit,Vieira,margit.vieira@tessellate.com,tessellate.com,Paid Social - Meta,mofu-retarget,false
L003598,2025-09-26 12:15:00,Marcus,Bergstrom,marcus.bergstrom@anvil.com,anvil.com,Paid Social - Meta,prospecting-lal,false
L003599,2025-09-04 12:00:00,Priya,Demir,priya.demir@oakhurst.com,oakhurst.com,Paid Social - Meta,mofu-retarget,false
L003600,2025-09-24 20:15:00,Malik,Moreau,malik.moreau@granitepeak.com,granitepeak.com,Paid Social - Meta,lead-form-broad,false
L003601,2025-09-04 13:00:00,Hollis,Ferreira,hollis.ferreira@quillon.com,quillon.com,Paid Social - Meta,lead-form-broad,false
L003602,2025-09-14 13:00:00,Callum,Bahri,callum.bahri@nimbus.com,nimbus.com,Paid Social - Meta,lead-form-broad,false
L003603,2025-09-14 17:45:00,Kenji,Bahri,kenji.bahri@redwood.com,redwood.com,Paid Social - Meta,prospecting-lal,false
L003604,2025-09-10 19:00:00,Noor,Whitfield,noor.whitfield@ironwood.com,ironwood.com,Paid Social - Meta,lead-form-broad,false
L003605,2025-09-25 10:30:00,Siobhan,Ferreira,siobhan.ferreira@foxglove.com,foxglove.com,Paid Social - Meta,mofu-retarget,false
L003606,2025-09-04 10:45:00,Mei,Krishnan,mei.krishnan@redwood.com,redwood.com,Paid Social - Meta,mofu-retarget,false
L003607,2025-09-16 10:15:00,Grace,Bahri,grace.bahri@redwood.com,redwood.com,Paid Social - Meta,lead-form-broad,false
L003608,2025-09-25 17:00:00,Margit,Haddad,margit.haddad@quarry.com,quarry.com,Paid Social - Meta,prospecting-lal,false
L003609,2025-09-30 07:30:00,Beatriz,Pires,beatriz.pires@arclight.com,arclight.com,Paid Social - Meta,mofu-retarget,false
L003610,2025-09-24 16:00:00,Beatriz,Doyle,beatriz.doyle@ridgeline.com,ridgeline.com,Paid Social - Meta,prospecting-lal,false
L003611,2025-09-15 12:00:00,Malik,Zhang,malik.zhang@quillon.com,quillon.com,Paid Social - Meta,prospecting-lal,false
L003612,2025-09-09 09:45:00,Grace,Zhang,grace.zhang@arclight.com,arclight.com,Paid Social - Meta,prospecting-lal,false
L003613,2025-09-17 17:30:00,Alicia,Raghunathan,alicia.raghunathan@nimbus.com,nimbus.com,Paid Social - Meta,prospecting-lal,false
L003614,2025-09-17 20:15:00,Ivo,Byrne,ivo.byrne@granitepeak.com,granitepeak.com,Paid Social - Meta,mofu-retarget,false
L003615,2025-09-30 20:45:00,Hollis,Watanabe,hollis.watanabe@juniper.com,juniper.com,Paid Social - Meta,prospecting-lal,false
L003616,2025-09-23 09:30:00,Malik,Farrell,malik.farrell@cascade.com,cascade.com,Paid Social - Meta,mofu-retarget,false
L003617,2025-09-24 16:30:00,Anaya,Szabo,anaya.szabo@arclight.com,arclight.com,Paid Social - Meta,mofu-retarget,false
L003618,2025-09-24 18:15:00,Callum,Whitfield,callum.whitfield@quillon.com,quillon.com,Paid Social - Meta,lead-form-broad,false
L003619,2025-09-10 14:45:00,Tomas,Horvat,tomas.horvat@dovetail.com,dovetail.com,Paid Social - Meta,prospecting-lal,true
L003620,2025-09-03 09:30:00,Estelle,Grant,estelle.grant@quillon.com,quillon.com,Paid Social - Meta,lead-form-broad,false
L003621,2025-09-20 18:30:00,Grace,Bergstrom,grace.bergstrom@harborview.com,harborview.com,Paid Social - Meta,mofu-retarget,false
L003622,2025-09-20 20:15:00,Omar,Haddad,omar.haddad@tessellate.com,tessellate.com,Paid Social - Meta,prospecting-lal,false
L003623,2025-09-15 20:15:00,Ivo,Mulvaney,ivo.mulvaney@marlowe.com,marlowe.com,Paid Social - Meta,prospecting-lal,false
L003624,2025-09-29 18:45:00,Margit,Vieira,margit.vieira@marlowe.com,marlowe.com,Paid Social - Meta,lead-form-broad,false
L003625,2025-09-05 09:00:00,Jonas,Grant,jonas.grant@lumen.com,lumen.com,Paid Social - Meta,mofu-retarget,false
L003626,2025-09-05 18:00:00,Margit,Bergstrom,margit.bergstrom@arclight.com,arclight.com,Paid Social - Meta,lead-form-broad,false
L003627,2025-09-07 13:00:00,Malik,Szabo,malik.szabo@solvent.com,solvent.com,Paid Social - Meta,prospecting-lal,false
L003628,2025-09-09 14:30:00,Arun,Petrov,arun.petrov@halcyon.com,halcyon.com,Paid Social - Meta,mofu-retarget,false
L003629,2025-09-24 11:45:00,Grace,Krishnan,grace.krishnan@marlowe.com,marlowe.com,Paid Social - Meta,mofu-retarget,false
L003630,2025-09-04 15:15:00,Omar,Iyer,omar.iyer@northwind.com,northwind.com,Paid Social - Meta,mofu-retarget,false
L003631,2025-09-08 13:30:00,Mei,Byrne,mei.byrne@cascade.com,cascade.com,Paid Social - Meta,lead-form-broad,false
L003632,2025-09-11 18:45:00,Siobhan,Petrov,siobhan.petrov@quillon.com,quillon.com,Paid Social - Meta,lead-form-broad,false
L003633,2025-09-12 19:45:00,Omar,Farrell,omar.farrell@ridgeline.com,ridgeline.com,Paid Social - Meta,mofu-retarget,false
L003634,2025-09-07 20:30:00,Omar,Almeida,omar.almeida@quarry.com,quarry.com,Paid Social - Meta,prospecting-lal,false
L003635,2025-09-27 19:15:00,Ingrid,Raghunathan,ingrid.raghunathan@lumen.com,lumen.com,Paid Social - Meta,lead-form-broad,false
L003636,2025-09-14 12:30:00,Elodie,Okonkwo,elodie.okonkwo@foxglove.com,foxglove.com,Paid Social - Meta,prospecting-lal,true
L003637,2025-09-30 19:15:00,Callum,Krishnan,callum.krishnan@lumen.com,lumen.com,Paid Social - Meta,lead-form-broad,false
L003638,2025-09-18 11:30:00,Margit,Horvat,margit.horvat@lumen.com,lumen.com,Paid Social - Meta,mofu-retarget,false
L003639,2025-09-01 15:15:00,Cormac,Watanabe,cormac.watanabe@halcyon.com,halcyon.com,Paid Social - Meta,prospecting-lal,false
L003640,2025-09-26 16:00:00,Tomas,Almeida,tomas.almeida@kestrel.com,kestrel.com,Paid Social - Meta,prospecting-lal,false
L003641,2025-09-15 13:30:00,Mei,Byrne,mei.byrne@solvent.com,solvent.com,Paid Social - Meta,mofu-retarget,false
L003642,2025-09-12 07:30:00,Grace,Krishnan,grace.krishnan@ember.com,ember.com,Paid Social - Meta,prospecting-lal,true
L003643,2025-09-30 15:15:00,Lena,Novak,lena.novak@halcyon.com,halcyon.com,Paid Social - Meta,mofu-retarget,false
L003644,2025-09-28 12:30:00,Kenji,Grant,kenji.grant@cascade.com,cascade.com,Paid Social - Meta,lead-form-broad,false
L003645,2025-09-21 13:30:00,Ivo,Iyer,ivo.iyer@solvent.com,solvent.com,Paid Social - Meta,lead-form-broad,false
L003646,2025-09-30 17:00:00,Callum,Vieira,callum.vieira@halcyon.com,halcyon.com,Paid Social - Meta,mofu-retarget,false
L003647,2025-09-30 16:45:00,Lena,Mulvaney,lena.mulvaney@brightpath.com,brightpath.com,Paid Social - Meta,prospecting-lal,false
L003648,2025-09-03 15:15:00,Cormac,Haddad,cormac.haddad@northwind.com,northwind.com,Paid Social - Meta,mofu-retarget,false
L003649,2025-09-04 11:45:00,Marcus,Moreau,marcus.moreau@ironwood.com,ironwood.com,Paid Social - Meta,lead-form-broad,false
L003650,2025-09-22 07:00:00,Lena,Doyle,lena.doyle@redwood.com,redwood.com,Paid Social - Meta,prospecting-lal,false
L003651,2025-09-04 16:45:00,Adeola,Aaltonen,adeola.aaltonen@oakhurst.com,oakhurst.com,Paid Social - Meta,lead-form-broad,false
L003652,2025-09-30 13:45:00,Alicia,Demir,alicia.demir@oakhurst.com,oakhurst.com,Paid Social - Meta,mofu-retarget,false
L003653,2025-09-07 19:30:00,Rafael,Moreau,rafael.moreau@lumen.com,lumen.com,Paid Social - Meta,lead-form-broad,false
L003654,2025-09-18 07:30:00,Jonas,Horvat,jonas.horvat@nimbus.com,nimbus.com,Paid Social - Meta,mofu-retarget,false
L003655,2025-09-04 20:45:00,Yusuf,Vieira,yusuf.vieira@pinnacle.com,pinnacle.com,Paid Social - Meta,mofu-retarget,false
L003656,2025-09-07 08:30:00,Grace,Kavanagh,grace.kavanagh@redwood.com,redwood.com,Paid Social - Meta,lead-form-broad,false
L003657,2025-09-17 17:45:00,Beatriz,Moreau,beatriz.moreau@juniper.com,juniper.com,Paid Social - Meta,lead-form-broad,false
L003658,2025-09-16 07:15:00,Grace,Okonkwo,grace.okonkwo@ferrous.com,ferrous.com,Paid Social - Meta,mofu-retarget,false
L003659,2025-09-02 20:30:00,Marcus,Whitfield,marcus.whitfield@meridian.com,meridian.com,Paid Social - Meta,mofu-retarget,false
L003660,2025-09-13 17:15:00,Rafael,Moreau,rafael.moreau@juniper.com,juniper.com,Paid Social - Meta,mofu-retarget,false
L003661,2025-09-04 08:45:00,Anaya,Grant,anaya.grant@saltmarsh.com,saltmarsh.com,Paid Social - Meta,lead-form-broad,false
L003662,2025-09-06 11:45:00,Marcus,Farrell,marcus.farrell@marlowe.com,marlowe.com,Paid Search - Non-Brand,solution-terms,false
L003663,2025-09-28 12:00:00,Kenji,Doyle,kenji.doyle@northwind.com,northwind.com,Paid Search - Non-Brand,competitor-terms,false
L003664,2025-09-09 18:00:00,Jonas,Vieira,jonas.vieira@dovetail.com,dovetail.com,Paid Search - Non-Brand,competitor-terms,false
L003665,2025-09-24 15:30:00,Ingrid,Mulvaney,ingrid.mulvaney@cascade.com,cascade.com,Paid Search - Non-Brand,competitor-terms,true
L003666,2025-09-14 18:15:00,Noor,Whitfield,noor.whitfield@pinnacle.com,pinnacle.com,Paid Search - Non-Brand,category-terms,false
L003667,2025-09-13 10:45:00,Tomas,Mulvaney,tomas.mulvaney@redwood.com,redwood.com,Paid Search - Non-Brand,competitor-terms,false
L003668,2025-09-09 15:45:00,Lena,Byrne,lena.byrne@brightpath.com,brightpath.com,Paid Search - Non-Brand,solution-terms,false
L003669,2025-09-08 15:15:00,Adeola,Vieira,adeola.vieira@foxglove.com,foxglove.com,Paid Search - Non-Brand,category-terms,false
L003670,2025-09-08 12:00:00,Siobhan,Almeida,siobhan.almeida@saltmarsh.com,saltmarsh.com,Paid Search - Non-Brand,solution-terms,false
L003671,2025-09-21 19:45:00,Arun,Okonkwo,arun.okonkwo@ferrous.com,ferrous.com,Paid Search - Non-Brand,competitor-terms,false
L003672,2025-09-25 07:00:00,Rafael,Bahri,rafael.bahri@dovetail.com,dovetail.com,Paid Search - Non-Brand,solution-terms,false
L003673,2025-09-03 14:15:00,Ingrid,Ferreira,ingrid.ferreira@ferrous.com,ferrous.com,Paid Search - Non-Brand,competitor-terms,false
L003674,2025-09-21 12:45:00,Alicia,Szabo,alicia.szabo@meridian.com,meridian.com,Paid Search - Non-Brand,solution-terms,false
L003675,2025-09-18 08:30:00,Renata,Horvat,renata.horvat@ridgeline.com,ridgeline.com,Paid Search - Non-Brand,category-terms,false
L003676,2025-09-15 16:00:00,Hollis,Almeida,hollis.almeida@cascade.com,cascade.com,Paid Search - Non-Brand,competitor-terms,false
L003677,2025-09-05 15:30:00,Alicia,Aaltonen,alicia.aaltonen@harborview.com,harborview.com,Paid Search - Non-Brand,solution-terms,false
L003678,2025-09-24 07:45:00,Arun,Moreau,arun.moreau@juniper.com,juniper.com,Paid Search - Non-Brand,solution-terms,false
L003679,2025-09-29 12:00:00,Tomas,Iyer,tomas.iyer@quillon.com,quillon.com,Paid Search - Non-Brand,category-terms,false
L003680,2025-09-02 14:00:00,Lena,Doyle,lena.doyle@redwood.com,redwood.com,Paid Search - Non-Brand,solution-terms,false
L003681,2025-09-29 18:15:00,Ingrid,Lindqvist,ingrid.lindqvist@arclight.com,arclight.com,Paid Search - Non-Brand,category-terms,false
L003682,2025-09-09 07:15:00,Cormac,Ferreira,cormac.ferreira@quarry.com,quarry.com,Paid Search - Non-Brand,category-terms,false
L003683,2025-09-11 13:30:00,Lena,Demir,lena.demir@ridgeline.com,ridgeline.com,Paid Search - Non-Brand,solution-terms,false
L003684,2025-09-09 12:30:00,Rafael,Demir,rafael.demir@ironwood.com,ironwood.com,Paid Search - Non-Brand,competitor-terms,false
L003685,2025-09-29 07:15:00,Mei,Haddad,mei.haddad@redwood.com,redwood.com,Paid Search - Non-Brand,competitor-terms,false
L003686,2025-09-13 11:30:00,Omar,Szabo,omar.szabo@oakhurst.com,oakhurst.com,Paid Search - Non-Brand,competitor-terms,false
L003687,2025-09-26 20:00:00,Malik,Petrov,malik.petrov@meridian.com,meridian.com,Paid Search - Non-Brand,category-terms,false
L003688,2025-09-18 14:45:00,Tomas,Mulvaney,tomas.mulvaney@thornbury.com,thornbury.com,Paid Search - Non-Brand,competitor-terms,false
L003689,2025-09-03 07:45:00,Peter,Moreau,peter.moreau@brightpath.com,brightpath.com,Paid Search - Non-Brand,category-terms,false
L003690,2025-09-08 12:15:00,Ingrid,Farrell,ingrid.farrell@ridgeline.com,ridgeline.com,Paid Search - Non-Brand,category-terms,false
L003691,2025-09-01 11:15:00,Margit,Bahri,margit.bahri@foxglove.com,foxglove.com,Paid Search - Non-Brand,competitor-terms,false
L003692,2025-09-21 18:15:00,Cormac,Nwosu,cormac.nwosu@foxglove.com,foxglove.com,Paid Search - Non-Brand,category-terms,true
L003693,2025-09-05 09:30:00,Yusuf,Szabo,yusuf.szabo@quarry.com,quarry.com,Paid Search - Non-Brand,solution-terms,false
L003694,2025-09-25 15:15:00,Adeola,Doyle,adeola.doyle@tessellate.com,tessellate.com,Paid Search - Non-Brand,category-terms,false
L003695,2025-09-27 14:15:00,Alicia,Byrne,alicia.byrne@solvent.com,solvent.com,Paid Search - Non-Brand,competitor-terms,false
L003696,2025-09-07 12:00:00,Grace,Krishnan,grace.krishnan@quillon.com,quillon.com,Paid Search - Non-Brand,competitor-terms,false
L003697,2025-09-14 11:15:00,Estelle,Watanabe,estelle.watanabe@kestrel.com,kestrel.com,Paid Search - Non-Brand,solution-terms,false
L003698,2025-09-21 13:30:00,Jonas,Castellanos,jonas.castellanos@granitepeak.com,granitepeak.com,Paid Search - Non-Brand,solution-terms,false
L003699,2025-09-17 16:45:00,Beatriz,Raghunathan,beatriz.raghunathan@solvent.com,solvent.com,Paid Search - Non-Brand,competitor-terms,false
L003700,2025-09-09 09:15:00,Marcus,Castellanos,marcus.castellanos@cascade.com,cascade.com,Paid Search - Non-Brand,solution-terms,false
L003701,2025-09-25 16:45:00,Ingrid,Farrell,ingrid.farrell@oakhurst.com,oakhurst.com,Paid Search - Non-Brand,competitor-terms,false
L003702,2025-09-03 18:15:00,Omar,Raghunathan,omar.raghunathan@kestrel.com,kestrel.com,Paid Search - Non-Brand,solution-terms,true
L003703,2025-09-30 11:00:00,Cormac,Ferreira,cormac.ferreira@ferrous.com,ferrous.com,Paid Search - Non-Brand,competitor-terms,false
L003704,2025-09-16 15:00:00,Ivo,Kavanagh,ivo.kavanagh@solvent.com,solvent.com,Paid Search - Non-Brand,solution-terms,false
L003705,2025-09-17 19:15:00,Mei,Nwosu,mei.nwosu@dovetail.com,dovetail.com,Paid Search - Non-Brand,solution-terms,false
L003706,2025-09-24 17:45:00,Beatriz,Kavanagh,beatriz.kavanagh@anvil.com,anvil.com,Paid Search - Non-Brand,category-terms,false
L003707,2025-09-12 11:00:00,Yusuf,Iyer,yusuf.iyer@quarry.com,quarry.com,Paid Search - Non-Brand,competitor-terms,false
L003708,2025-09-23 09:30:00,Marcus,Ferreira,marcus.ferreira@meridian.com,meridian.com,Paid Search - Non-Brand,solution-terms,false
L003709,2025-09-11 08:00:00,Adeola,Nwosu,adeola.nwosu@lumen.com,lumen.com,Paid Search - Non-Brand,competitor-terms,false
L003710,2025-09-28 08:00:00,Noor,Pires,noor.pires@granitepeak.com,granitepeak.com,Paid Search - Non-Brand,category-terms,false
L003711,2025-09-03 18:00:00,Mei,Ferreira,mei.ferreira@juniper.com,juniper.com,Paid Search - Non-Brand,competitor-terms,true
L003712,2025-09-05 20:45:00,Alicia,Farrell,alicia.farrell@copperline.com,copperline.com,Paid Search - Non-Brand,competitor-terms,false
L003713,2025-09-20 12:30:00,Alicia,Watanabe,alicia.watanabe@kestrel.com,kestrel.com,Paid Search - Non-Brand,solution-terms,false
L003714,2025-09-26 16:30:00,Peter,Horvat,peter.horvat@anvil.com,anvil.com,Paid Social - LinkedIn,jobtitle-targeting,false
L003715,2025-09-19 07:15:00,Adeola,Moreau,adeola.moreau@kestrel.com,kestrel.com,Paid Social - LinkedIn,abm-tier1,false
L003716,2025-09-20 17:30:00,Anaya,Ferreira,anaya.ferreira@brightpath.com,brightpath.com,Paid Social - LinkedIn,abm-tier1,false
L003717,2025-09-23 10:30:00,Noor,Novak,noor.novak@redwood.com,redwood.com,Paid Social - LinkedIn,content-download,false
L003718,2025-09-18 11:00:00,Omar,Whitfield,omar.whitfield@pinnacle.com,pinnacle.com,Paid Social - LinkedIn,abm-tier1,true
L003719,2025-09-29 16:45:00,Omar,Grant,omar.grant@quarry.com,quarry.com,Paid Social - LinkedIn,abm-tier1,true
L003720,2025-09-05 20:00:00,Renata,Doyle,renata.doyle@nimbus.com,nimbus.com,Paid Social - LinkedIn,content-download,true
L003721,2025-09-04 14:30:00,Tomas,Okonkwo,tomas.okonkwo@ember.com,ember.com,Paid Social - LinkedIn,jobtitle-targeting,false
L003722,2025-09-23 07:15:00,Priya,Novak,priya.novak@thornbury.com,thornbury.com,Paid Social - LinkedIn,content-download,false
L003723,2025-09-28 14:30:00,Beatriz,Watanabe,beatriz.watanabe@tessellate.com,tessellate.com,Paid Social - LinkedIn,abm-tier1,false
L003724,2025-09-07 20:15:00,Ingrid,Farrell,ingrid.farrell@kestrel.com,kestrel.com,Paid Social - LinkedIn,jobtitle-targeting,false
L003725,2025-09-28 13:30:00,Callum,Mulvaney,callum.mulvaney@saltmarsh.com,saltmarsh.com,Paid Social - LinkedIn,jobtitle-targeting,false
L003726,2025-09-14 14:45:00,Ingrid,Okonkwo,ingrid.okonkwo@redwood.com,redwood.com,Paid Social - LinkedIn,content-download,false
L003727,2025-09-07 12:45:00,Jonas,Iyer,jonas.iyer@copperline.com,copperline.com,Paid Social - LinkedIn,content-download,false
L003728,2025-09-07 07:45:00,Siobhan,Almeida,siobhan.almeida@oakhurst.com,oakhurst.com,Paid Social - LinkedIn,jobtitle-targeting,true
L003729,2025-09-04 09:15:00,Kenji,Ferreira,kenji.ferreira@northwind.com,northwind.com,Paid Social - LinkedIn,content-download,false
L003730,2025-09-22 15:45:00,Renata,Ferreira,renata.ferreira@copperline.com,copperline.com,Paid Social - LinkedIn,abm-tier1,false
L003731,2025-09-13 08:45:00,Malik,Raghunathan,malik.raghunathan@kestrel.com,kestrel.com,Paid Social - LinkedIn,content-download,false
L003732,2025-09-25 08:00:00,Alicia,Haddad,alicia.haddad@dovetail.com,dovetail.com,Paid Social - LinkedIn,content-download,false
L003733,2025-09-27 12:30:00,Peter,Ferreira,peter.ferreira@saltmarsh.com,saltmarsh.com,Paid Social - LinkedIn,jobtitle-targeting,false
L003734,2025-09-19 12:45:00,Alicia,Almeida,alicia.almeida@saltmarsh.com,saltmarsh.com,Paid Social - LinkedIn,jobtitle-targeting,true
L003735,2025-09-26 16:30:00,Omar,Novak,omar.novak@saltmarsh.com,saltmarsh.com,Paid Social - LinkedIn,content-download,false
L003736,2025-09-11 08:15:00,Priya,Iyer,priya.iyer@redwood.com,redwood.com,Paid Social - LinkedIn,jobtitle-targeting,false
L003737,2025-09-08 12:00:00,Renata,Petrov,renata.petrov@arclight.com,arclight.com,Paid Social - LinkedIn,content-download,true
L003738,2025-09-14 19:15:00,Jonas,Krishnan,jonas.krishnan@saltmarsh.com,saltmarsh.com,Paid Social - LinkedIn,jobtitle-targeting,false
L003739,2025-09-25 16:00:00,Mei,Mulvaney,mei.mulvaney@quarry.com,quarry.com,Paid Social - LinkedIn,abm-tier1,false
L003740,2025-09-18 09:15:00,Ivo,Aaltonen,ivo.aaltonen@granitepeak.com,granitepeak.com,Paid Social - LinkedIn,jobtitle-targeting,false
L003741,2025-09-17 09:30:00,Callum,Okonkwo,callum.okonkwo@copperline.com,copperline.com,Paid Social - LinkedIn,content-download,false
L003742,2025-09-11 08:30:00,Arun,Haddad,arun.haddad@dovetail.com,dovetail.com,Paid Social - LinkedIn,content-download,false
L003743,2025-09-17 14:30:00,Malik,Pires,malik.pires@kestrel.com,kestrel.com,Paid Social - LinkedIn,abm-tier1,true
L003744,2025-09-10 10:30:00,Arun,Haddad,arun.haddad@redwood.com,redwood.com,Paid Social - LinkedIn,jobtitle-targeting,false
L003745,2025-09-18 08:15:00,Yusuf,Ferreira,yusuf.ferreira@foxglove.com,foxglove.com,Paid Social - LinkedIn,content-download,false
L003746,2025-09-18 10:00:00,Noor,Nwosu,noor.nwosu@thornbury.com,thornbury.com,Organic / Direct,none,false
L003747,2025-09-14 14:30:00,Priya,Bahri,priya.bahri@lumen.com,lumen.com,Organic / Direct,none,false
L003748,2025-09-24 12:45:00,Anaya,Szabo,anaya.szabo@kestrel.com,kestrel.com,Organic / Direct,none,false
L003749,2025-09-16 14:45:00,Rafael,Novak,rafael.novak@copperline.com,copperline.com,Organic / Direct,none,false
L003750,2025-09-19 13:30:00,Hollis,Castellanos,hollis.castellanos@thornbury.com,thornbury.com,Organic / Direct,none,false
L003751,2025-09-17 17:00:00,Margit,Okonkwo,margit.okonkwo@thornbury.com,thornbury.com,Organic / Direct,none,false
L003752,2025-09-27 09:15:00,Malik,Zhang,malik.zhang@quillon.com,quillon.com,Organic / Direct,none,true
L003753,2025-09-15 10:00:00,Siobhan,Petrov,siobhan.petrov@pinnacle.com,pinnacle.com,Organic / Direct,none,false
L003754,2025-09-20 09:45:00,Alicia,Watanabe,alicia.watanabe@copperline.com,copperline.com,Organic / Direct,none,false
L003755,2025-09-23 12:30:00,Ivo,Watanabe,ivo.watanabe@juniper.com,juniper.com,Organic / Direct,none,false
L003756,2025-09-07 12:30:00,Omar,Okonkwo,omar.okonkwo@marlowe.com,marlowe.com,Organic / Direct,none,false
L003757,2025-09-26 17:00:00,Margit,Whitfield,margit.whitfield@dovetail.com,dovetail.com,Organic / Direct,none,false
L003758,2025-09-07 07:45:00,Lena,Farrell,lena.farrell@solvent.com,solvent.com,Organic / Direct,none,false
L003759,2025-09-20 15:30:00,Priya,Aaltonen,priya.aaltonen@brightpath.com,brightpath.com,Organic / Direct,none,false
L003760,2025-09-17 19:45:00,Margit,Nwosu,margit.nwosu@arclight.com,arclight.com,Organic / Direct,none,false
L003761,2025-09-16 19:45:00,Elodie,Kavanagh,elodie.kavanagh@quarry.com,quarry.com,Organic / Direct,none,false
L003762,2025-09-17 13:45:00,Lena,Bergstrom,lena.bergstrom@oakhurst.com,oakhurst.com,Organic / Direct,none,false
L003763,2025-09-04 13:30:00,Jonas,Novak,jonas.novak@kestrel.com,kestrel.com,Organic / Direct,none,false
L003764,2025-09-20 14:45:00,Beatriz,Horvat,beatriz.horvat@brightpath.com,brightpath.com,Organic / Direct,none,false
L003765,2025-09-01 16:00:00,Malik,Ferreira,malik.ferreira@harborview.com,harborview.com,Organic / Direct,none,false
L003766,2025-09-15 08:00:00,Priya,Petrov,priya.petrov@cascade.com,cascade.com,Organic / Direct,none,false
L003767,2025-09-09 07:30:00,Alicia,Raghunathan,alicia.raghunathan@dovetail.com,dovetail.com,Organic / Direct,none,false
L003768,2025-09-03 18:45:00,Callum,Szabo,callum.szabo@northwind.com,northwind.com,Organic / Direct,none,false
L003769,2025-09-11 20:30:00,Renata,Lindqvist,renata.lindqvist@oakhurst.com,oakhurst.com,Organic / Direct,none,false
L003770,2025-09-15 09:30:00,Alicia,Horvat,alicia.horvat@marlowe.com,marlowe.com,Organic / Direct,none,false
L003771,2025-09-24 11:00:00,Anaya,Vieira,anaya.vieira@foxglove.com,foxglove.com,Organic / Direct,none,false
L003772,2025-09-14 07:30:00,Priya,Novak,priya.novak@arclight.com,arclight.com,Organic / Direct,none,false
L003773,2025-09-17 08:45:00,Callum,Whitfield,callum.whitfield@solvent.com,solvent.com,Organic / Direct,none,false
L003774,2025-09-09 14:00:00,Callum,Raghunathan,callum.raghunathan@quarry.com,quarry.com,Organic / Direct,none,false
L003775,2025-10-15 13:00:00,Kenji,Raghunathan,kenji.raghunathan@tessellate.com,tessellate.com,Display - Programmatic,retarget-display,false
L003776,2025-10-30 18:30:00,Jonas,Zhang,jonas.zhang@saltmarsh.com,saltmarsh.com,Display - Programmatic,retarget-display,false
L003777,2025-10-10 10:00:00,Peter,Szabo,peter.szabo@harborview.com,harborview.com,Display - Programmatic,retarget-display,false
L003778,2025-10-02 15:00:00,Callum,Novak,callum.novak@quillon.com,quillon.com,Display - Programmatic,retarget-display,false
L003779,2025-10-29 17:15:00,Mei,Almeida,mei.almeida@solvent.com,solvent.com,Display - Programmatic,retarget-display,false
L003780,2025-10-10 12:00:00,Cormac,Moreau,cormac.moreau@quarry.com,quarry.com,Display - Programmatic,contextual-b2b,false
L003781,2025-10-21 19:30:00,Alicia,Grant,alicia.grant@oakhurst.com,oakhurst.com,Display - Programmatic,retarget-display,false
L003782,2025-10-08 19:15:00,Callum,Zhang,callum.zhang@redwood.com,redwood.com,Display - Programmatic,retarget-display,false
L003783,2025-10-13 15:15:00,Peter,Raghunathan,peter.raghunathan@quillon.com,quillon.com,Display - Programmatic,retarget-display,false
L003784,2025-10-18 13:00:00,Peter,Pires,peter.pires@ridgeline.com,ridgeline.com,Display - Programmatic,retarget-display,false
L003785,2025-10-03 20:15:00,Rafael,Byrne,rafael.byrne@ferrous.com,ferrous.com,Display - Programmatic,contextual-b2b,false
L003786,2025-10-25 12:00:00,Omar,Mulvaney,omar.mulvaney@cascade.com,cascade.com,Display - Programmatic,contextual-b2b,false
L003787,2025-10-30 15:00:00,Beatriz,Haddad,beatriz.haddad@halcyon.com,halcyon.com,Display - Programmatic,retarget-display,false
L003788,2025-10-21 13:00:00,Ingrid,Novak,ingrid.novak@brightpath.com,brightpath.com,Display - Programmatic,retarget-display,false
L003789,2025-10-26 16:15:00,Ingrid,Okonkwo,ingrid.okonkwo@anvil.com,anvil.com,Display - Programmatic,contextual-b2b,false
L003790,2025-10-26 09:45:00,Lena,Krishnan,lena.krishnan@marlowe.com,marlowe.com,Display - Programmatic,retarget-display,false
L003791,2025-10-29 09:00:00,Malik,Bergstrom,malik.bergstrom@juniper.com,juniper.com,Display - Programmatic,contextual-b2b,false
L003792,2025-10-15 07:00:00,Kenji,Whitfield,kenji.whitfield@redwood.com,redwood.com,Display - Programmatic,retarget-display,false
L003793,2025-10-07 16:45:00,Mei,Whitfield,mei.whitfield@ironwood.com,ironwood.com,Display - Programmatic,contextual-b2b,false
L003794,2025-10-31 18:30:00,Jonas,Horvat,jonas.horvat@copperline.com,copperline.com,Display - Programmatic,contextual-b2b,false
L003795,2025-10-14 12:30:00,Ingrid,Ferreira,ingrid.ferreira@brightpath.com,brightpath.com,Display - Programmatic,contextual-b2b,false
L003796,2025-10-04 14:00:00,Yusuf,Doyle,yusuf.doyle@juniper.com,juniper.com,Display - Programmatic,contextual-b2b,false
L003797,2025-10-10 18:15:00,Jonas,Zhang,jonas.zhang@arclight.com,arclight.com,Display - Programmatic,contextual-b2b,false
L003798,2025-10-16 13:30:00,Priya,Horvat,priya.horvat@saltmarsh.com,saltmarsh.com,Display - Programmatic,contextual-b2b,false
L003799,2025-10-28 08:30:00,Jonas,Vieira,jonas.vieira@redwood.com,redwood.com,Display - Programmatic,retarget-display,false
L003800,2025-10-04 12:30:00,Adeola,Whitfield,adeola.whitfield@halcyon.com,halcyon.com,Display - Programmatic,retarget-display,false
L003801,2025-10-09 15:45:00,Callum,Horvat,callum.horvat@brightpath.com,brightpath.com,Display - Programmatic,contextual-b2b,false
L003802,2025-10-28 13:15:00,Elodie,Lindqvist,elodie.lindqvist@nimbus.com,nimbus.com,Display - Programmatic,retarget-display,false
L003803,2025-10-06 10:00:00,Noor,Iyer,noor.iyer@halcyon.com,halcyon.com,Display - Programmatic,retarget-display,false
L003804,2025-10-16 19:00:00,Adeola,Iyer,adeola.iyer@marlowe.com,marlowe.com,Display - Programmatic,contextual-b2b,false
L003805,2025-10-11 07:30:00,Siobhan,Demir,siobhan.demir@marlowe.com,marlowe.com,Display - Programmatic,contextual-b2b,false
L003806,2025-10-25 07:15:00,Marcus,Nwosu,marcus.nwosu@quillon.com,quillon.com,Display - Programmatic,contextual-b2b,false
L003807,2025-10-10 07:00:00,Kenji,Vieira,kenji.vieira@quarry.com,quarry.com,Display - Programmatic,contextual-b2b,false
L003808,2025-10-30 16:45:00,Darius,Aaltonen,darius.aaltonen@foxglove.com,foxglove.com,Display - Programmatic,contextual-b2b,false
L003809,2025-10-08 18:45:00,Jonas,Moreau,jonas.moreau@copperline.com,copperline.com,Display - Programmatic,contextual-b2b,false
L003810,2025-10-12 08:30:00,Margit,Grant,margit.grant@kestrel.com,kestrel.com,Display - Programmatic,retarget-display,false
L003811,2025-10-24 18:30:00,Marcus,Szabo,marcus.szabo@dovetail.com,dovetail.com,Display - Programmatic,retarget-display,false
L003812,2025-10-21 13:00:00,Grace,Nwosu,grace.nwosu@tessellate.com,tessellate.com,Display - Programmatic,retarget-display,false
L003813,2025-10-25 17:15:00,Marcus,Szabo,marcus.szabo@arclight.com,arclight.com,Display - Programmatic,retarget-display,false
L003814,2025-10-22 17:45:00,Kenji,Szabo,kenji.szabo@juniper.com,juniper.com,Display - Programmatic,contextual-b2b,false
L003815,2025-10-21 15:00:00,Callum,Farrell,callum.farrell@quarry.com,quarry.com,Display - Programmatic,retarget-display,false
L003816,2025-10-16 20:30:00,Estelle,Pires,estelle.pires@ferrous.com,ferrous.com,Display - Programmatic,contextual-b2b,false
L003817,2025-10-09 11:15:00,Cormac,Doyle,cormac.doyle@cascade.com,cascade.com,Display - Programmatic,retarget-display,false
L003818,2025-10-09 20:00:00,Ivo,Demir,ivo.demir@northwind.com,northwind.com,Display - Programmatic,retarget-display,false
L003819,2025-10-01 10:30:00,Adeola,Mulvaney,adeola.mulvaney@foxglove.com,foxglove.com,Display - Programmatic,contextual-b2b,false
L003820,2025-10-21 20:00:00,Cormac,Krishnan,cormac.krishnan@marlowe.com,marlowe.com,Display - Programmatic,retarget-display,false
L003821,2025-10-24 20:45:00,Adeola,Bahri,adeola.bahri@foxglove.com,foxglove.com,Display - Programmatic,contextual-b2b,false
L003822,2025-10-18 08:15:00,Arun,Nwosu,arun.nwosu@pinnacle.com,pinnacle.com,Display - Programmatic,contextual-b2b,false
L003823,2025-10-19 08:30:00,Ivo,Lindqvist,ivo.lindqvist@arclight.com,arclight.com,Display - Programmatic,retarget-display,false
L003824,2025-10-29 13:30:00,Rafael,Nwosu,rafael.nwosu@arclight.com,arclight.com,Display - Programmatic,retarget-display,false
L003825,2025-10-01 16:45:00,Alicia,Doyle,alicia.doyle@oakhurst.com,oakhurst.com,Display - Programmatic,contextual-b2b,false
L003826,2025-10-30 15:00:00,Jonas,Demir,jonas.demir@ironwood.com,ironwood.com,Display - Programmatic,contextual-b2b,false
L003827,2025-10-03 20:00:00,Mei,Mulvaney,mei.mulvaney@ember.com,ember.com,Display - Programmatic,retarget-display,false
L003828,2025-10-14 19:30:00,Ingrid,Szabo,ingrid.szabo@thornbury.com,thornbury.com,Display - Programmatic,contextual-b2b,false
L003829,2025-10-29 20:30:00,Hollis,Aaltonen,hollis.aaltonen@ember.com,ember.com,Display - Programmatic,retarget-display,false
L003830,2025-10-29 08:45:00,Mei,Horvat,mei.horvat@ferrous.com,ferrous.com,Display - Programmatic,contextual-b2b,false
L003831,2025-10-14 17:30:00,Cormac,Raghunathan,cormac.raghunathan@halcyon.com,halcyon.com,Display - Programmatic,contextual-b2b,false
L003832,2025-10-09 07:45:00,Margit,Aaltonen,margit.aaltonen@quarry.com,quarry.com,Display - Programmatic,retarget-display,false
L003833,2025-10-03 17:00:00,Priya,Kavanagh,priya.kavanagh@saltmarsh.com,saltmarsh.com,Display - Programmatic,contextual-b2b,false
L003834,2025-10-21 13:15:00,Alicia,Nwosu,alicia.nwosu@northwind.com,northwind.com,Display - Programmatic,retarget-display,false
L003835,2025-10-11 07:15:00,Mei,Grant,mei.grant@foxglove.com,foxglove.com,Display - Programmatic,retarget-display,false
L003836,2025-10-29 17:30:00,Rafael,Haddad,rafael.haddad@pinnacle.com,pinnacle.com,Display - Programmatic,contextual-b2b,true
L003837,2025-10-25 19:45:00,Darius,Byrne,darius.byrne@copperline.com,copperline.com,Display - Programmatic,retarget-display,false
L003838,2025-10-28 17:15:00,Alicia,Vieira,alicia.vieira@marlowe.com,marlowe.com,Display - Programmatic,contextual-b2b,false
L003839,2025-10-03 09:30:00,Noor,Krishnan,noor.krishnan@ember.com,ember.com,Display - Programmatic,contextual-b2b,false
L003840,2025-10-31 20:30:00,Hollis,Mulvaney,hollis.mulvaney@kestrel.com,kestrel.com,Display - Programmatic,retarget-display,false
L003841,2025-10-08 08:45:00,Jonas,Bergstrom,jonas.bergstrom@solvent.com,solvent.com,Display - Programmatic,retarget-display,false
L003842,2025-10-04 10:30:00,Siobhan,Ferreira,siobhan.ferreira@juniper.com,juniper.com,Display - Programmatic,contextual-b2b,false
L003843,2025-10-15 07:45:00,Darius,Haddad,darius.haddad@meridian.com,meridian.com,Display - Programmatic,retarget-display,false
L003844,2025-10-15 08:15:00,Kenji,Novak,kenji.novak@marlowe.com,marlowe.com,Display - Programmatic,retarget-display,false
L003845,2025-10-01 20:00:00,Lena,Castellanos,lena.castellanos@copperline.com,copperline.com,Display - Programmatic,retarget-display,false
L003846,2025-10-24 20:30:00,Alicia,Okonkwo,alicia.okonkwo@brightpath.com,brightpath.com,Display - Programmatic,contextual-b2b,false
L003847,2025-10-27 17:30:00,Marcus,Petrov,marcus.petrov@ferrous.com,ferrous.com,Display - Programmatic,retarget-display,false
L003848,2025-10-25 12:00:00,Ivo,Whitfield,ivo.whitfield@dovetail.com,dovetail.com,Display - Programmatic,contextual-b2b,false
L003849,2025-10-26 13:00:00,Margit,Grant,margit.grant@marlowe.com,marlowe.com,Display - Programmatic,retarget-display,false
L003850,2025-10-17 17:15:00,Omar,Byrne,omar.byrne@oakhurst.com,oakhurst.com,Display - Programmatic,contextual-b2b,false
L003851,2025-10-13 13:45:00,Cormac,Byrne,cormac.byrne@kestrel.com,kestrel.com,Display - Programmatic,retarget-display,false
L003852,2025-10-15 10:15:00,Ivo,Kavanagh,ivo.kavanagh@northwind.com,northwind.com,Display - Programmatic,retarget-display,false
L003853,2025-10-22 16:00:00,Hollis,Petrov,hollis.petrov@ironwood.com,ironwood.com,Display - Programmatic,contextual-b2b,false
L003854,2025-10-25 08:15:00,Callum,Demir,callum.demir@arclight.com,arclight.com,Display - Programmatic,contextual-b2b,false
L003855,2025-10-15 11:00:00,Estelle,Whitfield,estelle.whitfield@cascade.com,cascade.com,Display - Programmatic,retarget-display,false
L003856,2025-10-20 14:15:00,Tomas,Novak,tomas.novak@marlowe.com,marlowe.com,Display - Programmatic,contextual-b2b,false
L003857,2025-10-03 07:15:00,Anaya,Doyle,anaya.doyle@lumen.com,lumen.com,Display - Programmatic,retarget-display,false
L003858,2025-10-02 17:30:00,Noor,Ferreira,noor.ferreira@ferrous.com,ferrous.com,Display - Programmatic,retarget-display,false
L003859,2025-10-28 17:15:00,Siobhan,Okonkwo,siobhan.okonkwo@copperline.com,copperline.com,Display - Programmatic,contextual-b2b,false
L003860,2025-10-18 10:15:00,Estelle,Novak,estelle.novak@saltmarsh.com,saltmarsh.com,Display - Programmatic,retarget-display,false
L003861,2025-10-02 20:15:00,Adeola,Petrov,adeola.petrov@ferrous.com,ferrous.com,Display - Programmatic,retarget-display,false
L003862,2025-10-31 11:00:00,Margit,Mulvaney,margit.mulvaney@quillon.com,quillon.com,Display - Programmatic,contextual-b2b,false
L003863,2025-10-26 10:15:00,Kenji,Novak,kenji.novak@solvent.com,solvent.com,Display - Programmatic,contextual-b2b,false
L003864,2025-10-17 09:45:00,Peter,Kavanagh,peter.kavanagh@ironwood.com,ironwood.com,Display - Programmatic,retarget-display,false
L003865,2025-10-04 18:45:00,Peter,Grant,peter.grant@quarry.com,quarry.com,Display - Programmatic,contextual-b2b,false
L003866,2025-10-19 09:00:00,Ingrid,Petrov,ingrid.petrov@foxglove.com,foxglove.com,Display - Programmatic,retarget-display,false
L003867,2025-10-01 11:45:00,Tomas,Okonkwo,tomas.okonkwo@thornbury.com,thornbury.com,Display - Programmatic,contextual-b2b,false
L003868,2025-10-06 13:00:00,Malik,Raghunathan,malik.raghunathan@redwood.com,redwood.com,Display - Programmatic,retarget-display,false
L003869,2025-10-20 11:30:00,Estelle,Mulvaney,estelle.mulvaney@kestrel.com,kestrel.com,Display - Programmatic,retarget-display,false
L003870,2025-10-12 07:00:00,Ivo,Whitfield,ivo.whitfield@oakhurst.com,oakhurst.com,Display - Programmatic,contextual-b2b,false
L003871,2025-10-23 16:15:00,Priya,Lindqvist,priya.lindqvist@granitepeak.com,granitepeak.com,Display - Programmatic,retarget-display,false
L003872,2025-10-02 20:15:00,Cormac,Raghunathan,cormac.raghunathan@foxglove.com,foxglove.com,Display - Programmatic,retarget-display,false
L003873,2025-10-24 09:30:00,Ingrid,Raghunathan,ingrid.raghunathan@thornbury.com,thornbury.com,Display - Programmatic,retarget-display,false
L003874,2025-10-29 12:15:00,Cormac,Ferreira,cormac.ferreira@quillon.com,quillon.com,Display - Programmatic,contextual-b2b,false
L003875,2025-10-10 12:45:00,Omar,Vieira,omar.vieira@lumen.com,lumen.com,Display - Programmatic,retarget-display,false
L003876,2025-10-02 09:00:00,Beatriz,Demir,beatriz.demir@kestrel.com,kestrel.com,Display - Programmatic,retarget-display,false
L003877,2025-10-25 10:45:00,Marcus,Farrell,marcus.farrell@ferrous.com,ferrous.com,Display - Programmatic,retarget-display,false
L003878,2025-10-26 11:30:00,Omar,Nwosu,omar.nwosu@kestrel.com,kestrel.com,Display - Programmatic,contextual-b2b,false
L003879,2025-10-13 09:15:00,Rafael,Watanabe,rafael.watanabe@solvent.com,solvent.com,Display - Programmatic,retarget-display,false
L003880,2025-10-16 20:30:00,Peter,Krishnan,peter.krishnan@northwind.com,northwind.com,Display - Programmatic,contextual-b2b,false
L003881,2025-10-31 18:00:00,Lena,Krishnan,lena.krishnan@tessellate.com,tessellate.com,Display - Programmatic,contextual-b2b,false
L003882,2025-10-22 10:00:00,Arun,Petrov,arun.petrov@halcyon.com,halcyon.com,Display - Programmatic,retarget-display,false
L003883,2025-10-18 19:00:00,Marcus,Okonkwo,marcus.okonkwo@meridian.com,meridian.com,Display - Programmatic,retarget-display,false
L003884,2025-10-01 13:30:00,Yusuf,Novak,yusuf.novak@marlowe.com,marlowe.com,Display - Programmatic,contextual-b2b,false
L003885,2025-10-23 17:00:00,Darius,Lindqvist,darius.lindqvist@kestrel.com,kestrel.com,Display - Programmatic,contextual-b2b,false
L003886,2025-10-21 15:45:00,Cormac,Horvat,cormac.horvat@dovetail.com,dovetail.com,Display - Programmatic,retarget-display,false
L003887,2025-10-18 07:30:00,Anaya,Szabo,anaya.szabo@oakhurst.com,oakhurst.com,Display - Programmatic,contextual-b2b,false
L003888,2025-10-15 12:00:00,Siobhan,Novak,siobhan.novak@thornbury.com,thornbury.com,Paid Search - Brand,brand-phrase,false
L003889,2025-10-13 20:30:00,Renata,Pires,renata.pires@ridgeline.com,ridgeline.com,Paid Search - Brand,brand-exact,false
L003890,2025-10-05 11:00:00,Ivo,Mulvaney,ivo.mulvaney@arclight.com,arclight.com,Paid Search - Brand,brand-phrase,false
L003891,2025-10-11 17:30:00,Malik,Iyer,malik.iyer@arclight.com,arclight.com,Paid Search - Brand,brand-exact,false
L003892,2025-10-31 15:45:00,Beatriz,Farrell,beatriz.farrell@ember.com,ember.com,Paid Search - Brand,brand-exact,false
L003893,2025-10-25 08:15:00,Rafael,Castellanos,rafael.castellanos@granitepeak.com,granitepeak.com,Paid Search - Brand,brand-exact,false
L003894,2025-10-12 19:45:00,Estelle,Moreau,estelle.moreau@quarry.com,quarry.com,Paid Search - Brand,brand-exact,true
L003895,2025-10-29 17:45:00,Arun,Krishnan,arun.krishnan@ember.com,ember.com,Paid Search - Brand,brand-exact,false
L003896,2025-10-15 19:15:00,Darius,Aaltonen,darius.aaltonen@marlowe.com,marlowe.com,Paid Search - Brand,brand-phrase,false
L003897,2025-10-26 14:00:00,Tomas,Grant,tomas.grant@solvent.com,solvent.com,Paid Search - Brand,brand-exact,false
L003898,2025-10-23 16:30:00,Callum,Bahri,callum.bahri@copperline.com,copperline.com,Paid Search - Brand,brand-exact,false
L003899,2025-10-05 14:15:00,Elodie,Demir,elodie.demir@ironwood.com,ironwood.com,Paid Search - Brand,brand-phrase,false
L003900,2025-10-25 09:15:00,Mei,Raghunathan,mei.raghunathan@saltmarsh.com,saltmarsh.com,Paid Search - Brand,brand-exact,false
L003901,2025-10-27 11:45:00,Anaya,Bahri,anaya.bahri@nimbus.com,nimbus.com,Paid Search - Brand,brand-phrase,false
L003902,2025-10-15 09:00:00,Arun,Horvat,arun.horvat@ironwood.com,ironwood.com,Paid Search - Brand,brand-exact,true
L003903,2025-10-13 15:45:00,Yusuf,Szabo,yusuf.szabo@juniper.com,juniper.com,Paid Search - Brand,brand-exact,false
L003904,2025-10-16 17:15:00,Tomas,Bahri,tomas.bahri@granitepeak.com,granitepeak.com,Paid Search - Brand,brand-exact,false
L003905,2025-10-24 14:00:00,Ivo,Vieira,ivo.vieira@ferrous.com,ferrous.com,Paid Search - Brand,brand-phrase,false
L003906,2025-10-11 17:15:00,Arun,Krishnan,arun.krishnan@pinnacle.com,pinnacle.com,Paid Search - Brand,brand-phrase,false
L003907,2025-10-18 08:30:00,Grace,Vieira,grace.vieira@marlowe.com,marlowe.com,Paid Search - Brand,brand-exact,false
L003908,2025-10-10 20:15:00,Darius,Iyer,darius.iyer@brightpath.com,brightpath.com,Paid Search - Brand,brand-exact,false
L003909,2025-10-22 07:00:00,Noor,Watanabe,noor.watanabe@thornbury.com,thornbury.com,Paid Search - Brand,brand-exact,false
L003910,2025-10-31 19:45:00,Mei,Grant,mei.grant@granitepeak.com,granitepeak.com,Paid Search - Brand,brand-phrase,false
L003911,2025-10-14 11:30:00,Siobhan,Aaltonen,siobhan.aaltonen@tessellate.com,tessellate.com,Paid Search - Brand,brand-phrase,true
L003912,2025-10-30 10:15:00,Omar,Iyer,omar.iyer@arclight.com,arclight.com,Paid Search - Brand,brand-exact,false
L003913,2025-10-08 18:00:00,Rafael,Ferreira,rafael.ferreira@harborview.com,harborview.com,Paid Search - Brand,brand-phrase,false
L003914,2025-10-29 19:15:00,Noor,Almeida,noor.almeida@thornbury.com,thornbury.com,Paid Search - Brand,brand-phrase,false
L003915,2025-10-30 11:00:00,Lena,Kavanagh,lena.kavanagh@anvil.com,anvil.com,Paid Search - Brand,brand-phrase,false
L003916,2025-10-06 10:30:00,Tomas,Demir,tomas.demir@ember.com,ember.com,Paid Search - Brand,brand-phrase,false
L003917,2025-10-31 14:15:00,Margit,Kavanagh,margit.kavanagh@meridian.com,meridian.com,Paid Search - Brand,brand-exact,false
L003918,2025-10-08 11:45:00,Alicia,Krishnan,alicia.krishnan@northwind.com,northwind.com,Paid Search - Brand,brand-exact,true
L003919,2025-10-16 15:15:00,Malik,Zhang,malik.zhang@oakhurst.com,oakhurst.com,Paid Search - Brand,brand-phrase,true
L003920,2025-10-20 13:45:00,Renata,Moreau,renata.moreau@harborview.com,harborview.com,Paid Search - Brand,brand-exact,false
L003921,2025-10-01 12:30:00,Rafael,Doyle,rafael.doyle@foxglove.com,foxglove.com,Paid Search - Brand,brand-phrase,false
L003922,2025-10-26 12:00:00,Malik,Haddad,malik.haddad@quarry.com,quarry.com,Paid Search - Brand,brand-phrase,false
L003923,2025-10-15 07:00:00,Adeola,Almeida,adeola.almeida@lumen.com,lumen.com,Paid Search - Brand,brand-phrase,false
L003924,2025-10-27 18:00:00,Estelle,Szabo,estelle.szabo@ferrous.com,ferrous.com,Paid Search - Brand,brand-exact,true
L003925,2025-10-19 09:45:00,Yusuf,Okonkwo,yusuf.okonkwo@oakhurst.com,oakhurst.com,Paid Search - Brand,brand-exact,false
L003926,2025-10-23 16:30:00,Cormac,Ferreira,cormac.ferreira@cascade.com,cascade.com,Paid Search - Brand,brand-exact,false
L003927,2025-10-05 07:30:00,Peter,Szabo,peter.szabo@cascade.com,cascade.com,Paid Search - Brand,brand-phrase,false
L003928,2025-10-14 16:45:00,Arun,Watanabe,arun.watanabe@oakhurst.com,oakhurst.com,Paid Search - Brand,brand-phrase,false
L003929,2025-10-27 20:30:00,Malik,Castellanos,malik.castellanos@granitepeak.com,granitepeak.com,Paid Search - Brand,brand-exact,false
L003930,2025-10-22 14:30:00,Omar,Szabo,omar.szabo@cascade.com,cascade.com,Paid Search - Brand,brand-phrase,false
L003931,2025-10-23 07:00:00,Yusuf,Aaltonen,yusuf.aaltonen@oakhurst.com,oakhurst.com,Paid Search - Brand,brand-phrase,true
L003932,2025-10-30 13:45:00,Rafael,Almeida,rafael.almeida@brightpath.com,brightpath.com,Paid Search - Brand,brand-exact,false
L003933,2025-10-01 08:45:00,Ivo,Demir,ivo.demir@halcyon.com,halcyon.com,Paid Search - Brand,brand-phrase,false
L003934,2025-10-03 15:00:00,Beatriz,Horvat,beatriz.horvat@ferrous.com,ferrous.com,Paid Search - Brand,brand-exact,false
L003935,2025-10-21 11:30:00,Peter,Kavanagh,peter.kavanagh@arclight.com,arclight.com,Paid Search - Brand,brand-exact,true
L003936,2025-10-09 07:15:00,Kenji,Haddad,kenji.haddad@dovetail.com,dovetail.com,Paid Search - Brand,brand-exact,false
L003937,2025-10-08 15:15:00,Marcus,Mulvaney,marcus.mulvaney@ironwood.com,ironwood.com,Paid Search - Brand,brand-phrase,false
L003938,2025-10-12 14:15:00,Siobhan,Petrov,siobhan.petrov@arclight.com,arclight.com,Paid Search - Brand,brand-phrase,false
L003939,2025-10-16 09:45:00,Hollis,Okonkwo,hollis.okonkwo@pinnacle.com,pinnacle.com,Paid Search - Brand,brand-exact,false
L003940,2025-10-20 07:00:00,Rafael,Ferreira,rafael.ferreira@marlowe.com,marlowe.com,Paid Social - Meta,lead-form-broad,false
L003941,2025-10-26 16:45:00,Marcus,Demir,marcus.demir@ironwood.com,ironwood.com,Paid Social - Meta,prospecting-lal,false
L003942,2025-10-12 08:00:00,Peter,Grant,peter.grant@solvent.com,solvent.com,Paid Social - Meta,mofu-retarget,false
L003943,2025-10-01 18:15:00,Estelle,Byrne,estelle.byrne@quarry.com,quarry.com,Paid Social - Meta,lead-form-broad,false
L003944,2025-10-07 19:30:00,Mei,Pires,mei.pires@quarry.com,quarry.com,Paid Social - Meta,prospecting-lal,false
L003945,2025-10-20 09:00:00,Noor,Zhang,noor.zhang@juniper.com,juniper.com,Paid Social - Meta,lead-form-broad,false
L003946,2025-10-19 08:45:00,Ingrid,Demir,ingrid.demir@quarry.com,quarry.com,Paid Social - Meta,mofu-retarget,false
L003947,2025-10-09 15:30:00,Malik,Grant,malik.grant@northwind.com,northwind.com,Paid Social - Meta,mofu-retarget,false
L003948,2025-10-15 16:00:00,Marcus,Bergstrom,marcus.bergstrom@thornbury.com,thornbury.com,Paid Social - Meta,prospecting-lal,false
L003949,2025-10-26 12:15:00,Cormac,Pires,cormac.pires@marlowe.com,marlowe.com,Paid Social - Meta,prospecting-lal,false
L003950,2025-10-05 09:30:00,Mei,Bahri,mei.bahri@dovetail.com,dovetail.com,Paid Social - Meta,lead-form-broad,false
L003951,2025-10-31 20:45:00,Alicia,Horvat,alicia.horvat@copperline.com,copperline.com,Paid Social - Meta,mofu-retarget,false
L003952,2025-10-24 11:30:00,Hollis,Vieira,hollis.vieira@foxglove.com,foxglove.com,Paid Social - Meta,mofu-retarget,false
L003953,2025-10-18 19:30:00,Priya,Farrell,priya.farrell@granitepeak.com,granitepeak.com,Paid Social - Meta,mofu-retarget,false
L003954,2025-10-25 13:00:00,Kenji,Haddad,kenji.haddad@harborview.com,harborview.com,Paid Social - Meta,lead-form-broad,false
L003955,2025-10-17 15:00:00,Priya,Petrov,priya.petrov@quillon.com,quillon.com,Paid Social - Meta,prospecting-lal,false
L003956,2025-10-03 10:00:00,Noor,Zhang,noor.zhang@ridgeline.com,ridgeline.com,Paid Social - Meta,mofu-retarget,false
L003957,2025-10-12 08:45:00,Omar,Pires,omar.pires@anvil.com,anvil.com,Paid Social - Meta,prospecting-lal,false
L003958,2025-10-11 19:30:00,Omar,Okonkwo,omar.okonkwo@quarry.com,quarry.com,Paid Social - Meta,mofu-retarget,false
L003959,2025-10-31 09:15:00,Adeola,Nwosu,adeola.nwosu@meridian.com,meridian.com,Paid Social - Meta,prospecting-lal,false
L003960,2025-10-11 10:15:00,Elodie,Vieira,elodie.vieira@redwood.com,redwood.com,Paid Social - Meta,lead-form-broad,false
L003961,2025-10-24 17:15:00,Kenji,Lindqvist,kenji.lindqvist@foxglove.com,foxglove.com,Paid Social - Meta,lead-form-broad,false
L003962,2025-10-31 19:30:00,Ivo,Raghunathan,ivo.raghunathan@lumen.com,lumen.com,Paid Social - Meta,mofu-retarget,false
L003963,2025-10-11 11:45:00,Malik,Krishnan,malik.krishnan@arclight.com,arclight.com,Paid Social - Meta,mofu-retarget,false
L003964,2025-10-04 13:45:00,Elodie,Okonkwo,elodie.okonkwo@anvil.com,anvil.com,Paid Social - Meta,mofu-retarget,false
L003965,2025-10-12 10:15:00,Darius,Petrov,darius.petrov@dovetail.com,dovetail.com,Paid Social - Meta,prospecting-lal,false
L003966,2025-10-27 17:15:00,Yusuf,Kavanagh,yusuf.kavanagh@foxglove.com,foxglove.com,Paid Social - Meta,prospecting-lal,false
L003967,2025-10-24 12:15:00,Ingrid,Byrne,ingrid.byrne@marlowe.com,marlowe.com,Paid Social - Meta,mofu-retarget,false
L003968,2025-10-29 19:30:00,Alicia,Haddad,alicia.haddad@redwood.com,redwood.com,Paid Social - Meta,mofu-retarget,false
L003969,2025-10-04 11:15:00,Malik,Iyer,malik.iyer@cascade.com,cascade.com,Paid Social - Meta,mofu-retarget,false
L003970,2025-10-16 14:00:00,Lena,Ferreira,lena.ferreira@brightpath.com,brightpath.com,Paid Social - Meta,prospecting-lal,false
L003971,2025-10-08 19:45:00,Malik,Ferreira,malik.ferreira@lumen.com,lumen.com,Paid Social - Meta,lead-form-broad,true
L003972,2025-10-23 15:45:00,Elodie,Novak,elodie.novak@arclight.com,arclight.com,Paid Social - Meta,mofu-retarget,false
L003973,2025-10-31 19:15:00,Noor,Castellanos,noor.castellanos@ember.com,ember.com,Paid Social - Meta,prospecting-lal,false
L003974,2025-10-23 07:00:00,Ingrid,Vieira,ingrid.vieira@pinnacle.com,pinnacle.com,Paid Social - Meta,prospecting-lal,false
L003975,2025-10-22 11:45:00,Lena,Iyer,lena.iyer@ferrous.com,ferrous.com,Paid Social - Meta,lead-form-broad,false
L003976,2025-10-23 20:00:00,Elodie,Demir,elodie.demir@marlowe.com,marlowe.com,Paid Social - Meta,lead-form-broad,false
L003977,2025-10-22 16:15:00,Callum,Farrell,callum.farrell@quillon.com,quillon.com,Paid Social - Meta,prospecting-lal,false
L003978,2025-10-07 12:15:00,Marcus,Bergstrom,marcus.bergstrom@ember.com,ember.com,Paid Social - Meta,mofu-retarget,false
L003979,2025-10-01 08:15:00,Siobhan,Kavanagh,siobhan.kavanagh@tessellate.com,tessellate.com,Paid Social - Meta,mofu-retarget,false
L003980,2025-10-06 17:45:00,Cormac,Doyle,cormac.doyle@oakhurst.com,oakhurst.com,Paid Social - Meta,mofu-retarget,false
L003981,2025-10-02 17:45:00,Callum,Byrne,callum.byrne@harborview.com,harborview.com,Paid Social - Meta,prospecting-lal,false
L003982,2025-10-23 16:30:00,Adeola,Lindqvist,adeola.lindqvist@oakhurst.com,oakhurst.com,Paid Social - Meta,prospecting-lal,false
L003983,2025-10-23 19:45:00,Estelle,Raghunathan,estelle.raghunathan@anvil.com,anvil.com,Paid Social - Meta,lead-form-broad,false
L003984,2025-10-11 15:15:00,Elodie,Almeida,elodie.almeida@dovetail.com,dovetail.com,Paid Social - Meta,prospecting-lal,false
L003985,2025-10-26 16:45:00,Kenji,Demir,kenji.demir@lumen.com,lumen.com,Paid Social - Meta,lead-form-broad,false
L003986,2025-10-08 15:45:00,Alicia,Grant,alicia.grant@solvent.com,solvent.com,Paid Social - Meta,lead-form-broad,false
L003987,2025-10-21 14:15:00,Arun,Petrov,arun.petrov@redwood.com,redwood.com,Paid Social - Meta,lead-form-broad,false
L003988,2025-10-25 07:00:00,Marcus,Szabo,marcus.szabo@kestrel.com,kestrel.com,Paid Social - Meta,mofu-retarget,false
L003989,2025-10-07 09:00:00,Adeola,Farrell,adeola.farrell@dovetail.com,dovetail.com,Paid Social - Meta,lead-form-broad,false
L003990,2025-10-31 17:45:00,Lena,Raghunathan,lena.raghunathan@lumen.com,lumen.com,Paid Social - Meta,lead-form-broad,false
L003991,2025-10-04 09:30:00,Anaya,Bergstrom,anaya.bergstrom@brightpath.com,brightpath.com,Paid Social - Meta,prospecting-lal,false
L003992,2025-10-30 16:00:00,Tomas,Lindqvist,tomas.lindqvist@meridian.com,meridian.com,Paid Social - Meta,mofu-retarget,false
L003993,2025-10-14 20:45:00,Callum,Okonkwo,callum.okonkwo@ridgeline.com,ridgeline.com,Paid Social - Meta,prospecting-lal,false
L003994,2025-10-25 16:30:00,Renata,Horvat,renata.horvat@quillon.com,quillon.com,Paid Social - Meta,mofu-retarget,false
L003995,2025-10-15 07:00:00,Rafael,Watanabe,rafael.watanabe@harborview.com,harborview.com,Paid Social - Meta,lead-form-broad,false
L003996,2025-10-29 13:00:00,Adeola,Farrell,adeola.farrell@dovetail.com,dovetail.com,Paid Social - Meta,prospecting-lal,false
L003997,2025-10-21 15:30:00,Estelle,Szabo,estelle.szabo@cascade.com,cascade.com,Paid Social - Meta,prospecting-lal,false
L003998,2025-10-05 17:00:00,Omar,Okonkwo,omar.okonkwo@ferrous.com,ferrous.com,Paid Social - Meta,mofu-retarget,false
L003999,2025-10-14 12:45:00,Jonas,Novak,jonas.novak@harborview.com,harborview.com,Paid Social - Meta,mofu-retarget,false
L004000,2025-10-25 17:00:00,Marcus,Doyle,marcus.doyle@halcyon.com,halcyon.com,Paid Social - Meta,mofu-retarget,false
L004001,2025-10-04 19:45:00,Marcus,Petrov,marcus.petrov@harborview.com,harborview.com,Paid Social - Meta,mofu-retarget,false
L004002,2025-10-30 09:15:00,Priya,Watanabe,priya.watanabe@lumen.com,lumen.com,Paid Social - Meta,lead-form-broad,false
L004003,2025-10-29 20:45:00,Darius,Kavanagh,darius.kavanagh@tessellate.com,tessellate.com,Paid Social - Meta,prospecting-lal,false
L004004,2025-10-03 14:00:00,Cormac,Lindqvist,cormac.lindqvist@saltmarsh.com,saltmarsh.com,Paid Social - Meta,mofu-retarget,false
L004005,2025-10-07 10:15:00,Marcus,Aaltonen,marcus.aaltonen@meridian.com,meridian.com,Paid Social - Meta,prospecting-lal,false
L004006,2025-10-29 09:45:00,Cormac,Krishnan,cormac.krishnan@ridgeline.com,ridgeline.com,Paid Social - Meta,lead-form-broad,false
L004007,2025-10-26 20:15:00,Arun,Bergstrom,arun.bergstrom@copperline.com,copperline.com,Paid Social - Meta,lead-form-broad,false
L004008,2025-10-03 08:45:00,Ingrid,Okonkwo,ingrid.okonkwo@granitepeak.com,granitepeak.com,Paid Social - Meta,mofu-retarget,false
L004009,2025-10-09 11:45:00,Arun,Bergstrom,arun.bergstrom@thornbury.com,thornbury.com,Paid Social - Meta,mofu-retarget,false
L004010,2025-10-19 07:45:00,Ingrid,Doyle,ingrid.doyle@quillon.com,quillon.com,Paid Social - Meta,lead-form-broad,false
L004011,2025-10-06 16:15:00,Noor,Krishnan,noor.krishnan@redwood.com,redwood.com,Paid Social - Meta,mofu-retarget,false
L004012,2025-10-08 10:30:00,Hollis,Byrne,hollis.byrne@marlowe.com,marlowe.com,Paid Social - Meta,mofu-retarget,false
L004013,2025-10-13 11:15:00,Ivo,Haddad,ivo.haddad@nimbus.com,nimbus.com,Paid Social - Meta,lead-form-broad,false
L004014,2025-10-11 10:30:00,Margit,Horvat,margit.horvat@quillon.com,quillon.com,Paid Social - Meta,prospecting-lal,false
L004015,2025-10-27 09:45:00,Anaya,Moreau,anaya.moreau@lumen.com,lumen.com,Paid Social - Meta,prospecting-lal,false
L004016,2025-10-16 15:45:00,Alicia,Bergstrom,alicia.bergstrom@thornbury.com,thornbury.com,Paid Social - Meta,lead-form-broad,false
L004017,2025-10-15 12:45:00,Mei,Lindqvist,mei.lindqvist@lumen.com,lumen.com,Paid Social - Meta,lead-form-broad,false
L004018,2025-10-29 17:30:00,Mei,Novak,mei.novak@saltmarsh.com,saltmarsh.com,Paid Social - Meta,mofu-retarget,false
L004019,2025-10-29 11:15:00,Ingrid,Almeida,ingrid.almeida@tessellate.com,tessellate.com,Paid Social - Meta,lead-form-broad,false
L004020,2025-10-06 08:15:00,Kenji,Pires,kenji.pires@cascade.com,cascade.com,Paid Social - Meta,lead-form-broad,false
L004021,2025-10-05 19:15:00,Malik,Almeida,malik.almeida@dovetail.com,dovetail.com,Paid Social - Meta,lead-form-broad,false
L004022,2025-10-13 17:15:00,Callum,Grant,callum.grant@quillon.com,quillon.com,Paid Social - Meta,mofu-retarget,false
L004023,2025-10-30 11:15:00,Lena,Novak,lena.novak@quarry.com,quarry.com,Paid Social - Meta,lead-form-broad,false
L004024,2025-10-19 09:30:00,Mei,Kavanagh,mei.kavanagh@northwind.com,northwind.com,Paid Social - Meta,mofu-retarget,false
L004025,2025-10-11 18:15:00,Cormac,Moreau,cormac.moreau@pinnacle.com,pinnacle.com,Paid Social - Meta,mofu-retarget,false
L004026,2025-10-12 15:30:00,Anaya,Nwosu,anaya.nwosu@saltmarsh.com,saltmarsh.com,Paid Social - Meta,prospecting-lal,false
L004027,2025-10-21 11:15:00,Tomas,Farrell,tomas.farrell@foxglove.com,foxglove.com,Paid Social - Meta,lead-form-broad,false
L004028,2025-10-23 12:00:00,Callum,Szabo,callum.szabo@ferrous.com,ferrous.com,Paid Social - Meta,prospecting-lal,false
L004029,2025-10-30 09:15:00,Lena,Pires,lena.pires@quarry.com,quarry.com,Paid Social - Meta,lead-form-broad,false
L004030,2025-10-18 13:45:00,Peter,Castellanos,peter.castellanos@ironwood.com,ironwood.com,Paid Social - Meta,prospecting-lal,false
L004031,2025-10-03 11:00:00,Callum,Mulvaney,callum.mulvaney@arclight.com,arclight.com,Paid Social - Meta,prospecting-lal,false
L004032,2025-10-15 12:00:00,Noor,Novak,noor.novak@foxglove.com,foxglove.com,Paid Social - Meta,prospecting-lal,false
L004033,2025-10-15 12:30:00,Grace,Castellanos,grace.castellanos@marlowe.com,marlowe.com,Paid Social - Meta,prospecting-lal,false
L004034,2025-10-07 09:45:00,Hollis,Kavanagh,hollis.kavanagh@quillon.com,quillon.com,Paid Social - Meta,lead-form-broad,false
L004035,2025-10-12 14:00:00,Callum,Iyer,callum.iyer@ridgeline.com,ridgeline.com,Paid Social - Meta,prospecting-lal,false
L004036,2025-10-02 15:45:00,Ingrid,Vieira,ingrid.vieira@quillon.com,quillon.com,Paid Social - Meta,prospecting-lal,false
L004037,2025-10-22 16:45:00,Adeola,Almeida,adeola.almeida@anvil.com,anvil.com,Paid Social - Meta,mofu-retarget,false
L004038,2025-10-31 08:30:00,Anaya,Watanabe,anaya.watanabe@ridgeline.com,ridgeline.com,Paid Social - Meta,mofu-retarget,false
L004039,2025-10-13 09:00:00,Hollis,Iyer,hollis.iyer@quarry.com,quarry.com,Paid Social - Meta,mofu-retarget,false
L004040,2025-10-12 17:30:00,Beatriz,Demir,beatriz.demir@thornbury.com,thornbury.com,Paid Social - Meta,prospecting-lal,false
L004041,2025-10-01 13:30:00,Peter,Raghunathan,peter.raghunathan@marlowe.com,marlowe.com,Paid Social - Meta,prospecting-lal,false
L004042,2025-10-24 10:15:00,Beatriz,Bahri,beatriz.bahri@lumen.com,lumen.com,Paid Social - Meta,prospecting-lal,false
L004043,2025-10-21 07:30:00,Renata,Petrov,renata.petrov@solvent.com,solvent.com,Paid Social - Meta,mofu-retarget,false
L004044,2025-10-14 10:30:00,Malik,Pires,malik.pires@pinnacle.com,pinnacle.com,Paid Social - Meta,prospecting-lal,false
L004045,2025-10-28 15:15:00,Kenji,Doyle,kenji.doyle@tessellate.com,tessellate.com,Paid Social - Meta,lead-form-broad,false
L004046,2025-10-08 13:00:00,Jonas,Haddad,jonas.haddad@solvent.com,solvent.com,Paid Social - Meta,mofu-retarget,false
L004047,2025-10-03 15:30:00,Ingrid,Whitfield,ingrid.whitfield@juniper.com,juniper.com,Paid Social - Meta,prospecting-lal,false
L004048,2025-10-02 17:30:00,Margit,Whitfield,margit.whitfield@granitepeak.com,granitepeak.com,Paid Social - Meta,prospecting-lal,false
L004049,2025-10-11 11:00:00,Jonas,Lindqvist,jonas.lindqvist@foxglove.com,foxglove.com,Paid Social - Meta,lead-form-broad,false
L004050,2025-10-29 08:45:00,Darius,Grant,darius.grant@harborview.com,harborview.com,Paid Social - Meta,lead-form-broad,false
L004051,2025-10-25 18:15:00,Kenji,Castellanos,kenji.castellanos@anvil.com,anvil.com,Paid Social - Meta,lead-form-broad,false
L004052,2025-10-16 20:30:00,Noor,Okonkwo,noor.okonkwo@harborview.com,harborview.com,Paid Social - Meta,lead-form-broad,false
L004053,2025-10-20 16:00:00,Cormac,Zhang,cormac.zhang@copperline.com,copperline.com,Paid Social - Meta,lead-form-broad,false
L004054,2025-10-29 19:45:00,Ingrid,Castellanos,ingrid.castellanos@dovetail.com,dovetail.com,Paid Social - Meta,mofu-retarget,false
L004055,2025-10-19 12:15:00,Siobhan,Krishnan,siobhan.krishnan@ember.com,ember.com,Paid Social - Meta,mofu-retarget,false
L004056,2025-10-28 11:30:00,Callum,Kavanagh,callum.kavanagh@marlowe.com,marlowe.com,Paid Social - Meta,lead-form-broad,false
L004057,2025-10-25 09:15:00,Anaya,Moreau,anaya.moreau@ridgeline.com,ridgeline.com,Paid Social - Meta,lead-form-broad,false
L004058,2025-10-24 09:30:00,Grace,Haddad,grace.haddad@ferrous.com,ferrous.com,Paid Social - Meta,mofu-retarget,false
L004059,2025-10-17 15:15:00,Lena,Watanabe,lena.watanabe@copperline.com,copperline.com,Paid Social - Meta,mofu-retarget,false
L004060,2025-10-01 16:45:00,Anaya,Mulvaney,anaya.mulvaney@quarry.com,quarry.com,Paid Social - Meta,lead-form-broad,false
L004061,2025-10-13 18:15:00,Mei,Bergstrom,mei.bergstrom@lumen.com,lumen.com,Paid Social - Meta,mofu-retarget,false
L004062,2025-10-31 13:00:00,Priya,Whitfield,priya.whitfield@ironwood.com,ironwood.com,Paid Social - Meta,lead-form-broad,false
L004063,2025-10-16 17:30:00,Malik,Whitfield,malik.whitfield@thornbury.com,thornbury.com,Paid Social - Meta,mofu-retarget,false
L004064,2025-10-31 12:30:00,Beatriz,Kavanagh,beatriz.kavanagh@oakhurst.com,oakhurst.com,Paid Social - Meta,prospecting-lal,false
L004065,2025-10-08 14:30:00,Elodie,Nwosu,elodie.nwosu@lumen.com,lumen.com,Paid Social - Meta,prospecting-lal,false
L004066,2025-10-14 16:45:00,Siobhan,Whitfield,siobhan.whitfield@granitepeak.com,granitepeak.com,Paid Social - Meta,mofu-retarget,false
L004067,2025-10-27 15:45:00,Margit,Szabo,margit.szabo@granitepeak.com,granitepeak.com,Paid Social - Meta,mofu-retarget,false
L004068,2025-10-31 14:45:00,Beatriz,Petrov,beatriz.petrov@brightpath.com,brightpath.com,Paid Social - Meta,mofu-retarget,false
L004069,2025-10-15 07:30:00,Malik,Bergstrom,malik.bergstrom@copperline.com,copperline.com,Paid Social - Meta,lead-form-broad,false
L004070,2025-10-24 15:00:00,Estelle,Zhang,estelle.zhang@ironwood.com,ironwood.com,Paid Social - Meta,prospecting-lal,false
L004071,2025-10-11 18:30:00,Siobhan,Byrne,siobhan.byrne@quillon.com,quillon.com,Paid Social - Meta,mofu-retarget,false
L004072,2025-10-22 17:00:00,Beatriz,Novak,beatriz.novak@arclight.com,arclight.com,Paid Social - Meta,mofu-retarget,false
L004073,2025-10-08 20:45:00,Peter,Haddad,peter.haddad@ember.com,ember.com,Paid Social - Meta,mofu-retarget,false
L004074,2025-10-04 10:30:00,Peter,Nwosu,peter.nwosu@harborview.com,harborview.com,Paid Social - Meta,prospecting-lal,false
L004075,2025-10-13 20:15:00,Estelle,Okonkwo,estelle.okonkwo@northwind.com,northwind.com,Paid Social - Meta,lead-form-broad,false
L004076,2025-10-23 20:30:00,Cormac,Aaltonen,cormac.aaltonen@juniper.com,juniper.com,Paid Social - Meta,mofu-retarget,false
L004077,2025-10-11 12:30:00,Siobhan,Demir,siobhan.demir@tessellate.com,tessellate.com,Paid Social - Meta,prospecting-lal,false
L004078,2025-10-13 18:45:00,Siobhan,Zhang,siobhan.zhang@quarry.com,quarry.com,Paid Social - Meta,prospecting-lal,false
L004079,2025-10-21 13:15:00,Arun,Almeida,arun.almeida@nimbus.com,nimbus.com,Paid Social - Meta,lead-form-broad,false
L004080,2025-10-15 14:15:00,Beatriz,Nwosu,beatriz.nwosu@kestrel.com,kestrel.com,Paid Social - Meta,mofu-retarget,false
L004081,2025-10-06 14:45:00,Tomas,Whitfield,tomas.whitfield@arclight.com,arclight.com,Paid Social - Meta,lead-form-broad,false
L004082,2025-10-22 17:15:00,Malik,Haddad,malik.haddad@ridgeline.com,ridgeline.com,Paid Social - Meta,lead-form-broad,false
L004083,2025-10-13 15:15:00,Marcus,Demir,marcus.demir@arclight.com,arclight.com,Paid Social - Meta,lead-form-broad,false
L004084,2025-10-06 12:45:00,Elodie,Iyer,elodie.iyer@dovetail.com,dovetail.com,Paid Social - Meta,prospecting-lal,false
L004085,2025-10-28 19:00:00,Alicia,Watanabe,alicia.watanabe@thornbury.com,thornbury.com,Paid Social - Meta,prospecting-lal,false
L004086,2025-10-27 07:15:00,Cormac,Farrell,cormac.farrell@solvent.com,solvent.com,Paid Social - Meta,prospecting-lal,false
L004087,2025-10-22 16:00:00,Jonas,Castellanos,jonas.castellanos@kestrel.com,kestrel.com,Paid Social - Meta,prospecting-lal,true
L004088,2025-10-07 12:30:00,Yusuf,Mulvaney,yusuf.mulvaney@dovetail.com,dovetail.com,Paid Social - Meta,mofu-retarget,false
L004089,2025-10-17 09:45:00,Margit,Nwosu,margit.nwosu@pinnacle.com,pinnacle.com,Paid Social - Meta,lead-form-broad,false
L004090,2025-10-19 18:30:00,Cormac,Doyle,cormac.doyle@copperline.com,copperline.com,Paid Social - Meta,lead-form-broad,false
L004091,2025-10-14 10:30:00,Mei,Bahri,mei.bahri@foxglove.com,foxglove.com,Paid Social - Meta,prospecting-lal,false
L004092,2025-10-09 17:45:00,Anaya,Szabo,anaya.szabo@thornbury.com,thornbury.com,Paid Social - Meta,prospecting-lal,false
L004093,2025-10-25 08:00:00,Lena,Lindqvist,lena.lindqvist@dovetail.com,dovetail.com,Paid Social - Meta,mofu-retarget,false
L004094,2025-10-19 10:00:00,Mei,Farrell,mei.farrell@arclight.com,arclight.com,Paid Social - Meta,mofu-retarget,false
L004095,2025-10-16 14:45:00,Hollis,Bergstrom,hollis.bergstrom@tessellate.com,tessellate.com,Paid Social - Meta,lead-form-broad,false
L004096,2025-10-22 12:00:00,Jonas,Whitfield,jonas.whitfield@nimbus.com,nimbus.com,Paid Social - Meta,lead-form-broad,false
L004097,2025-10-08 18:30:00,Cormac,Haddad,cormac.haddad@nimbus.com,nimbus.com,Paid Social - Meta,prospecting-lal,false
L004098,2025-10-29 18:15:00,Ingrid,Moreau,ingrid.moreau@marlowe.com,marlowe.com,Paid Social - Meta,mofu-retarget,false
L004099,2025-10-22 18:15:00,Siobhan,Novak,siobhan.novak@meridian.com,meridian.com,Paid Social - Meta,prospecting-lal,false
L004100,2025-10-21 17:45:00,Mei,Aaltonen,mei.aaltonen@ironwood.com,ironwood.com,Paid Social - Meta,mofu-retarget,false
L004101,2025-10-09 12:45:00,Elodie,Mulvaney,elodie.mulvaney@kestrel.com,kestrel.com,Paid Social - Meta,mofu-retarget,false
L004102,2025-10-22 14:30:00,Margit,Aaltonen,margit.aaltonen@quillon.com,quillon.com,Paid Social - Meta,prospecting-lal,false
L004103,2025-10-19 12:15:00,Priya,Doyle,priya.doyle@pinnacle.com,pinnacle.com,Paid Social - Meta,prospecting-lal,false
L004104,2025-10-11 11:45:00,Alicia,Demir,alicia.demir@ferrous.com,ferrous.com,Paid Social - Meta,prospecting-lal,false
L004105,2025-10-15 14:00:00,Elodie,Farrell,elodie.farrell@brightpath.com,brightpath.com,Paid Social - Meta,mofu-retarget,false
L004106,2025-10-24 13:45:00,Elodie,Raghunathan,elodie.raghunathan@oakhurst.com,oakhurst.com,Paid Social - Meta,prospecting-lal,false
L004107,2025-10-18 17:45:00,Malik,Mulvaney,malik.mulvaney@cascade.com,cascade.com,Paid Social - Meta,mofu-retarget,false
L004108,2025-10-21 07:45:00,Elodie,Pires,elodie.pires@ember.com,ember.com,Paid Social - Meta,prospecting-lal,false
L004109,2025-10-18 19:15:00,Ingrid,Farrell,ingrid.farrell@quarry.com,quarry.com,Paid Social - Meta,prospecting-lal,false
L004110,2025-10-21 09:00:00,Jonas,Petrov,jonas.petrov@marlowe.com,marlowe.com,Paid Social - Meta,prospecting-lal,false
L004111,2025-10-25 09:15:00,Anaya,Nwosu,anaya.nwosu@lumen.com,lumen.com,Paid Social - Meta,mofu-retarget,false
L004112,2025-10-31 08:15:00,Rafael,Raghunathan,rafael.raghunathan@quarry.com,quarry.com,Paid Social - Meta,mofu-retarget,false
L004113,2025-10-16 12:30:00,Ivo,Watanabe,ivo.watanabe@brightpath.com,brightpath.com,Paid Social - Meta,prospecting-lal,false
L004114,2025-10-01 13:00:00,Elodie,Horvat,elodie.horvat@quillon.com,quillon.com,Paid Social - Meta,mofu-retarget,false
L004115,2025-10-25 17:30:00,Priya,Whitfield,priya.whitfield@ridgeline.com,ridgeline.com,Paid Social - Meta,prospecting-lal,false
L004116,2025-10-12 13:15:00,Hollis,Watanabe,hollis.watanabe@northwind.com,northwind.com,Paid Social - Meta,lead-form-broad,false
L004117,2025-10-13 08:30:00,Hollis,Whitfield,hollis.whitfield@lumen.com,lumen.com,Paid Social - Meta,prospecting-lal,false
L004118,2025-10-10 17:15:00,Peter,Doyle,peter.doyle@ember.com,ember.com,Paid Social - Meta,lead-form-broad,false
L004119,2025-10-27 09:00:00,Elodie,Szabo,elodie.szabo@harborview.com,harborview.com,Paid Social - Meta,mofu-retarget,false
L004120,2025-10-04 07:30:00,Omar,Castellanos,omar.castellanos@harborview.com,harborview.com,Paid Social - Meta,lead-form-broad,false
L004121,2025-10-22 18:45:00,Ingrid,Szabo,ingrid.szabo@tessellate.com,tessellate.com,Paid Social - Meta,mofu-retarget,false
L004122,2025-10-06 15:00:00,Anaya,Szabo,anaya.szabo@northwind.com,northwind.com,Paid Social - Meta,mofu-retarget,false
L004123,2025-10-06 16:00:00,Yusuf,Whitfield,yusuf.whitfield@meridian.com,meridian.com,Paid Social - Meta,prospecting-lal,false
L004124,2025-10-07 10:00:00,Estelle,Byrne,estelle.byrne@juniper.com,juniper.com,Paid Social - Meta,mofu-retarget,false
L004125,2025-10-04 18:00:00,Beatriz,Almeida,beatriz.almeida@ferrous.com,ferrous.com,Paid Social - Meta,lead-form-broad,false
L004126,2025-10-24 08:00:00,Renata,Moreau,renata.moreau@ironwood.com,ironwood.com,Paid Social - Meta,mofu-retarget,true
L004127,2025-10-18 11:00:00,Tomas,Whitfield,tomas.whitfield@redwood.com,redwood.com,Paid Social - Meta,prospecting-lal,false
L004128,2025-10-02 18:30:00,Adeola,Iyer,adeola.iyer@ridgeline.com,ridgeline.com,Paid Social - Meta,lead-form-broad,false
L004129,2025-10-26 14:15:00,Mei,Farrell,mei.farrell@meridian.com,meridian.com,Paid Social - Meta,prospecting-lal,false
L004130,2025-10-16 14:30:00,Alicia,Aaltonen,alicia.aaltonen@harborview.com,harborview.com,Paid Social - Meta,mofu-retarget,true
L004131,2025-10-22 14:00:00,Hollis,Castellanos,hollis.castellanos@brightpath.com,brightpath.com,Paid Social - Meta,prospecting-lal,false
L004132,2025-10-12 14:30:00,Peter,Whitfield,peter.whitfield@juniper.com,juniper.com,Paid Social - Meta,prospecting-lal,false
L004133,2025-10-31 17:45:00,Ingrid,Watanabe,ingrid.watanabe@granitepeak.com,granitepeak.com,Paid Social - Meta,mofu-retarget,false
L004134,2025-10-07 12:45:00,Malik,Kavanagh,malik.kavanagh@thornbury.com,thornbury.com,Paid Social - Meta,mofu-retarget,false
L004135,2025-10-05 16:15:00,Kenji,Ferreira,kenji.ferreira@juniper.com,juniper.com,Paid Social - Meta,mofu-retarget,false
L004136,2025-10-01 20:15:00,Marcus,Bergstrom,marcus.bergstrom@ember.com,ember.com,Paid Social - Meta,mofu-retarget,false
L004137,2025-10-13 20:30:00,Elodie,Novak,elodie.novak@quillon.com,quillon.com,Paid Social - Meta,prospecting-lal,false
L004138,2025-10-07 11:30:00,Omar,Castellanos,omar.castellanos@quarry.com,quarry.com,Paid Social - Meta,lead-form-broad,false
L004139,2025-10-22 19:30:00,Hollis,Ferreira,hollis.ferreira@ironwood.com,ironwood.com,Paid Social - Meta,lead-form-broad,false
L004140,2025-10-13 10:00:00,Adeola,Vieira,adeola.vieira@brightpath.com,brightpath.com,Paid Social - Meta,mofu-retarget,false
L004141,2025-10-24 20:15:00,Malik,Ferreira,malik.ferreira@halcyon.com,halcyon.com,Paid Social - Meta,lead-form-broad,false
L004142,2025-10-29 10:45:00,Lena,Almeida,lena.almeida@granitepeak.com,granitepeak.com,Paid Social - Meta,lead-form-broad,false
L004143,2025-10-22 20:45:00,Alicia,Byrne,alicia.byrne@solvent.com,solvent.com,Paid Social - Meta,lead-form-broad,false
L004144,2025-10-21 13:15:00,Anaya,Aaltonen,anaya.aaltonen@saltmarsh.com,saltmarsh.com,Paid Social - Meta,mofu-retarget,false
L004145,2025-10-16 19:45:00,Grace,Byrne,grace.byrne@anvil.com,anvil.com,Paid Social - Meta,lead-form-broad,false
L004146,2025-10-05 08:15:00,Ivo,Doyle,ivo.doyle@pinnacle.com,pinnacle.com,Paid Social - Meta,lead-form-broad,true
L004147,2025-10-30 13:15:00,Ivo,Moreau,ivo.moreau@lumen.com,lumen.com,Paid Social - Meta,mofu-retarget,false
L004148,2025-10-11 12:00:00,Mei,Ferreira,mei.ferreira@foxglove.com,foxglove.com,Paid Search - Non-Brand,solution-terms,false
L004149,2025-10-26 11:15:00,Rafael,Szabo,rafael.szabo@harborview.com,harborview.com,Paid Search - Non-Brand,competitor-terms,false
L004150,2025-10-07 12:15:00,Kenji,Zhang,kenji.zhang@meridian.com,meridian.com,Paid Search - Non-Brand,competitor-terms,false
L004151,2025-10-06 20:30:00,Beatriz,Okonkwo,beatriz.okonkwo@solvent.com,solvent.com,Paid Search - Non-Brand,competitor-terms,false
L004152,2025-10-03 08:45:00,Cormac,Almeida,cormac.almeida@quarry.com,quarry.com,Paid Search - Non-Brand,competitor-terms,true
L004153,2025-10-09 19:45:00,Ivo,Castellanos,ivo.castellanos@redwood.com,redwood.com,Paid Search - Non-Brand,solution-terms,false
L004154,2025-10-29 15:45:00,Tomas,Haddad,tomas.haddad@northwind.com,northwind.com,Paid Search - Non-Brand,competitor-terms,false
L004155,2025-10-18 08:15:00,Siobhan,Mulvaney,siobhan.mulvaney@pinnacle.com,pinnacle.com,Paid Search - Non-Brand,category-terms,false
L004156,2025-10-11 09:15:00,Estelle,Byrne,estelle.byrne@pinnacle.com,pinnacle.com,Paid Search - Non-Brand,solution-terms,false
L004157,2025-10-13 18:15:00,Margit,Ferreira,margit.ferreira@marlowe.com,marlowe.com,Paid Search - Non-Brand,competitor-terms,false
L004158,2025-10-24 12:45:00,Adeola,Kavanagh,adeola.kavanagh@anvil.com,anvil.com,Paid Search - Non-Brand,category-terms,false
L004159,2025-10-18 08:45:00,Ingrid,Raghunathan,ingrid.raghunathan@meridian.com,meridian.com,Paid Search - Non-Brand,solution-terms,false
L004160,2025-10-20 14:45:00,Anaya,Farrell,anaya.farrell@halcyon.com,halcyon.com,Paid Search - Non-Brand,category-terms,true
L004161,2025-10-27 14:45:00,Rafael,Ferreira,rafael.ferreira@thornbury.com,thornbury.com,Paid Search - Non-Brand,solution-terms,false
L004162,2025-10-26 14:45:00,Ivo,Farrell,ivo.farrell@pinnacle.com,pinnacle.com,Paid Search - Non-Brand,category-terms,false
L004163,2025-10-05 13:45:00,Renata,Grant,renata.grant@saltmarsh.com,saltmarsh.com,Paid Search - Non-Brand,competitor-terms,false
L004164,2025-10-25 18:15:00,Marcus,Aaltonen,marcus.aaltonen@tessellate.com,tessellate.com,Paid Search - Non-Brand,solution-terms,false
L004165,2025-10-02 16:30:00,Beatriz,Ferreira,beatriz.ferreira@ironwood.com,ironwood.com,Paid Search - Non-Brand,competitor-terms,false
L004166,2025-10-26 15:45:00,Tomas,Pires,tomas.pires@harborview.com,harborview.com,Paid Search - Non-Brand,competitor-terms,false
L004167,2025-10-03 08:00:00,Renata,Doyle,renata.doyle@kestrel.com,kestrel.com,Paid Search - Non-Brand,category-terms,true
L004168,2025-10-14 08:30:00,Lena,Zhang,lena.zhang@lumen.com,lumen.com,Paid Search - Non-Brand,category-terms,false
L004169,2025-10-24 18:45:00,Beatriz,Iyer,beatriz.iyer@cascade.com,cascade.com,Paid Search - Non-Brand,competitor-terms,false
L004170,2025-10-27 09:00:00,Siobhan,Ferreira,siobhan.ferreira@copperline.com,copperline.com,Paid Search - Non-Brand,competitor-terms,true
L004171,2025-10-24 16:00:00,Marcus,Petrov,marcus.petrov@pinnacle.com,pinnacle.com,Paid Search - Non-Brand,solution-terms,false
L004172,2025-10-11 18:15:00,Rafael,Krishnan,rafael.krishnan@cascade.com,cascade.com,Paid Search - Non-Brand,category-terms,false
L004173,2025-10-16 20:15:00,Peter,Pires,peter.pires@harborview.com,harborview.com,Paid Search - Non-Brand,solution-terms,false
L004174,2025-10-18 16:30:00,Jonas,Zhang,jonas.zhang@juniper.com,juniper.com,Paid Search - Non-Brand,category-terms,false
L004175,2025-10-09 20:45:00,Darius,Okonkwo,darius.okonkwo@pinnacle.com,pinnacle.com,Paid Search - Non-Brand,category-terms,false
L004176,2025-10-31 14:00:00,Jonas,Nwosu,jonas.nwosu@copperline.com,copperline.com,Paid Search - Non-Brand,competitor-terms,false
L004177,2025-10-18 11:15:00,Mei,Doyle,mei.doyle@foxglove.com,foxglove.com,Paid Search - Non-Brand,solution-terms,true
L004178,2025-10-27 12:15:00,Yusuf,Demir,yusuf.demir@cascade.com,cascade.com,Paid Search - Non-Brand,competitor-terms,false
L004179,2025-10-13 10:30:00,Elodie,Lindqvist,elodie.lindqvist@nimbus.com,nimbus.com,Paid Search - Non-Brand,category-terms,false
L004180,2025-10-25 07:30:00,Noor,Demir,noor.demir@copperline.com,copperline.com,Paid Search - Non-Brand,solution-terms,true
L004181,2025-10-16 19:45:00,Kenji,Iyer,kenji.iyer@thornbury.com,thornbury.com,Paid Search - Non-Brand,category-terms,false
L004182,2025-10-11 08:30:00,Tomas,Horvat,tomas.horvat@juniper.com,juniper.com,Paid Search - Non-Brand,competitor-terms,false
L004183,2025-10-12 18:15:00,Jonas,Castellanos,jonas.castellanos@harborview.com,harborview.com,Paid Search - Non-Brand,solution-terms,true
L004184,2025-10-12 16:15:00,Ingrid,Okonkwo,ingrid.okonkwo@quarry.com,quarry.com,Paid Search - Non-Brand,solution-terms,false
L004185,2025-10-30 19:45:00,Jonas,Raghunathan,jonas.raghunathan@ferrous.com,ferrous.com,Paid Search - Non-Brand,competitor-terms,false
L004186,2025-10-23 11:15:00,Peter,Moreau,peter.moreau@ferrous.com,ferrous.com,Paid Search - Non-Brand,category-terms,false
L004187,2025-10-26 11:45:00,Estelle,Moreau,estelle.moreau@arclight.com,arclight.com,Paid Search - Non-Brand,competitor-terms,false
L004188,2025-10-05 15:00:00,Jonas,Grant,jonas.grant@anvil.com,anvil.com,Paid Search - Non-Brand,category-terms,false
L004189,2025-10-16 07:00:00,Siobhan,Szabo,siobhan.szabo@halcyon.com,halcyon.com,Paid Search - Non-Brand,solution-terms,false
L004190,2025-10-08 11:00:00,Cormac,Farrell,cormac.farrell@anvil.com,anvil.com,Paid Search - Non-Brand,competitor-terms,false
L004191,2025-10-25 16:45:00,Priya,Grant,priya.grant@redwood.com,redwood.com,Paid Search - Non-Brand,solution-terms,false
L004192,2025-10-12 08:00:00,Rafael,Whitfield,rafael.whitfield@pinnacle.com,pinnacle.com,Paid Search - Non-Brand,solution-terms,false
L004193,2025-10-26 13:00:00,Renata,Zhang,renata.zhang@tessellate.com,tessellate.com,Paid Search - Non-Brand,competitor-terms,false
L004194,2025-10-21 19:45:00,Mei,Haddad,mei.haddad@quarry.com,quarry.com,Paid Search - Non-Brand,category-terms,false
L004195,2025-10-06 16:30:00,Tomas,Zhang,tomas.zhang@ironwood.com,ironwood.com,Paid Search - Non-Brand,solution-terms,false
L004196,2025-10-05 20:30:00,Alicia,Byrne,alicia.byrne@quarry.com,quarry.com,Paid Search - Non-Brand,competitor-terms,false
L004197,2025-10-05 14:45:00,Elodie,Novak,elodie.novak@saltmarsh.com,saltmarsh.com,Paid Search - Non-Brand,solution-terms,false
L004198,2025-10-08 08:30:00,Renata,Zhang,renata.zhang@tessellate.com,tessellate.com,Paid Search - Non-Brand,solution-terms,false
L004199,2025-10-31 07:15:00,Jonas,Haddad,jonas.haddad@thornbury.com,thornbury.com,Paid Search - Non-Brand,category-terms,false
L004200,2025-10-08 15:15:00,Noor,Bergstrom,noor.bergstrom@marlowe.com,marlowe.com,Paid Search - Non-Brand,competitor-terms,false
L004201,2025-10-06 15:30:00,Jonas,Byrne,jonas.byrne@pinnacle.com,pinnacle.com,Paid Search - Non-Brand,solution-terms,false
L004202,2025-10-15 08:15:00,Siobhan,Nwosu,siobhan.nwosu@nimbus.com,nimbus.com,Paid Search - Non-Brand,category-terms,false
L004203,2025-10-21 16:45:00,Ingrid,Demir,ingrid.demir@ridgeline.com,ridgeline.com,Paid Social - LinkedIn,content-download,false
L004204,2025-10-17 09:45:00,Marcus,Iyer,marcus.iyer@harborview.com,harborview.com,Paid Social - LinkedIn,abm-tier1,false
L004205,2025-10-09 11:00:00,Anaya,Lindqvist,anaya.lindqvist@granitepeak.com,granitepeak.com,Paid Social - LinkedIn,jobtitle-targeting,false
L004206,2025-10-30 09:30:00,Adeola,Raghunathan,adeola.raghunathan@lumen.com,lumen.com,Paid Social - LinkedIn,content-download,false
L004207,2025-10-31 08:45:00,Kenji,Petrov,kenji.petrov@kestrel.com,kestrel.com,Paid Social - LinkedIn,abm-tier1,false
L004208,2025-10-11 07:00:00,Noor,Zhang,noor.zhang@granitepeak.com,granitepeak.com,Paid Social - LinkedIn,abm-tier1,false
L004209,2025-10-27 12:15:00,Lena,Byrne,lena.byrne@pinnacle.com,pinnacle.com,Paid Social - LinkedIn,content-download,false
L004210,2025-10-01 19:00:00,Kenji,Almeida,kenji.almeida@pinnacle.com,pinnacle.com,Paid Social - LinkedIn,content-download,false
L004211,2025-10-15 11:30:00,Adeola,Doyle,adeola.doyle@redwood.com,redwood.com,Paid Social - LinkedIn,content-download,false
L004212,2025-10-24 16:30:00,Adeola,Vieira,adeola.vieira@anvil.com,anvil.com,Paid Social - LinkedIn,content-download,false
L004213,2025-10-25 08:45:00,Yusuf,Nwosu,yusuf.nwosu@marlowe.com,marlowe.com,Paid Social - LinkedIn,abm-tier1,false
L004214,2025-10-15 17:00:00,Ingrid,Watanabe,ingrid.watanabe@kestrel.com,kestrel.com,Paid Social - LinkedIn,abm-tier1,false
L004215,2025-10-21 07:00:00,Peter,Horvat,peter.horvat@nimbus.com,nimbus.com,Paid Social - LinkedIn,abm-tier1,false
L004216,2025-10-14 16:00:00,Callum,Horvat,callum.horvat@ember.com,ember.com,Paid Social - LinkedIn,content-download,false
L004217,2025-10-09 19:15:00,Marcus,Watanabe,marcus.watanabe@meridian.com,meridian.com,Paid Social - LinkedIn,content-download,false
L004218,2025-10-28 16:15:00,Anaya,Krishnan,anaya.krishnan@copperline.com,copperline.com,Paid Social - LinkedIn,content-download,true
L004219,2025-10-07 14:30:00,Tomas,Horvat,tomas.horvat@harborview.com,harborview.com,Paid Social - LinkedIn,abm-tier1,false
L004220,2025-10-27 09:15:00,Callum,Byrne,callum.byrne@juniper.com,juniper.com,Paid Social - LinkedIn,content-download,false
L004221,2025-10-28 10:30:00,Anaya,Vieira,anaya.vieira@nimbus.com,nimbus.com,Paid Social - LinkedIn,abm-tier1,false
L004222,2025-10-17 12:15:00,Callum,Petrov,callum.petrov@pinnacle.com,pinnacle.com,Organic / Direct,none,false
L004223,2025-10-04 10:00:00,Beatriz,Whitfield,beatriz.whitfield@thornbury.com,thornbury.com,Organic / Direct,none,false
L004224,2025-10-05 11:00:00,Elodie,Nwosu,elodie.nwosu@oakhurst.com,oakhurst.com,Organic / Direct,none,false
L004225,2025-10-06 18:45:00,Yusuf,Bahri,yusuf.bahri@meridian.com,meridian.com,Organic / Direct,none,false
L004226,2025-10-02 13:15:00,Omar,Krishnan,omar.krishnan@pinnacle.com,pinnacle.com,Organic / Direct,none,false
L004227,2025-10-30 18:15:00,Marcus,Watanabe,marcus.watanabe@quarry.com,quarry.com,Organic / Direct,none,false
L004228,2025-10-24 17:30:00,Ingrid,Okonkwo,ingrid.okonkwo@lumen.com,lumen.com,Organic / Direct,none,false
L004229,2025-10-14 12:15:00,Marcus,Novak,marcus.novak@redwood.com,redwood.com,Organic / Direct,none,false
L004230,2025-10-10 18:15:00,Kenji,Ferreira,kenji.ferreira@lumen.com,lumen.com,Organic / Direct,none,false
L004231,2025-10-23 15:15:00,Margit,Pires,margit.pires@lumen.com,lumen.com,Organic / Direct,none,false
L004232,2025-10-24 18:45:00,Peter,Bergstrom,peter.bergstrom@ferrous.com,ferrous.com,Organic / Direct,none,false
L004233,2025-10-30 14:30:00,Marcus,Pires,marcus.pires@thornbury.com,thornbury.com,Organic / Direct,none,false
L004234,2025-10-20 12:15:00,Malik,Iyer,malik.iyer@quillon.com,quillon.com,Organic / Direct,none,false
L004235,2025-10-31 14:15:00,Kenji,Castellanos,kenji.castellanos@lumen.com,lumen.com,Organic / Direct,none,false
L004236,2025-10-19 12:00:00,Yusuf,Almeida,yusuf.almeida@harborview.com,harborview.com,Organic / Direct,none,false
L004237,2025-10-30 09:30:00,Anaya,Lindqvist,anaya.lindqvist@ember.com,ember.com,Organic / Direct,none,false
L004238,2025-10-23 12:00:00,Priya,Zhang,priya.zhang@northwind.com,northwind.com,Organic / Direct,none,true
L004239,2025-10-21 15:15:00,Kenji,Grant,kenji.grant@quillon.com,quillon.com,Organic / Direct,none,false
L004240,2025-10-31 18:15:00,Cormac,Raghunathan,cormac.raghunathan@granitepeak.com,granitepeak.com,Organic / Direct,none,false
L004241,2025-10-06 18:15:00,Grace,Nwosu,grace.nwosu@thornbury.com,thornbury.com,Organic / Direct,none,true
L004242,2025-10-06 13:30:00,Cormac,Petrov,cormac.petrov@pinnacle.com,pinnacle.com,Organic / Direct,none,false
L004243,2025-10-16 20:15:00,Cormac,Bahri,cormac.bahri@juniper.com,juniper.com,Organic / Direct,none,false
L004244,2025-10-21 15:15:00,Marcus,Pires,marcus.pires@foxglove.com,foxglove.com,Organic / Direct,none,false
L004245,2025-10-17 20:15:00,Anaya,Pires,anaya.pires@ridgeline.com,ridgeline.com,Organic / Direct,none,false
L004246,2025-10-28 20:45:00,Callum,Doyle,callum.doyle@dovetail.com,dovetail.com,Organic / Direct,none,false
L004247,2025-10-27 16:15:00,Rafael,Byrne,rafael.byrne@oakhurst.com,oakhurst.com,Organic / Direct,none,false
L004248,2025-10-25 20:15:00,Darius,Kavanagh,darius.kavanagh@northwind.com,northwind.com,Organic / Direct,none,false
L004249,2025-10-22 17:45:00,Priya,Almeida,priya.almeida@brightpath.com,brightpath.com,Organic / Direct,none,false
L004250,2025-10-18 13:45:00,Yusuf,Raghunathan,yusuf.raghunathan@marlowe.com,marlowe.com,Organic / Direct,none,false
L004251,2025-10-21 10:15:00,Jonas,Iyer,jonas.iyer@lumen.com,lumen.com,Organic / Direct,none,false
L004252,2025-10-13 16:45:00,Alicia,Iyer,alicia.iyer@tessellate.com,tessellate.com,Organic / Direct,none,false
L004253,2025-10-29 18:45:00,Yusuf,Okonkwo,yusuf.okonkwo@oakhurst.com,oakhurst.com,Organic / Direct,none,true
L004254,2025-10-13 16:15:00,Alicia,Castellanos,alicia.castellanos@thornbury.com,thornbury.com,Organic / Direct,none,false
L004255,2025-10-26 14:15:00,Elodie,Iyer,elodie.iyer@northwind.com,northwind.com,Organic / Direct,none,false
L004256,2025-10-30 19:30:00,Yusuf,Moreau,yusuf.moreau@meridian.com,meridian.com,Organic / Direct,none,false
L004257,2025-11-27 20:45:00,Noor,Ferreira,noor.ferreira@foxglove.com,foxglove.com,Display - Programmatic,contextual-b2b,false
L004258,2025-11-05 16:45:00,Ivo,Krishnan,ivo.krishnan@arclight.com,arclight.com,Display - Programmatic,contextual-b2b,false
L004259,2025-11-30 13:30:00,Darius,Haddad,darius.haddad@dovetail.com,dovetail.com,Display - Programmatic,retarget-display,false
L004260,2025-11-05 15:00:00,Siobhan,Doyle,siobhan.doyle@halcyon.com,halcyon.com,Display - Programmatic,contextual-b2b,false
L004261,2025-11-20 17:00:00,Jonas,Pires,jonas.pires@marlowe.com,marlowe.com,Display - Programmatic,contextual-b2b,false
L004262,2025-11-04 10:45:00,Anaya,Ferreira,anaya.ferreira@quillon.com,quillon.com,Display - Programmatic,retarget-display,false
L004263,2025-11-19 18:00:00,Siobhan,Lindqvist,siobhan.lindqvist@juniper.com,juniper.com,Display - Programmatic,contextual-b2b,false
L004264,2025-11-12 07:30:00,Anaya,Kavanagh,anaya.kavanagh@oakhurst.com,oakhurst.com,Display - Programmatic,contextual-b2b,false
L004265,2025-11-28 09:30:00,Kenji,Zhang,kenji.zhang@redwood.com,redwood.com,Display - Programmatic,contextual-b2b,false
L004266,2025-11-13 07:15:00,Noor,Haddad,noor.haddad@ironwood.com,ironwood.com,Display - Programmatic,contextual-b2b,false
L004267,2025-11-03 14:15:00,Grace,Petrov,grace.petrov@halcyon.com,halcyon.com,Display - Programmatic,contextual-b2b,false
L004268,2025-11-16 14:00:00,Callum,Nwosu,callum.nwosu@juniper.com,juniper.com,Display - Programmatic,contextual-b2b,false
L004269,2025-11-25 17:45:00,Estelle,Zhang,estelle.zhang@harborview.com,harborview.com,Display - Programmatic,retarget-display,false
L004270,2025-11-20 12:15:00,Darius,Byrne,darius.byrne@solvent.com,solvent.com,Display - Programmatic,retarget-display,false
L004271,2025-11-22 11:30:00,Mei,Watanabe,mei.watanabe@marlowe.com,marlowe.com,Display - Programmatic,retarget-display,false
L004272,2025-11-09 16:30:00,Tomas,Zhang,tomas.zhang@kestrel.com,kestrel.com,Display - Programmatic,contextual-b2b,false
L004273,2025-11-22 20:00:00,Grace,Horvat,grace.horvat@halcyon.com,halcyon.com,Display - Programmatic,contextual-b2b,false
L004274,2025-11-02 14:15:00,Anaya,Szabo,anaya.szabo@lumen.com,lumen.com,Display - Programmatic,contextual-b2b,false
L004275,2025-11-09 09:30:00,Noor,Doyle,noor.doyle@tessellate.com,tessellate.com,Display - Programmatic,contextual-b2b,false
L004276,2025-11-15 10:15:00,Tomas,Almeida,tomas.almeida@solvent.com,solvent.com,Display - Programmatic,contextual-b2b,false
L004277,2025-11-22 14:15:00,Ingrid,Nwosu,ingrid.nwosu@quarry.com,quarry.com,Display - Programmatic,contextual-b2b,false
L004278,2025-11-08 11:00:00,Jonas,Krishnan,jonas.krishnan@lumen.com,lumen.com,Display - Programmatic,retarget-display,false
L004279,2025-11-16 12:30:00,Jonas,Ferreira,jonas.ferreira@brightpath.com,brightpath.com,Display - Programmatic,contextual-b2b,false
L004280,2025-11-24 14:30:00,Tomas,Nwosu,tomas.nwosu@kestrel.com,kestrel.com,Display - Programmatic,retarget-display,false
L004281,2025-11-04 11:00:00,Elodie,Almeida,elodie.almeida@quillon.com,quillon.com,Display - Programmatic,contextual-b2b,false
L004282,2025-11-22 13:45:00,Priya,Grant,priya.grant@kestrel.com,kestrel.com,Display - Programmatic,contextual-b2b,false
L004283,2025-11-13 07:45:00,Adeola,Byrne,adeola.byrne@foxglove.com,foxglove.com,Display - Programmatic,contextual-b2b,false
L004284,2025-11-02 13:45:00,Noor,Almeida,noor.almeida@lumen.com,lumen.com,Display - Programmatic,contextual-b2b,false
L004285,2025-11-29 16:30:00,Peter,Moreau,peter.moreau@northwind.com,northwind.com,Display - Programmatic,contextual-b2b,false
L004286,2025-11-01 09:30:00,Cormac,Demir,cormac.demir@northwind.com,northwind.com,Display - Programmatic,contextual-b2b,false
L004287,2025-11-25 18:00:00,Callum,Demir,callum.demir@halcyon.com,halcyon.com,Display - Programmatic,retarget-display,false
L004288,2025-11-27 09:30:00,Tomas,Mulvaney,tomas.mulvaney@dovetail.com,dovetail.com,Display - Programmatic,retarget-display,false
L004289,2025-11-01 11:30:00,Kenji,Whitfield,kenji.whitfield@kestrel.com,kestrel.com,Display - Programmatic,retarget-display,false
L004290,2025-11-30 17:15:00,Arun,Mulvaney,arun.mulvaney@redwood.com,redwood.com,Display - Programmatic,contextual-b2b,false
L004291,2025-11-24 20:15:00,Siobhan,Raghunathan,siobhan.raghunathan@nimbus.com,nimbus.com,Display - Programmatic,retarget-display,false
L004292,2025-11-12 13:15:00,Malik,Zhang,malik.zhang@anvil.com,anvil.com,Display - Programmatic,retarget-display,false
L004293,2025-11-27 12:45:00,Marcus,Krishnan,marcus.krishnan@ironwood.com,ironwood.com,Display - Programmatic,contextual-b2b,false
L004294,2025-11-15 18:15:00,Noor,Moreau,noor.moreau@quarry.com,quarry.com,Display - Programmatic,retarget-display,false
L004295,2025-11-03 19:00:00,Lena,Okonkwo,lena.okonkwo@oakhurst.com,oakhurst.com,Display - Programmatic,retarget-display,false
L004296,2025-11-24 11:45:00,Anaya,Okonkwo,anaya.okonkwo@oakhurst.com,oakhurst.com,Display - Programmatic,retarget-display,false
L004297,2025-11-30 16:30:00,Arun,Nwosu,arun.nwosu@quarry.com,quarry.com,Display - Programmatic,contextual-b2b,false
L004298,2025-11-27 20:00:00,Estelle,Petrov,estelle.petrov@ember.com,ember.com,Display - Programmatic,contextual-b2b,false
L004299,2025-11-15 09:30:00,Adeola,Nwosu,adeola.nwosu@thornbury.com,thornbury.com,Display - Programmatic,contextual-b2b,false
L004300,2025-11-12 07:15:00,Grace,Demir,grace.demir@meridian.com,meridian.com,Display - Programmatic,retarget-display,false
L004301,2025-11-22 13:15:00,Estelle,Lindqvist,estelle.lindqvist@saltmarsh.com,saltmarsh.com,Display - Programmatic,contextual-b2b,false
L004302,2025-11-28 17:45:00,Adeola,Aaltonen,adeola.aaltonen@anvil.com,anvil.com,Display - Programmatic,contextual-b2b,false
L004303,2025-11-05 15:15:00,Grace,Nwosu,grace.nwosu@thornbury.com,thornbury.com,Display - Programmatic,retarget-display,false
L004304,2025-11-16 11:15:00,Grace,Vieira,grace.vieira@dovetail.com,dovetail.com,Display - Programmatic,retarget-display,false
L004305,2025-11-27 19:30:00,Arun,Krishnan,arun.krishnan@tessellate.com,tessellate.com,Display - Programmatic,contextual-b2b,false
L004306,2025-11-13 19:45:00,Cormac,Demir,cormac.demir@anvil.com,anvil.com,Display - Programmatic,contextual-b2b,false
L004307,2025-11-30 12:15:00,Beatriz,Raghunathan,beatriz.raghunathan@anvil.com,anvil.com,Display - Programmatic,contextual-b2b,false
L004308,2025-11-21 17:45:00,Lena,Farrell,lena.farrell@ferrous.com,ferrous.com,Display - Programmatic,retarget-display,false
L004309,2025-11-16 09:15:00,Ivo,Novak,ivo.novak@oakhurst.com,oakhurst.com,Display - Programmatic,contextual-b2b,false
L004310,2025-11-14 16:45:00,Arun,Doyle,arun.doyle@dovetail.com,dovetail.com,Display - Programmatic,contextual-b2b,false
L004311,2025-11-29 09:30:00,Tomas,Demir,tomas.demir@brightpath.com,brightpath.com,Display - Programmatic,contextual-b2b,false
L004312,2025-11-01 12:45:00,Peter,Demir,peter.demir@dovetail.com,dovetail.com,Display - Programmatic,contextual-b2b,false
L004313,2025-11-20 15:00:00,Hollis,Petrov,hollis.petrov@solvent.com,solvent.com,Display - Programmatic,contextual-b2b,false
L004314,2025-11-28 09:30:00,Arun,Haddad,arun.haddad@ironwood.com,ironwood.com,Display - Programmatic,contextual-b2b,false
L004315,2025-11-10 12:15:00,Malik,Whitfield,malik.whitfield@ember.com,ember.com,Display - Programmatic,retarget-display,false
L004316,2025-11-25 07:30:00,Mei,Watanabe,mei.watanabe@ridgeline.com,ridgeline.com,Display - Programmatic,retarget-display,false
L004317,2025-11-11 16:00:00,Tomas,Ferreira,tomas.ferreira@anvil.com,anvil.com,Display - Programmatic,retarget-display,false
L004318,2025-11-15 14:30:00,Ingrid,Grant,ingrid.grant@cascade.com,cascade.com,Display - Programmatic,retarget-display,false
L004319,2025-11-02 11:00:00,Marcus,Pires,marcus.pires@meridian.com,meridian.com,Display - Programmatic,retarget-display,false
L004320,2025-11-26 20:00:00,Alicia,Kavanagh,alicia.kavanagh@lumen.com,lumen.com,Display - Programmatic,contextual-b2b,false
L004321,2025-11-30 09:00:00,Marcus,Bahri,marcus.bahri@cascade.com,cascade.com,Display - Programmatic,retarget-display,false
L004322,2025-11-20 13:30:00,Jonas,Kavanagh,jonas.kavanagh@northwind.com,northwind.com,Display - Programmatic,retarget-display,false
L004323,2025-11-13 09:45:00,Jonas,Pires,jonas.pires@thornbury.com,thornbury.com,Display - Programmatic,retarget-display,false
L004324,2025-11-04 16:15:00,Omar,Moreau,omar.moreau@kestrel.com,kestrel.com,Display - Programmatic,retarget-display,false
L004325,2025-11-17 14:15:00,Elodie,Mulvaney,elodie.mulvaney@oakhurst.com,oakhurst.com,Display - Programmatic,contextual-b2b,false
L004326,2025-11-22 16:45:00,Callum,Byrne,callum.byrne@ironwood.com,ironwood.com,Display - Programmatic,contextual-b2b,false
L004327,2025-11-11 10:15:00,Cormac,Aaltonen,cormac.aaltonen@pinnacle.com,pinnacle.com,Display - Programmatic,retarget-display,false
L004328,2025-11-23 11:45:00,Estelle,Lindqvist,estelle.lindqvist@ember.com,ember.com,Display - Programmatic,retarget-display,false
L004329,2025-11-12 12:15:00,Ingrid,Doyle,ingrid.doyle@meridian.com,meridian.com,Display - Programmatic,contextual-b2b,false
L004330,2025-11-13 15:45:00,Elodie,Lindqvist,elodie.lindqvist@copperline.com,copperline.com,Display - Programmatic,retarget-display,false
L004331,2025-11-07 12:00:00,Priya,Farrell,priya.farrell@cascade.com,cascade.com,Display - Programmatic,retarget-display,false
L004332,2025-11-26 18:45:00,Callum,Doyle,callum.doyle@kestrel.com,kestrel.com,Display - Programmatic,retarget-display,false
L004333,2025-11-14 19:15:00,Yusuf,Grant,yusuf.grant@northwind.com,northwind.com,Display - Programmatic,contextual-b2b,false
L004334,2025-11-17 08:45:00,Darius,Okonkwo,darius.okonkwo@nimbus.com,nimbus.com,Display - Programmatic,contextual-b2b,true
L004335,2025-11-23 16:30:00,Noor,Demir,noor.demir@solvent.com,solvent.com,Display - Programmatic,contextual-b2b,false
L004336,2025-11-02 12:00:00,Malik,Aaltonen,malik.aaltonen@ironwood.com,ironwood.com,Display - Programmatic,retarget-display,false
L004337,2025-11-19 12:00:00,Cormac,Moreau,cormac.moreau@solvent.com,solvent.com,Display - Programmatic,retarget-display,false
L004338,2025-11-16 07:45:00,Priya,Almeida,priya.almeida@nimbus.com,nimbus.com,Display - Programmatic,contextual-b2b,false
L004339,2025-11-15 10:00:00,Rafael,Novak,rafael.novak@foxglove.com,foxglove.com,Display - Programmatic,retarget-display,false
L004340,2025-11-26 14:00:00,Siobhan,Mulvaney,siobhan.mulvaney@pinnacle.com,pinnacle.com,Display - Programmatic,retarget-display,false
L004341,2025-11-05 08:15:00,Darius,Nwosu,darius.nwosu@oakhurst.com,oakhurst.com,Display - Programmatic,contextual-b2b,false
L004342,2025-11-04 13:30:00,Marcus,Zhang,marcus.zhang@anvil.com,anvil.com,Display - Programmatic,contextual-b2b,false
L004343,2025-11-12 13:15:00,Tomas,Whitfield,tomas.whitfield@ferrous.com,ferrous.com,Display - Programmatic,retarget-display,false
L004344,2025-11-06 10:45:00,Cormac,Whitfield,cormac.whitfield@ridgeline.com,ridgeline.com,Paid Search - Brand,brand-exact,false
L004345,2025-11-19 20:00:00,Tomas,Ferreira,tomas.ferreira@ember.com,ember.com,Paid Search - Brand,brand-exact,false
L004346,2025-11-28 09:00:00,Rafael,Bahri,rafael.bahri@brightpath.com,brightpath.com,Paid Search - Brand,brand-phrase,false
L004347,2025-11-13 20:00:00,Lena,Almeida,lena.almeida@meridian.com,meridian.com,Paid Search - Brand,brand-exact,false
L004348,2025-11-08 10:15:00,Noor,Kavanagh,noor.kavanagh@brightpath.com,brightpath.com,Paid Search - Brand,brand-phrase,true
L004349,2025-11-07 18:30:00,Elodie,Kavanagh,elodie.kavanagh@ironwood.com,ironwood.com,Paid Search - Brand,brand-exact,false
L004350,2025-11-07 09:00:00,Ivo,Doyle,ivo.doyle@meridian.com,meridian.com,Paid Search - Brand,brand-phrase,false
L004351,2025-11-29 20:00:00,Ingrid,Pires,ingrid.pires@ironwood.com,ironwood.com,Paid Search - Brand,brand-phrase,false
L004352,2025-11-04 09:15:00,Darius,Almeida,darius.almeida@arclight.com,arclight.com,Paid Search - Brand,brand-phrase,false
L004353,2025-11-02 13:15:00,Anaya,Watanabe,anaya.watanabe@juniper.com,juniper.com,Paid Search - Brand,brand-exact,false
L004354,2025-11-14 07:45:00,Peter,Okonkwo,peter.okonkwo@thornbury.com,thornbury.com,Paid Search - Brand,brand-exact,false
L004355,2025-11-17 20:00:00,Priya,Iyer,priya.iyer@copperline.com,copperline.com,Paid Search - Brand,brand-exact,true
L004356,2025-11-19 20:00:00,Rafael,Moreau,rafael.moreau@saltmarsh.com,saltmarsh.com,Paid Search - Brand,brand-phrase,false
L004357,2025-11-17 13:45:00,Hollis,Novak,hollis.novak@tessellate.com,tessellate.com,Paid Search - Brand,brand-exact,false
L004358,2025-11-07 11:45:00,Anaya,Nwosu,anaya.nwosu@foxglove.com,foxglove.com,Paid Search - Brand,brand-phrase,false
L004359,2025-11-26 18:00:00,Ingrid,Ferreira,ingrid.ferreira@ridgeline.com,ridgeline.com,Paid Search - Brand,brand-phrase,false
L004360,2025-11-12 07:30:00,Cormac,Lindqvist,cormac.lindqvist@meridian.com,meridian.com,Paid Search - Brand,brand-exact,false
L004361,2025-11-23 18:00:00,Hollis,Szabo,hollis.szabo@cascade.com,cascade.com,Paid Search - Brand,brand-phrase,false
L004362,2025-11-28 20:15:00,Hollis,Watanabe,hollis.watanabe@nimbus.com,nimbus.com,Paid Search - Brand,brand-phrase,false
L004363,2025-11-15 08:15:00,Callum,Aaltonen,callum.aaltonen@arclight.com,arclight.com,Paid Search - Brand,brand-phrase,false
L004364,2025-11-15 10:30:00,Hollis,Lindqvist,hollis.lindqvist@foxglove.com,foxglove.com,Paid Search - Brand,brand-phrase,false
L004365,2025-11-11 20:45:00,Lena,Farrell,lena.farrell@quillon.com,quillon.com,Paid Search - Brand,brand-phrase,false
L004366,2025-11-06 14:30:00,Priya,Petrov,priya.petrov@ridgeline.com,ridgeline.com,Paid Search - Brand,brand-exact,false
L004367,2025-11-03 13:00:00,Grace,Byrne,grace.byrne@ferrous.com,ferrous.com,Paid Search - Brand,brand-phrase,true
L004368,2025-11-12 14:30:00,Elodie,Krishnan,elodie.krishnan@copperline.com,copperline.com,Paid Search - Brand,brand-exact,true
L004369,2025-11-21 09:15:00,Renata,Aaltonen,renata.aaltonen@nimbus.com,nimbus.com,Paid Search - Brand,brand-phrase,false
L004370,2025-11-26 19:45:00,Darius,Horvat,darius.horvat@dovetail.com,dovetail.com,Paid Search - Brand,brand-exact,false
L004371,2025-11-26 17:00:00,Marcus,Byrne,marcus.byrne@juniper.com,juniper.com,Paid Search - Brand,brand-phrase,false
L004372,2025-11-02 15:45:00,Yusuf,Mulvaney,yusuf.mulvaney@ember.com,ember.com,Paid Search - Brand,brand-exact,false
L004373,2025-11-15 14:15:00,Cormac,Doyle,cormac.doyle@meridian.com,meridian.com,Paid Search - Brand,brand-exact,false
L004374,2025-11-03 15:15:00,Marcus,Whitfield,marcus.whitfield@ember.com,ember.com,Paid Search - Brand,brand-exact,false
L004375,2025-11-10 17:45:00,Anaya,Watanabe,anaya.watanabe@quarry.com,quarry.com,Paid Search - Brand,brand-phrase,false
L004376,2025-11-07 13:45:00,Margit,Krishnan,margit.krishnan@ember.com,ember.com,Paid Search - Brand,brand-exact,false
L004377,2025-11-23 11:00:00,Marcus,Demir,marcus.demir@brightpath.com,brightpath.com,Paid Search - Brand,brand-phrase,false
L004378,2025-11-25 17:30:00,Tomas,Zhang,tomas.zhang@anvil.com,anvil.com,Paid Search - Brand,brand-phrase,true
L004379,2025-11-09 16:30:00,Priya,Almeida,priya.almeida@halcyon.com,halcyon.com,Paid Search - Brand,brand-phrase,false
L004380,2025-11-24 13:15:00,Renata,Watanabe,renata.watanabe@ember.com,ember.com,Paid Search - Brand,brand-exact,false
L004381,2025-11-26 10:15:00,Siobhan,Szabo,siobhan.szabo@ironwood.com,ironwood.com,Paid Search - Brand,brand-phrase,false
L004382,2025-11-24 13:00:00,Kenji,Horvat,kenji.horvat@ember.com,ember.com,Paid Search - Brand,brand-exact,false
L004383,2025-11-16 08:00:00,Arun,Szabo,arun.szabo@nimbus.com,nimbus.com,Paid Search - Brand,brand-exact,false
L004384,2025-11-21 15:00:00,Adeola,Whitfield,adeola.whitfield@solvent.com,solvent.com,Paid Search - Brand,brand-exact,false
L004385,2025-11-02 08:30:00,Elodie,Lindqvist,elodie.lindqvist@quarry.com,quarry.com,Paid Search - Brand,brand-exact,false
L004386,2025-11-16 08:45:00,Renata,Zhang,renata.zhang@solvent.com,solvent.com,Paid Search - Brand,brand-exact,false
L004387,2025-11-29 13:30:00,Malik,Whitfield,malik.whitfield@ferrous.com,ferrous.com,Paid Search - Brand,brand-exact,false
L004388,2025-11-20 14:45:00,Renata,Okonkwo,renata.okonkwo@harborview.com,harborview.com,Paid Search - Brand,brand-phrase,true
L004389,2025-11-07 08:15:00,Yusuf,Raghunathan,yusuf.raghunathan@northwind.com,northwind.com,Paid Search - Brand,brand-exact,false
L004390,2025-11-09 10:15:00,Beatriz,Haddad,beatriz.haddad@solvent.com,solvent.com,Paid Search - Brand,brand-phrase,false
L004391,2025-11-26 15:45:00,Darius,Ferreira,darius.ferreira@cascade.com,cascade.com,Paid Search - Brand,brand-exact,false
L004392,2025-11-15 11:00:00,Siobhan,Nwosu,siobhan.nwosu@halcyon.com,halcyon.com,Paid Search - Brand,brand-phrase,false
L004393,2025-11-23 20:45:00,Arun,Ferreira,arun.ferreira@cascade.com,cascade.com,Paid Search - Brand,brand-exact,false
L004394,2025-11-14 16:15:00,Lena,Doyle,lena.doyle@lumen.com,lumen.com,Paid Search - Brand,brand-phrase,false
L004395,2025-11-06 16:45:00,Darius,Farrell,darius.farrell@cascade.com,cascade.com,Paid Search - Brand,brand-phrase,false
L004396,2025-11-29 07:15:00,Jonas,Lindqvist,jonas.lindqvist@kestrel.com,kestrel.com,Paid Search - Brand,brand-exact,false
L004397,2025-11-23 13:30:00,Rafael,Byrne,rafael.byrne@marlowe.com,marlowe.com,Paid Search - Brand,brand-phrase,false
L004398,2025-11-19 12:15:00,Beatriz,Farrell,beatriz.farrell@cascade.com,cascade.com,Paid Search - Brand,brand-phrase,true
L004399,2025-11-28 19:00:00,Kenji,Haddad,kenji.haddad@northwind.com,northwind.com,Paid Search - Brand,brand-exact,false
L004400,2025-11-09 13:45:00,Estelle,Kavanagh,estelle.kavanagh@quillon.com,quillon.com,Paid Social - Meta,mofu-retarget,false
L004401,2025-11-23 20:45:00,Omar,Szabo,omar.szabo@quillon.com,quillon.com,Paid Social - Meta,mofu-retarget,false
L004402,2025-11-23 11:45:00,Marcus,Zhang,marcus.zhang@ferrous.com,ferrous.com,Paid Social - Meta,mofu-retarget,false
L004403,2025-11-15 17:15:00,Lena,Lindqvist,lena.lindqvist@ridgeline.com,ridgeline.com,Paid Social - Meta,prospecting-lal,false
L004404,2025-11-05 13:00:00,Grace,Iyer,grace.iyer@quarry.com,quarry.com,Paid Social - Meta,lead-form-broad,false
L004405,2025-11-15 15:30:00,Kenji,Ferreira,kenji.ferreira@solvent.com,solvent.com,Paid Social - Meta,prospecting-lal,false
L004406,2025-11-04 19:15:00,Renata,Watanabe,renata.watanabe@granitepeak.com,granitepeak.com,Paid Social - Meta,mofu-retarget,false
L004407,2025-11-23 07:45:00,Yusuf,Novak,yusuf.novak@redwood.com,redwood.com,Paid Social - Meta,mofu-retarget,false
L004408,2025-11-16 17:00:00,Marcus,Mulvaney,marcus.mulvaney@ember.com,ember.com,Paid Social - Meta,mofu-retarget,false
L004409,2025-11-27 18:15:00,Hollis,Ferreira,hollis.ferreira@granitepeak.com,granitepeak.com,Paid Social - Meta,mofu-retarget,false
L004410,2025-11-29 10:00:00,Ivo,Farrell,ivo.farrell@cascade.com,cascade.com,Paid Social - Meta,lead-form-broad,false
L004411,2025-11-30 09:00:00,Beatriz,Lindqvist,beatriz.lindqvist@arclight.com,arclight.com,Paid Social - Meta,mofu-retarget,false
L004412,2025-11-05 08:15:00,Margit,Kavanagh,margit.kavanagh@redwood.com,redwood.com,Paid Social - Meta,lead-form-broad,false
L004413,2025-11-08 19:00:00,Yusuf,Kavanagh,yusuf.kavanagh@foxglove.com,foxglove.com,Paid Social - Meta,prospecting-lal,false
L004414,2025-11-21 10:45:00,Tomas,Lindqvist,tomas.lindqvist@pinnacle.com,pinnacle.com,Paid Social - Meta,mofu-retarget,false
L004415,2025-11-09 08:15:00,Darius,Doyle,darius.doyle@tessellate.com,tessellate.com,Paid Social - Meta,lead-form-broad,false
L004416,2025-11-11 12:00:00,Estelle,Almeida,estelle.almeida@juniper.com,juniper.com,Paid Social - Meta,mofu-retarget,false
L004417,2025-11-18 07:15:00,Callum,Raghunathan,callum.raghunathan@dovetail.com,dovetail.com,Paid Social - Meta,prospecting-lal,false
L004418,2025-11-18 17:00:00,Callum,Moreau,callum.moreau@quillon.com,quillon.com,Paid Social - Meta,mofu-retarget,false
L004419,2025-11-13 20:00:00,Darius,Aaltonen,darius.aaltonen@kestrel.com,kestrel.com,Paid Social - Meta,mofu-retarget,false
L004420,2025-11-23 13:30:00,Jonas,Krishnan,jonas.krishnan@arclight.com,arclight.com,Paid Social - Meta,prospecting-lal,false
L004421,2025-11-23 09:45:00,Anaya,Byrne,anaya.byrne@anvil.com,anvil.com,Paid Social - Meta,prospecting-lal,false
L004422,2025-11-06 12:45:00,Yusuf,Doyle,yusuf.doyle@ridgeline.com,ridgeline.com,Paid Social - Meta,prospecting-lal,false
L004423,2025-11-16 09:15:00,Estelle,Petrov,estelle.petrov@ember.com,ember.com,Paid Social - Meta,prospecting-lal,false
L004424,2025-11-14 17:00:00,Jonas,Iyer,jonas.iyer@brightpath.com,brightpath.com,Paid Social - Meta,lead-form-broad,false
L004425,2025-11-13 10:15:00,Lena,Kavanagh,lena.kavanagh@meridian.com,meridian.com,Paid Social - Meta,mofu-retarget,true
L004426,2025-11-13 14:45:00,Darius,Doyle,darius.doyle@tessellate.com,tessellate.com,Paid Social - Meta,lead-form-broad,false
L004427,2025-11-03 10:15:00,Arun,Petrov,arun.petrov@juniper.com,juniper.com,Paid Social - Meta,lead-form-broad,false
L004428,2025-11-26 13:15:00,Renata,Zhang,renata.zhang@arclight.com,arclight.com,Paid Social - Meta,prospecting-lal,false
L004429,2025-11-06 09:15:00,Mei,Petrov,mei.petrov@oakhurst.com,oakhurst.com,Paid Social - Meta,prospecting-lal,false
L004430,2025-11-28 18:00:00,Priya,Nwosu,priya.nwosu@lumen.com,lumen.com,Paid Social - Meta,prospecting-lal,false
L004431,2025-11-05 10:15:00,Callum,Nwosu,callum.nwosu@saltmarsh.com,saltmarsh.com,Paid Social - Meta,prospecting-lal,false
L004432,2025-11-03 19:00:00,Ivo,Kavanagh,ivo.kavanagh@anvil.com,anvil.com,Paid Social - Meta,lead-form-broad,false
L004433,2025-11-09 11:00:00,Tomas,Szabo,tomas.szabo@dovetail.com,dovetail.com,Paid Social - Meta,prospecting-lal,false
L004434,2025-11-20 12:00:00,Anaya,Lindqvist,anaya.lindqvist@brightpath.com,brightpath.com,Paid Social - Meta,prospecting-lal,false
L004435,2025-11-03 15:45:00,Estelle,Lindqvist,estelle.lindqvist@ironwood.com,ironwood.com,Paid Social - Meta,prospecting-lal,false
L004436,2025-11-03 08:45:00,Siobhan,Bergstrom,siobhan.bergstrom@meridian.com,meridian.com,Paid Social - Meta,mofu-retarget,false
L004437,2025-11-27 16:00:00,Siobhan,Castellanos,siobhan.castellanos@northwind.com,northwind.com,Paid Social - Meta,lead-form-broad,false
L004438,2025-11-01 09:15:00,Malik,Petrov,malik.petrov@copperline.com,copperline.com,Paid Social - Meta,mofu-retarget,false
L004439,2025-11-05 12:30:00,Jonas,Whitfield,jonas.whitfield@arclight.com,arclight.com,Paid Social - Meta,prospecting-lal,false
L004440,2025-11-05 20:15:00,Elodie,Whitfield,elodie.whitfield@quarry.com,quarry.com,Paid Social - Meta,prospecting-lal,false
L004441,2025-11-10 15:15:00,Elodie,Almeida,elodie.almeida@pinnacle.com,pinnacle.com,Paid Social - Meta,mofu-retarget,false
L004442,2025-11-28 20:45:00,Mei,Whitfield,mei.whitfield@harborview.com,harborview.com,Paid Social - Meta,prospecting-lal,false
L004443,2025-11-24 12:30:00,Alicia,Krishnan,alicia.krishnan@brightpath.com,brightpath.com,Paid Social - Meta,lead-form-broad,false
L004444,2025-11-18 12:45:00,Omar,Aaltonen,omar.aaltonen@anvil.com,anvil.com,Paid Social - Meta,mofu-retarget,false
L004445,2025-11-12 18:30:00,Marcus,Raghunathan,marcus.raghunathan@harborview.com,harborview.com,Paid Social - Meta,lead-form-broad,true
L004446,2025-11-10 15:15:00,Estelle,Horvat,estelle.horvat@ember.com,ember.com,Paid Social - Meta,prospecting-lal,false
L004447,2025-11-18 08:00:00,Adeola,Watanabe,adeola.watanabe@northwind.com,northwind.com,Paid Social - Meta,prospecting-lal,false
L004448,2025-11-05 18:30:00,Callum,Byrne,callum.byrne@cascade.com,cascade.com,Paid Social - Meta,mofu-retarget,false
L004449,2025-11-09 07:00:00,Estelle,Haddad,estelle.haddad@ridgeline.com,ridgeline.com,Paid Social - Meta,lead-form-broad,false
L004450,2025-11-20 13:00:00,Tomas,Bahri,tomas.bahri@brightpath.com,brightpath.com,Paid Social - Meta,prospecting-lal,false
L004451,2025-11-15 10:45:00,Mei,Novak,mei.novak@quarry.com,quarry.com,Paid Social - Meta,prospecting-lal,false
L004452,2025-11-05 20:15:00,Yusuf,Horvat,yusuf.horvat@nimbus.com,nimbus.com,Paid Social - Meta,prospecting-lal,false
L004453,2025-11-22 12:45:00,Elodie,Watanabe,elodie.watanabe@ridgeline.com,ridgeline.com,Paid Social - Meta,lead-form-broad,false
L004454,2025-11-07 13:00:00,Rafael,Bahri,rafael.bahri@northwind.com,northwind.com,Paid Social - Meta,lead-form-broad,false
L004455,2025-11-22 19:30:00,Tomas,Byrne,tomas.byrne@saltmarsh.com,saltmarsh.com,Paid Social - Meta,lead-form-broad,false
L004456,2025-11-21 09:15:00,Elodie,Watanabe,elodie.watanabe@redwood.com,redwood.com,Paid Social - Meta,mofu-retarget,false
L004457,2025-11-10 14:30:00,Elodie,Petrov,elodie.petrov@lumen.com,lumen.com,Paid Social - Meta,mofu-retarget,false
L004458,2025-11-10 10:30:00,Peter,Byrne,peter.byrne@lumen.com,lumen.com,Paid Social - Meta,mofu-retarget,false
L004459,2025-11-28 15:30:00,Margit,Ferreira,margit.ferreira@oakhurst.com,oakhurst.com,Paid Social - Meta,lead-form-broad,false
L004460,2025-11-21 11:30:00,Lena,Horvat,lena.horvat@anvil.com,anvil.com,Paid Social - Meta,lead-form-broad,false
L004461,2025-11-03 19:00:00,Ingrid,Krishnan,ingrid.krishnan@lumen.com,lumen.com,Paid Social - Meta,lead-form-broad,false
L004462,2025-11-17 07:15:00,Adeola,Vieira,adeola.vieira@foxglove.com,foxglove.com,Paid Social - Meta,lead-form-broad,false
L004463,2025-11-02 14:15:00,Marcus,Castellanos,marcus.castellanos@kestrel.com,kestrel.com,Paid Social - Meta,prospecting-lal,false
L004464,2025-11-01 09:45:00,Ingrid,Aaltonen,ingrid.aaltonen@foxglove.com,foxglove.com,Paid Social - Meta,prospecting-lal,false
L004465,2025-11-22 14:15:00,Jonas,Horvat,jonas.horvat@anvil.com,anvil.com,Paid Social - Meta,prospecting-lal,false
L004466,2025-11-02 08:30:00,Margit,Vieira,margit.vieira@lumen.com,lumen.com,Paid Social - Meta,lead-form-broad,false
L004467,2025-11-21 15:30:00,Lena,Haddad,lena.haddad@nimbus.com,nimbus.com,Paid Social - Meta,mofu-retarget,false
L004468,2025-11-01 12:15:00,Adeola,Zhang,adeola.zhang@ironwood.com,ironwood.com,Paid Social - Meta,prospecting-lal,false
L004469,2025-11-25 19:00:00,Estelle,Demir,estelle.demir@oakhurst.com,oakhurst.com,Paid Social - Meta,prospecting-lal,false
L004470,2025-11-27 15:45:00,Margit,Horvat,margit.horvat@ridgeline.com,ridgeline.com,Paid Social - Meta,mofu-retarget,false
L004471,2025-11-18 17:15:00,Adeola,Vieira,adeola.vieira@halcyon.com,halcyon.com,Paid Social - Meta,lead-form-broad,false
L004472,2025-11-21 18:30:00,Estelle,Bahri,estelle.bahri@foxglove.com,foxglove.com,Paid Social - Meta,mofu-retarget,false
L004473,2025-11-25 09:00:00,Cormac,Vieira,cormac.vieira@pinnacle.com,pinnacle.com,Paid Social - Meta,prospecting-lal,false
L004474,2025-11-10 15:00:00,Ingrid,Krishnan,ingrid.krishnan@arclight.com,arclight.com,Paid Social - Meta,lead-form-broad,false
L004475,2025-11-26 18:00:00,Callum,Almeida,callum.almeida@halcyon.com,halcyon.com,Paid Social - Meta,lead-form-broad,true
L004476,2025-11-12 19:15:00,Priya,Okonkwo,priya.okonkwo@ember.com,ember.com,Paid Social - Meta,prospecting-lal,false
L004477,2025-11-03 10:15:00,Noor,Kavanagh,noor.kavanagh@anvil.com,anvil.com,Paid Social - Meta,lead-form-broad,false
L004478,2025-11-01 19:30:00,Adeola,Doyle,adeola.doyle@redwood.com,redwood.com,Paid Social - Meta,mofu-retarget,false
L004479,2025-11-23 16:45:00,Margit,Bergstrom,margit.bergstrom@ferrous.com,ferrous.com,Paid Social - Meta,lead-form-broad,false
L004480,2025-11-28 15:45:00,Ingrid,Ferreira,ingrid.ferreira@saltmarsh.com,saltmarsh.com,Paid Social - Meta,mofu-retarget,false
L004481,2025-11-02 16:30:00,Arun,Mulvaney,arun.mulvaney@dovetail.com,dovetail.com,Paid Social - Meta,prospecting-lal,false
L004482,2025-11-05 12:45:00,Yusuf,Kavanagh,yusuf.kavanagh@ferrous.com,ferrous.com,Paid Social - Meta,lead-form-broad,false
L004483,2025-11-22 13:30:00,Yusuf,Haddad,yusuf.haddad@northwind.com,northwind.com,Paid Social - Meta,lead-form-broad,false
L004484,2025-11-24 17:30:00,Margit,Petrov,margit.petrov@quarry.com,quarry.com,Paid Social - Meta,mofu-retarget,false
L004485,2025-11-25 09:45:00,Yusuf,Kavanagh,yusuf.kavanagh@halcyon.com,halcyon.com,Paid Social - Meta,prospecting-lal,false
L004486,2025-11-19 15:30:00,Beatriz,Byrne,beatriz.byrne@kestrel.com,kestrel.com,Paid Social - Meta,lead-form-broad,false
L004487,2025-11-08 10:45:00,Grace,Doyle,grace.doyle@copperline.com,copperline.com,Paid Social - Meta,prospecting-lal,false
L004488,2025-11-29 12:45:00,Malik,Aaltonen,malik.aaltonen@quillon.com,quillon.com,Paid Social - Meta,lead-form-broad,false
L004489,2025-11-19 13:30:00,Siobhan,Lindqvist,siobhan.lindqvist@thornbury.com,thornbury.com,Paid Social - Meta,mofu-retarget,false
L004490,2025-11-21 10:30:00,Cormac,Aaltonen,cormac.aaltonen@arclight.com,arclight.com,Paid Social - Meta,lead-form-broad,false
L004491,2025-11-12 09:00:00,Rafael,Byrne,rafael.byrne@dovetail.com,dovetail.com,Paid Social - Meta,prospecting-lal,false
L004492,2025-11-27 11:45:00,Peter,Lindqvist,peter.lindqvist@lumen.com,lumen.com,Paid Social - Meta,lead-form-broad,false
L004493,2025-11-21 13:15:00,Siobhan,Haddad,siobhan.haddad@oakhurst.com,oakhurst.com,Paid Social - Meta,prospecting-lal,false
L004494,2025-11-15 07:00:00,Estelle,Pires,estelle.pires@cascade.com,cascade.com,Paid Social - Meta,lead-form-broad,false
L004495,2025-11-28 10:00:00,Grace,Kavanagh,grace.kavanagh@thornbury.com,thornbury.com,Paid Social - Meta,mofu-retarget,false
L004496,2025-11-06 17:15:00,Tomas,Lindqvist,tomas.lindqvist@solvent.com,solvent.com,Paid Social - Meta,prospecting-lal,false
L004497,2025-11-22 13:30:00,Kenji,Krishnan,kenji.krishnan@northwind.com,northwind.com,Paid Social - Meta,lead-form-broad,false
L004498,2025-11-12 15:15:00,Omar,Raghunathan,omar.raghunathan@arclight.com,arclight.com,Paid Social - Meta,lead-form-broad,false
L004499,2025-11-10 10:45:00,Renata,Vieira,renata.vieira@ironwood.com,ironwood.com,Paid Social - Meta,lead-form-broad,false
L004500,2025-11-09 14:15:00,Darius,Haddad,darius.haddad@quillon.com,quillon.com,Paid Social - Meta,mofu-retarget,false
L004501,2025-11-24 08:45:00,Renata,Byrne,renata.byrne@dovetail.com,dovetail.com,Paid Social - Meta,lead-form-broad,false
L004502,2025-11-04 15:00:00,Alicia,Moreau,alicia.moreau@ferrous.com,ferrous.com,Paid Social - Meta,mofu-retarget,false
L004503,2025-11-12 20:15:00,Hollis,Kavanagh,hollis.kavanagh@foxglove.com,foxglove.com,Paid Social - Meta,lead-form-broad,false
L004504,2025-11-20 11:45:00,Noor,Zhang,noor.zhang@meridian.com,meridian.com,Paid Social - Meta,prospecting-lal,false
L004505,2025-11-25 11:45:00,Yusuf,Krishnan,yusuf.krishnan@redwood.com,redwood.com,Paid Social - Meta,prospecting-lal,false
L004506,2025-11-03 13:45:00,Jonas,Zhang,jonas.zhang@harborview.com,harborview.com,Paid Social - Meta,lead-form-broad,false
L004507,2025-11-23 15:30:00,Yusuf,Okonkwo,yusuf.okonkwo@brightpath.com,brightpath.com,Paid Social - Meta,prospecting-lal,false
L004508,2025-11-23 11:15:00,Siobhan,Watanabe,siobhan.watanabe@arclight.com,arclight.com,Paid Social - Meta,mofu-retarget,true
L004509,2025-11-09 14:00:00,Kenji,Raghunathan,kenji.raghunathan@thornbury.com,thornbury.com,Paid Social - Meta,mofu-retarget,false
L004510,2025-11-26 12:00:00,Arun,Zhang,arun.zhang@thornbury.com,thornbury.com,Paid Social - Meta,mofu-retarget,false
L004511,2025-11-26 09:00:00,Darius,Castellanos,darius.castellanos@cascade.com,cascade.com,Paid Social - Meta,lead-form-broad,false
L004512,2025-11-05 09:45:00,Darius,Moreau,darius.moreau@marlowe.com,marlowe.com,Paid Social - Meta,mofu-retarget,false
L004513,2025-11-20 08:15:00,Marcus,Krishnan,marcus.krishnan@cascade.com,cascade.com,Paid Social - Meta,mofu-retarget,false
L004514,2025-11-12 10:30:00,Malik,Szabo,malik.szabo@ironwood.com,ironwood.com,Paid Social - Meta,lead-form-broad,false
L004515,2025-11-24 15:15:00,Noor,Farrell,noor.farrell@solvent.com,solvent.com,Paid Social - Meta,prospecting-lal,false
L004516,2025-11-11 18:45:00,Arun,Grant,arun.grant@juniper.com,juniper.com,Paid Social - Meta,lead-form-broad,false
L004517,2025-11-27 09:45:00,Jonas,Byrne,jonas.byrne@foxglove.com,foxglove.com,Paid Social - Meta,mofu-retarget,false
L004518,2025-11-28 13:45:00,Jonas,Horvat,jonas.horvat@tessellate.com,tessellate.com,Paid Social - Meta,prospecting-lal,false
L004519,2025-11-24 17:45:00,Elodie,Doyle,elodie.doyle@quarry.com,quarry.com,Paid Social - Meta,lead-form-broad,false
L004520,2025-11-19 11:00:00,Yusuf,Haddad,yusuf.haddad@redwood.com,redwood.com,Paid Social - Meta,prospecting-lal,false
L004521,2025-11-12 12:30:00,Marcus,Castellanos,marcus.castellanos@meridian.com,meridian.com,Paid Social - Meta,mofu-retarget,false
L004522,2025-11-13 14:15:00,Kenji,Ferreira,kenji.ferreira@harborview.com,harborview.com,Paid Social - Meta,prospecting-lal,false
L004523,2025-11-08 18:45:00,Anaya,Doyle,anaya.doyle@copperline.com,copperline.com,Paid Social - Meta,prospecting-lal,false
L004524,2025-11-28 20:30:00,Grace,Okonkwo,grace.okonkwo@oakhurst.com,oakhurst.com,Paid Social - Meta,mofu-retarget,false
L004525,2025-11-28 17:30:00,Beatriz,Krishnan,beatriz.krishnan@northwind.com,northwind.com,Paid Social - Meta,mofu-retarget,false
L004526,2025-11-07 09:30:00,Cormac,Castellanos,cormac.castellanos@quarry.com,quarry.com,Paid Social - Meta,mofu-retarget,false
L004527,2025-11-27 15:15:00,Yusuf,Moreau,yusuf.moreau@juniper.com,juniper.com,Paid Social - Meta,prospecting-lal,false
L004528,2025-11-25 07:15:00,Alicia,Whitfield,alicia.whitfield@pinnacle.com,pinnacle.com,Paid Social - Meta,lead-form-broad,false
L004529,2025-11-15 17:45:00,Noor,Raghunathan,noor.raghunathan@halcyon.com,halcyon.com,Paid Social - Meta,prospecting-lal,false
L004530,2025-11-26 07:45:00,Grace,Bergstrom,grace.bergstrom@brightpath.com,brightpath.com,Paid Social - Meta,lead-form-broad,false
L004531,2025-11-10 15:00:00,Adeola,Aaltonen,adeola.aaltonen@granitepeak.com,granitepeak.com,Paid Social - Meta,mofu-retarget,false
L004532,2025-11-29 15:00:00,Rafael,Demir,rafael.demir@solvent.com,solvent.com,Paid Social - Meta,lead-form-broad,false
L004533,2025-11-21 19:00:00,Elodie,Krishnan,elodie.krishnan@juniper.com,juniper.com,Paid Social - Meta,lead-form-broad,false
L004534,2025-11-20 11:15:00,Noor,Moreau,noor.moreau@quillon.com,quillon.com,Paid Social - Meta,prospecting-lal,false
L004535,2025-11-26 08:30:00,Siobhan,Bahri,siobhan.bahri@dovetail.com,dovetail.com,Paid Social - Meta,lead-form-broad,false
L004536,2025-11-06 14:00:00,Hollis,Novak,hollis.novak@ironwood.com,ironwood.com,Paid Social - Meta,prospecting-lal,false
L004537,2025-11-26 10:45:00,Callum,Novak,callum.novak@quarry.com,quarry.com,Paid Social - Meta,mofu-retarget,false
L004538,2025-11-18 07:45:00,Rafael,Vieira,rafael.vieira@thornbury.com,thornbury.com,Paid Social - Meta,lead-form-broad,false
L004539,2025-11-28 09:15:00,Margit,Ferreira,margit.ferreira@granitepeak.com,granitepeak.com,Paid Social - Meta,mofu-retarget,false
L004540,2025-11-21 19:15:00,Estelle,Mulvaney,estelle.mulvaney@nimbus.com,nimbus.com,Paid Social - Meta,prospecting-lal,false
L004541,2025-11-14 07:00:00,Ivo,Petrov,ivo.petrov@northwind.com,northwind.com,Paid Social - Meta,lead-form-broad,false
L004542,2025-11-28 11:00:00,Noor,Aaltonen,noor.aaltonen@ferrous.com,ferrous.com,Paid Social - Meta,mofu-retarget,false
L004543,2025-11-24 19:30:00,Ivo,Byrne,ivo.byrne@meridian.com,meridian.com,Paid Social - Meta,lead-form-broad,false
L004544,2025-11-27 08:30:00,Priya,Szabo,priya.szabo@arclight.com,arclight.com,Paid Social - Meta,lead-form-broad,false
L004545,2025-11-15 18:15:00,Margit,Novak,margit.novak@dovetail.com,dovetail.com,Paid Social - Meta,prospecting-lal,false
L004546,2025-11-24 16:30:00,Hollis,Nwosu,hollis.nwosu@cascade.com,cascade.com,Paid Social - Meta,mofu-retarget,false
L004547,2025-11-01 14:45:00,Hollis,Zhang,hollis.zhang@harborview.com,harborview.com,Paid Social - Meta,prospecting-lal,false
L004548,2025-11-07 12:00:00,Alicia,Szabo,alicia.szabo@copperline.com,copperline.com,Paid Social - Meta,lead-form-broad,false
L004549,2025-11-20 07:15:00,Grace,Nwosu,grace.nwosu@saltmarsh.com,saltmarsh.com,Paid Social - Meta,prospecting-lal,false
L004550,2025-11-12 19:15:00,Adeola,Watanabe,adeola.watanabe@copperline.com,copperline.com,Paid Social - Meta,prospecting-lal,false
L004551,2025-11-13 07:30:00,Marcus,Watanabe,marcus.watanabe@ridgeline.com,ridgeline.com,Paid Social - Meta,prospecting-lal,false
L004552,2025-11-12 09:15:00,Grace,Grant,grace.grant@oakhurst.com,oakhurst.com,Paid Social - Meta,mofu-retarget,false
L004553,2025-11-04 20:45:00,Beatriz,Grant,beatriz.grant@ferrous.com,ferrous.com,Paid Social - Meta,prospecting-lal,false
L004554,2025-11-10 09:30:00,Arun,Ferreira,arun.ferreira@solvent.com,solvent.com,Paid Social - Meta,lead-form-broad,false
L004555,2025-11-23 09:30:00,Ingrid,Bahri,ingrid.bahri@nimbus.com,nimbus.com,Paid Social - Meta,prospecting-lal,false
L004556,2025-11-15 16:00:00,Callum,Lindqvist,callum.lindqvist@ferrous.com,ferrous.com,Paid Social - Meta,lead-form-broad,false
L004557,2025-11-05 13:15:00,Omar,Vieira,omar.vieira@foxglove.com,foxglove.com,Paid Social - Meta,prospecting-lal,false
L004558,2025-11-05 09:15:00,Siobhan,Ferreira,siobhan.ferreira@tessellate.com,tessellate.com,Paid Social - Meta,mofu-retarget,false
L004559,2025-11-26 20:00:00,Estelle,Demir,estelle.demir@juniper.com,juniper.com,Paid Social - Meta,prospecting-lal,false
L004560,2025-11-05 07:45:00,Alicia,Okonkwo,alicia.okonkwo@lumen.com,lumen.com,Paid Social - Meta,lead-form-broad,false
L004561,2025-11-24 15:30:00,Margit,Mulvaney,margit.mulvaney@foxglove.com,foxglove.com,Paid Social - Meta,lead-form-broad,false
L004562,2025-11-13 15:00:00,Ivo,Zhang,ivo.zhang@pinnacle.com,pinnacle.com,Paid Social - Meta,lead-form-broad,false
L004563,2025-11-27 20:15:00,Rafael,Krishnan,rafael.krishnan@arclight.com,arclight.com,Paid Social - Meta,mofu-retarget,false
L004564,2025-11-19 18:30:00,Adeola,Horvat,adeola.horvat@meridian.com,meridian.com,Paid Social - Meta,lead-form-broad,false
L004565,2025-11-16 18:30:00,Ivo,Krishnan,ivo.krishnan@kestrel.com,kestrel.com,Paid Social - Meta,prospecting-lal,false
L004566,2025-11-21 15:30:00,Tomas,Pires,tomas.pires@juniper.com,juniper.com,Paid Social - Meta,prospecting-lal,false
L004567,2025-11-24 09:30:00,Renata,Lindqvist,renata.lindqvist@ember.com,ember.com,Paid Social - Meta,prospecting-lal,false
L004568,2025-11-26 08:30:00,Ivo,Mulvaney,ivo.mulvaney@meridian.com,meridian.com,Paid Social - Meta,prospecting-lal,false
L004569,2025-11-03 14:30:00,Rafael,Doyle,rafael.doyle@saltmarsh.com,saltmarsh.com,Paid Social - Meta,lead-form-broad,false
L004570,2025-11-26 08:45:00,Darius,Whitfield,darius.whitfield@brightpath.com,brightpath.com,Paid Social - Meta,mofu-retarget,false
L004571,2025-11-25 09:30:00,Yusuf,Bergstrom,yusuf.bergstrom@nimbus.com,nimbus.com,Paid Social - Meta,mofu-retarget,false
L004572,2025-11-14 20:30:00,Tomas,Grant,tomas.grant@tessellate.com,tessellate.com,Paid Social - Meta,prospecting-lal,false
L004573,2025-11-22 17:00:00,Rafael,Grant,rafael.grant@ferrous.com,ferrous.com,Paid Social - Meta,mofu-retarget,false
L004574,2025-11-14 17:45:00,Hollis,Watanabe,hollis.watanabe@ironwood.com,ironwood.com,Paid Social - Meta,prospecting-lal,false
L004575,2025-11-12 07:45:00,Mei,Okonkwo,mei.okonkwo@northwind.com,northwind.com,Paid Social - Meta,prospecting-lal,false
L004576,2025-11-30 09:45:00,Ivo,Vieira,ivo.vieira@ferrous.com,ferrous.com,Paid Social - Meta,prospecting-lal,false
L004577,2025-11-27 14:30:00,Cormac,Grant,cormac.grant@halcyon.com,halcyon.com,Paid Social - Meta,lead-form-broad,false
L004578,2025-11-24 18:30:00,Omar,Doyle,omar.doyle@kestrel.com,kestrel.com,Paid Social - Meta,prospecting-lal,false
L004579,2025-11-29 15:15:00,Alicia,Byrne,alicia.byrne@northwind.com,northwind.com,Paid Social - Meta,mofu-retarget,false
L004580,2025-11-04 12:15:00,Renata,Doyle,renata.doyle@halcyon.com,halcyon.com,Paid Social - Meta,lead-form-broad,false
L004581,2025-11-21 11:15:00,Cormac,Horvat,cormac.horvat@anvil.com,anvil.com,Paid Social - Meta,lead-form-broad,false
L004582,2025-11-26 08:15:00,Siobhan,Kavanagh,siobhan.kavanagh@brightpath.com,brightpath.com,Paid Social - Meta,prospecting-lal,false
L004583,2025-11-30 17:15:00,Ingrid,Bahri,ingrid.bahri@oakhurst.com,oakhurst.com,Paid Social - Meta,prospecting-lal,false
L004584,2025-11-04 13:00:00,Peter,Byrne,peter.byrne@granitepeak.com,granitepeak.com,Paid Social - Meta,prospecting-lal,false
L004585,2025-11-07 10:15:00,Tomas,Pires,tomas.pires@solvent.com,solvent.com,Paid Social - Meta,prospecting-lal,false
L004586,2025-11-02 17:45:00,Ivo,Okonkwo,ivo.okonkwo@halcyon.com,halcyon.com,Paid Social - Meta,mofu-retarget,false
L004587,2025-11-05 10:15:00,Malik,Watanabe,malik.watanabe@cascade.com,cascade.com,Paid Social - Meta,lead-form-broad,false
L004588,2025-11-03 11:30:00,Alicia,Castellanos,alicia.castellanos@ironwood.com,ironwood.com,Paid Social - Meta,mofu-retarget,false
L004589,2025-11-20 07:30:00,Hollis,Zhang,hollis.zhang@arclight.com,arclight.com,Paid Social - Meta,mofu-retarget,true
L004590,2025-11-17 13:00:00,Yusuf,Nwosu,yusuf.nwosu@nimbus.com,nimbus.com,Paid Social - Meta,mofu-retarget,false
L004591,2025-11-27 07:00:00,Alicia,Watanabe,alicia.watanabe@tessellate.com,tessellate.com,Paid Social - Meta,prospecting-lal,false
L004592,2025-11-19 09:30:00,Tomas,Horvat,tomas.horvat@copperline.com,copperline.com,Paid Social - Meta,lead-form-broad,false
L004593,2025-11-22 19:00:00,Kenji,Nwosu,kenji.nwosu@lumen.com,lumen.com,Paid Social - Meta,mofu-retarget,false
L004594,2025-11-27 19:45:00,Arun,Novak,arun.novak@saltmarsh.com,saltmarsh.com,Paid Social - Meta,lead-form-broad,false
L004595,2025-11-21 08:00:00,Omar,Demir,omar.demir@pinnacle.com,pinnacle.com,Paid Social - Meta,lead-form-broad,false
L004596,2025-11-16 07:15:00,Rafael,Ferreira,rafael.ferreira@foxglove.com,foxglove.com,Paid Social - Meta,prospecting-lal,false
L004597,2025-11-01 10:30:00,Jonas,Krishnan,jonas.krishnan@halcyon.com,halcyon.com,Paid Social - Meta,lead-form-broad,false
L004598,2025-11-08 20:45:00,Lena,Mulvaney,lena.mulvaney@ferrous.com,ferrous.com,Paid Social - Meta,mofu-retarget,false
L004599,2025-11-02 12:30:00,Rafael,Moreau,rafael.moreau@saltmarsh.com,saltmarsh.com,Paid Social - Meta,prospecting-lal,false
L004600,2025-11-10 07:00:00,Ivo,Szabo,ivo.szabo@anvil.com,anvil.com,Paid Social - Meta,mofu-retarget,false
L004601,2025-11-26 17:30:00,Priya,Watanabe,priya.watanabe@anvil.com,anvil.com,Paid Social - Meta,mofu-retarget,false
L004602,2025-11-22 20:45:00,Priya,Almeida,priya.almeida@foxglove.com,foxglove.com,Paid Social - Meta,lead-form-broad,false
L004603,2025-11-27 10:15:00,Mei,Bahri,mei.bahri@granitepeak.com,granitepeak.com,Paid Social - Meta,prospecting-lal,false
L004604,2025-11-17 13:45:00,Darius,Ferreira,darius.ferreira@marlowe.com,marlowe.com,Paid Social - Meta,mofu-retarget,false
L004605,2025-11-23 16:30:00,Anaya,Iyer,anaya.iyer@tessellate.com,tessellate.com,Paid Social - Meta,prospecting-lal,false
L004606,2025-11-02 18:15:00,Darius,Kavanagh,darius.kavanagh@redwood.com,redwood.com,Paid Search - Non-Brand,competitor-terms,true
L004607,2025-11-25 11:15:00,Rafael,Doyle,rafael.doyle@dovetail.com,dovetail.com,Paid Search - Non-Brand,solution-terms,false
L004608,2025-11-21 18:30:00,Darius,Szabo,darius.szabo@pinnacle.com,pinnacle.com,Paid Search - Non-Brand,category-terms,false
L004609,2025-11-18 07:15:00,Omar,Almeida,omar.almeida@juniper.com,juniper.com,Paid Search - Non-Brand,solution-terms,false
L004610,2025-11-23 13:45:00,Lena,Moreau,lena.moreau@marlowe.com,marlowe.com,Paid Search - Non-Brand,category-terms,false
L004611,2025-11-19 20:15:00,Kenji,Szabo,kenji.szabo@northwind.com,northwind.com,Paid Search - Non-Brand,solution-terms,false
L004612,2025-11-16 08:45:00,Cormac,Byrne,cormac.byrne@quillon.com,quillon.com,Paid Search - Non-Brand,solution-terms,false
L004613,2025-11-19 16:30:00,Marcus,Iyer,marcus.iyer@foxglove.com,foxglove.com,Paid Search - Non-Brand,competitor-terms,false
L004614,2025-11-19 11:30:00,Grace,Iyer,grace.iyer@nimbus.com,nimbus.com,Paid Search - Non-Brand,competitor-terms,false
L004615,2025-11-09 10:15:00,Jonas,Demir,jonas.demir@copperline.com,copperline.com,Paid Search - Non-Brand,category-terms,false
L004616,2025-11-28 13:45:00,Marcus,Whitfield,marcus.whitfield@saltmarsh.com,saltmarsh.com,Paid Search - Non-Brand,solution-terms,false
L004617,2025-11-27 10:00:00,Beatriz,Novak,beatriz.novak@brightpath.com,brightpath.com,Paid Search - Non-Brand,competitor-terms,false
L004618,2025-11-29 14:30:00,Marcus,Bergstrom,marcus.bergstrom@ferrous.com,ferrous.com,Paid Search - Non-Brand,competitor-terms,false
L004619,2025-11-25 20:45:00,Beatriz,Bergstrom,beatriz.bergstrom@thornbury.com,thornbury.com,Paid Search - Non-Brand,competitor-terms,false
L004620,2025-11-15 12:15:00,Grace,Horvat,grace.horvat@saltmarsh.com,saltmarsh.com,Paid Search - Non-Brand,category-terms,false
L004621,2025-11-15 11:45:00,Rafael,Zhang,rafael.zhang@quarry.com,quarry.com,Paid Search - Non-Brand,category-terms,false
L004622,2025-11-10 09:00:00,Omar,Ferreira,omar.ferreira@northwind.com,northwind.com,Paid Search - Non-Brand,solution-terms,false
L004623,2025-11-06 11:15:00,Priya,Novak,priya.novak@ridgeline.com,ridgeline.com,Paid Search - Non-Brand,category-terms,false
L004624,2025-11-12 13:00:00,Kenji,Kavanagh,kenji.kavanagh@ember.com,ember.com,Paid Search - Non-Brand,category-terms,false
L004625,2025-11-08 16:45:00,Grace,Szabo,grace.szabo@quarry.com,quarry.com,Paid Search - Non-Brand,category-terms,false
L004626,2025-11-22 18:00:00,Jonas,Vieira,jonas.vieira@ridgeline.com,ridgeline.com,Paid Search - Non-Brand,solution-terms,false
L004627,2025-11-09 20:45:00,Estelle,Nwosu,estelle.nwosu@halcyon.com,halcyon.com,Paid Search - Non-Brand,category-terms,false
L004628,2025-11-23 08:30:00,Renata,Szabo,renata.szabo@kestrel.com,kestrel.com,Paid Search - Non-Brand,category-terms,false
L004629,2025-11-03 20:15:00,Priya,Whitfield,priya.whitfield@copperline.com,copperline.com,Paid Search - Non-Brand,solution-terms,false
L004630,2025-11-01 15:45:00,Ivo,Doyle,ivo.doyle@ironwood.com,ironwood.com,Paid Search - Non-Brand,competitor-terms,false
L004631,2025-11-15 14:30:00,Peter,Bahri,peter.bahri@brightpath.com,brightpath.com,Paid Search - Non-Brand,competitor-terms,false
L004632,2025-11-18 08:45:00,Noor,Demir,noor.demir@redwood.com,redwood.com,Paid Search - Non-Brand,solution-terms,false
L004633,2025-11-13 07:00:00,Rafael,Grant,rafael.grant@copperline.com,copperline.com,Paid Search - Non-Brand,solution-terms,false
L004634,2025-11-27 20:45:00,Grace,Okonkwo,grace.okonkwo@copperline.com,copperline.com,Paid Search - Non-Brand,competitor-terms,false
L004635,2025-11-28 20:00:00,Ivo,Lindqvist,ivo.lindqvist@nimbus.com,nimbus.com,Paid Search - Non-Brand,competitor-terms,false
L004636,2025-11-09 11:30:00,Grace,Mulvaney,grace.mulvaney@tessellate.com,tessellate.com,Paid Search - Non-Brand,category-terms,false
L004637,2025-11-22 12:00:00,Ivo,Novak,ivo.novak@nimbus.com,nimbus.com,Paid Search - Non-Brand,solution-terms,false
L004638,2025-11-11 14:00:00,Adeola,Almeida,adeola.almeida@thornbury.com,thornbury.com,Paid Search - Non-Brand,competitor-terms,false
L004639,2025-11-16 17:30:00,Anaya,Grant,anaya.grant@lumen.com,lumen.com,Paid Search - Non-Brand,competitor-terms,false
L004640,2025-11-01 19:15:00,Siobhan,Farrell,siobhan.farrell@harborview.com,harborview.com,Paid Search - Non-Brand,solution-terms,false
L004641,2025-11-27 07:00:00,Priya,Krishnan,priya.krishnan@ridgeline.com,ridgeline.com,Paid Search - Non-Brand,competitor-terms,false
L004642,2025-11-08 14:00:00,Priya,Krishnan,priya.krishnan@juniper.com,juniper.com,Paid Search - Non-Brand,competitor-terms,false
L004643,2025-11-13 16:45:00,Peter,Iyer,peter.iyer@halcyon.com,halcyon.com,Paid Search - Non-Brand,competitor-terms,false
L004644,2025-11-06 16:30:00,Mei,Lindqvist,mei.lindqvist@solvent.com,solvent.com,Paid Search - Non-Brand,solution-terms,false
L004645,2025-11-28 10:45:00,Alicia,Vieira,alicia.vieira@ironwood.com,ironwood.com,Paid Search - Non-Brand,solution-terms,false
L004646,2025-11-27 20:15:00,Margit,Nwosu,margit.nwosu@harborview.com,harborview.com,Paid Search - Non-Brand,competitor-terms,false
L004647,2025-11-17 12:00:00,Noor,Almeida,noor.almeida@anvil.com,anvil.com,Paid Search - Non-Brand,category-terms,false
L004648,2025-11-17 09:45:00,Peter,Nwosu,peter.nwosu@copperline.com,copperline.com,Paid Search - Non-Brand,category-terms,false
L004649,2025-11-14 20:15:00,Ingrid,Novak,ingrid.novak@quarry.com,quarry.com,Paid Search - Non-Brand,competitor-terms,false
L004650,2025-11-12 11:15:00,Peter,Krishnan,peter.krishnan@kestrel.com,kestrel.com,Paid Search - Non-Brand,competitor-terms,false
L004651,2025-11-06 10:30:00,Marcus,Okonkwo,marcus.okonkwo@ironwood.com,ironwood.com,Paid Search - Non-Brand,solution-terms,false
L004652,2025-11-02 08:00:00,Adeola,Grant,adeola.grant@foxglove.com,foxglove.com,Paid Search - Non-Brand,solution-terms,false
L004653,2025-11-22 10:30:00,Tomas,Mulvaney,tomas.mulvaney@ridgeline.com,ridgeline.com,Paid Search - Non-Brand,category-terms,false
L004654,2025-11-21 14:15:00,Anaya,Kavanagh,anaya.kavanagh@lumen.com,lumen.com,Paid Search - Non-Brand,competitor-terms,false
L004655,2025-11-01 11:30:00,Rafael,Szabo,rafael.szabo@pinnacle.com,pinnacle.com,Paid Search - Non-Brand,solution-terms,false
L004656,2025-11-30 16:00:00,Kenji,Szabo,kenji.szabo@oakhurst.com,oakhurst.com,Paid Search - Non-Brand,category-terms,false
L004657,2025-11-30 11:30:00,Rafael,Nwosu,rafael.nwosu@kestrel.com,kestrel.com,Paid Search - Non-Brand,competitor-terms,false
L004658,2025-11-12 15:00:00,Siobhan,Watanabe,siobhan.watanabe@arclight.com,arclight.com,Paid Search - Non-Brand,competitor-terms,false
L004659,2025-11-05 17:30:00,Adeola,Bahri,adeola.bahri@solvent.com,solvent.com,Paid Search - Non-Brand,category-terms,false
L004660,2025-11-12 20:15:00,Malik,Whitfield,malik.whitfield@lumen.com,lumen.com,Paid Search - Non-Brand,category-terms,false
L004661,2025-11-11 12:30:00,Omar,Raghunathan,omar.raghunathan@halcyon.com,halcyon.com,Paid Social - LinkedIn,content-download,false
L004662,2025-11-02 13:30:00,Peter,Haddad,peter.haddad@dovetail.com,dovetail.com,Paid Social - LinkedIn,content-download,false
L004663,2025-11-20 19:15:00,Siobhan,Bahri,siobhan.bahri@marlowe.com,marlowe.com,Paid Social - LinkedIn,jobtitle-targeting,false
L004664,2025-11-08 15:45:00,Omar,Haddad,omar.haddad@quillon.com,quillon.com,Paid Social - LinkedIn,content-download,false
L004665,2025-11-24 17:45:00,Callum,Raghunathan,callum.raghunathan@northwind.com,northwind.com,Paid Social - LinkedIn,abm-tier1,false
L004666,2025-11-29 17:30:00,Tomas,Lindqvist,tomas.lindqvist@meridian.com,meridian.com,Paid Social - LinkedIn,jobtitle-targeting,false
L004667,2025-11-24 11:45:00,Anaya,Haddad,anaya.haddad@brightpath.com,brightpath.com,Paid Social - LinkedIn,jobtitle-targeting,false
L004668,2025-11-16 15:45:00,Omar,Okonkwo,omar.okonkwo@anvil.com,anvil.com,Paid Social - LinkedIn,jobtitle-targeting,false
L004669,2025-11-22 18:45:00,Alicia,Raghunathan,alicia.raghunathan@quillon.com,quillon.com,Paid Social - LinkedIn,content-download,false
L004670,2025-11-11 09:15:00,Jonas,Haddad,jonas.haddad@ember.com,ember.com,Paid Social - LinkedIn,content-download,false
L004671,2025-11-08 20:45:00,Yusuf,Iyer,yusuf.iyer@ridgeline.com,ridgeline.com,Paid Social - LinkedIn,jobtitle-targeting,false
L004672,2025-11-10 08:00:00,Adeola,Haddad,adeola.haddad@quarry.com,quarry.com,Paid Social - LinkedIn,jobtitle-targeting,false
L004673,2025-11-13 16:30:00,Alicia,Petrov,alicia.petrov@thornbury.com,thornbury.com,Paid Social - LinkedIn,content-download,false
L004674,2025-11-06 13:00:00,Jonas,Okonkwo,jonas.okonkwo@ferrous.com,ferrous.com,Paid Social - LinkedIn,content-download,false
L004675,2025-11-14 09:30:00,Ivo,Zhang,ivo.zhang@northwind.com,northwind.com,Paid Social - LinkedIn,jobtitle-targeting,false
L004676,2025-11-17 17:45:00,Yusuf,Okonkwo,yusuf.okonkwo@meridian.com,meridian.com,Paid Social - LinkedIn,content-download,false
L004677,2025-11-02 08:15:00,Cormac,Whitfield,cormac.whitfield@quarry.com,quarry.com,Paid Social - LinkedIn,content-download,false
L004678,2025-11-16 09:45:00,Tomas,Kavanagh,tomas.kavanagh@lumen.com,lumen.com,Paid Social - LinkedIn,content-download,false
L004679,2025-11-18 15:00:00,Noor,Krishnan,noor.krishnan@foxglove.com,foxglove.com,Paid Social - LinkedIn,jobtitle-targeting,false
L004680,2025-11-08 11:00:00,Omar,Bahri,omar.bahri@meridian.com,meridian.com,Paid Social - LinkedIn,abm-tier1,true
L004681,2025-11-11 20:30:00,Ingrid,Ferreira,ingrid.ferreira@ember.com,ember.com,Paid Social - LinkedIn,abm-tier1,false
L004682,2025-11-24 13:30:00,Elodie,Bergstrom,elodie.bergstrom@northwind.com,northwind.com,Paid Social - LinkedIn,content-download,false
L004683,2025-11-27 12:30:00,Jonas,Doyle,jonas.doyle@pinnacle.com,pinnacle.com,Paid Social - LinkedIn,abm-tier1,false
L004684,2025-11-26 17:15:00,Malik,Castellanos,malik.castellanos@arclight.com,arclight.com,Paid Social - LinkedIn,content-download,false
L004685,2025-11-08 10:45:00,Adeola,Novak,adeola.novak@arclight.com,arclight.com,Paid Social - LinkedIn,abm-tier1,true
L004686,2025-11-10 13:00:00,Margit,Nwosu,margit.nwosu@pinnacle.com,pinnacle.com,Paid Social - LinkedIn,content-download,false
L004687,2025-11-19 07:30:00,Darius,Novak,darius.novak@thornbury.com,thornbury.com,Paid Social - LinkedIn,content-download,false
L004688,2025-11-01 13:45:00,Callum,Szabo,callum.szabo@foxglove.com,foxglove.com,Paid Social - LinkedIn,jobtitle-targeting,false
L004689,2025-11-07 13:15:00,Callum,Haddad,callum.haddad@ferrous.com,ferrous.com,Paid Social - LinkedIn,jobtitle-targeting,true
L004690,2025-11-18 14:00:00,Estelle,Byrne,estelle.byrne@northwind.com,northwind.com,Paid Social - LinkedIn,abm-tier1,false
L004691,2025-11-29 12:15:00,Margit,Whitfield,margit.whitfield@ironwood.com,ironwood.com,Organic / Direct,none,true
L004692,2025-11-10 16:00:00,Priya,Okonkwo,priya.okonkwo@copperline.com,copperline.com,Organic / Direct,none,false
L004693,2025-11-04 18:15:00,Omar,Byrne,omar.byrne@oakhurst.com,oakhurst.com,Organic / Direct,none,false
L004694,2025-11-24 19:15:00,Elodie,Zhang,elodie.zhang@ferrous.com,ferrous.com,Organic / Direct,none,false
L004695,2025-11-27 11:45:00,Malik,Lindqvist,malik.lindqvist@quarry.com,quarry.com,Organic / Direct,none,false
L004696,2025-11-15 20:15:00,Beatriz,Grant,beatriz.grant@ember.com,ember.com,Organic / Direct,none,false
L004697,2025-11-02 19:45:00,Priya,Mulvaney,priya.mulvaney@copperline.com,copperline.com,Organic / Direct,none,false
L004698,2025-11-16 12:45:00,Anaya,Bahri,anaya.bahri@ember.com,ember.com,Organic / Direct,none,false
L004699,2025-11-28 08:00:00,Noor,Bahri,noor.bahri@lumen.com,lumen.com,Organic / Direct,none,false
L004700,2025-11-09 13:15:00,Priya,Farrell,priya.farrell@juniper.com,juniper.com,Organic / Direct,none,true
L004701,2025-11-01 19:00:00,Arun,Ferreira,arun.ferreira@lumen.com,lumen.com,Organic / Direct,none,false
L004702,2025-11-06 17:30:00,Hollis,Novak,hollis.novak@harborview.com,harborview.com,Organic / Direct,none,false
L004703,2025-11-21 07:15:00,Yusuf,Bahri,yusuf.bahri@dovetail.com,dovetail.com,Organic / Direct,none,true
L004704,2025-11-21 12:30:00,Anaya,Byrne,anaya.byrne@granitepeak.com,granitepeak.com,Organic / Direct,none,false
L004705,2025-11-09 07:30:00,Omar,Watanabe,omar.watanabe@ferrous.com,ferrous.com,Organic / Direct,none,true
L004706,2025-11-24 08:15:00,Ivo,Whitfield,ivo.whitfield@halcyon.com,halcyon.com,Organic / Direct,none,true
L004707,2025-11-11 13:15:00,Beatriz,Krishnan,beatriz.krishnan@copperline.com,copperline.com,Organic / Direct,none,false
L004708,2025-11-07 12:45:00,Ingrid,Demir,ingrid.demir@dovetail.com,dovetail.com,Organic / Direct,none,false
L004709,2025-11-05 15:30:00,Priya,Whitfield,priya.whitfield@lumen.com,lumen.com,Organic / Direct,none,false
L004710,2025-11-03 07:45:00,Mei,Okonkwo,mei.okonkwo@dovetail.com,dovetail.com,Organic / Direct,none,false
L004711,2025-11-10 14:00:00,Tomas,Vieira,tomas.vieira@meridian.com,meridian.com,Organic / Direct,none,false
L004712,2025-11-13 07:15:00,Marcus,Pires,marcus.pires@ironwood.com,ironwood.com,Organic / Direct,none,false
L004713,2025-11-12 07:00:00,Priya,Farrell,priya.farrell@northwind.com,northwind.com,Organic / Direct,none,false
L004714,2025-11-07 16:45:00,Renata,Zhang,renata.zhang@thornbury.com,thornbury.com,Organic / Direct,none,false
L004715,2025-11-08 07:45:00,Ingrid,Vieira,ingrid.vieira@kestrel.com,kestrel.com,Organic / Direct,none,false
L004716,2025-11-22 19:00:00,Callum,Doyle,callum.doyle@meridian.com,meridian.com,Organic / Direct,none,false
L004717,2025-11-16 08:45:00,Peter,Watanabe,peter.watanabe@cascade.com,cascade.com,Organic / Direct,none,false
L004718,2025-11-20 14:45:00,Arun,Vieira,arun.vieira@ridgeline.com,ridgeline.com,Organic / Direct,none,false
L004719,2025-11-13 13:45:00,Margit,Pires,margit.pires@arclight.com,arclight.com,Organic / Direct,none,false
L004720,2025-11-30 17:00:00,Jonas,Aaltonen,jonas.aaltonen@quillon.com,quillon.com,Organic / Direct,none,false
L004721,2025-11-30 12:30:00,Elodie,Zhang,elodie.zhang@arclight.com,arclight.com,Organic / Direct,none,true
L004722,2025-11-10 17:00:00,Adeola,Raghunathan,adeola.raghunathan@marlowe.com,marlowe.com,Organic / Direct,none,false
L004723,2025-11-28 14:45:00,Kenji,Zhang,kenji.zhang@copperline.com,copperline.com,Organic / Direct,none,false
L004724,2025-11-30 16:45:00,Lena,Bahri,lena.bahri@dovetail.com,dovetail.com,Organic / Direct,none,false
L004725,2025-11-04 12:45:00,Priya,Grant,priya.grant@granitepeak.com,granitepeak.com,Organic / Direct,none,false
L004726,2025-11-07 17:45:00,Margit,Kavanagh,margit.kavanagh@cascade.com,cascade.com,Organic / Direct,none,false
L004727,2025-11-11 19:00:00,Rafael,Whitfield,rafael.whitfield@granitepeak.com,granitepeak.com,Organic / Direct,none,false
L004728,2025-12-04 07:00:00,Kenji,Byrne,kenji.byrne@solvent.com,solvent.com,Display - Programmatic,contextual-b2b,false
L004729,2025-12-25 16:00:00,Adeola,Petrov,adeola.petrov@solvent.com,solvent.com,Display - Programmatic,retarget-display,false
L004730,2025-12-22 18:45:00,Darius,Okonkwo,darius.okonkwo@dovetail.com,dovetail.com,Display - Programmatic,contextual-b2b,false
L004731,2025-12-15 15:00:00,Noor,Iyer,noor.iyer@kestrel.com,kestrel.com,Display - Programmatic,contextual-b2b,false
L004732,2025-12-05 13:15:00,Tomas,Byrne,tomas.byrne@brightpath.com,brightpath.com,Display - Programmatic,retarget-display,false
L004733,2025-12-18 18:15:00,Elodie,Nwosu,elodie.nwosu@dovetail.com,dovetail.com,Display - Programmatic,contextual-b2b,false
L004734,2025-12-12 17:30:00,Jonas,Vieira,jonas.vieira@tessellate.com,tessellate.com,Display - Programmatic,contextual-b2b,false
L004735,2025-12-28 15:45:00,Darius,Horvat,darius.horvat@harborview.com,harborview.com,Display - Programmatic,retarget-display,false
L004736,2025-12-13 10:45:00,Peter,Horvat,peter.horvat@ridgeline.com,ridgeline.com,Display - Programmatic,retarget-display,false
L004737,2025-12-08 09:45:00,Mei,Castellanos,mei.castellanos@thornbury.com,thornbury.com,Display - Programmatic,contextual-b2b,false
L004738,2025-12-04 18:00:00,Hollis,Petrov,hollis.petrov@thornbury.com,thornbury.com,Display - Programmatic,retarget-display,false
L004739,2025-12-07 14:30:00,Darius,Horvat,darius.horvat@meridian.com,meridian.com,Display - Programmatic,retarget-display,false
L004740,2025-12-26 09:45:00,Hollis,Doyle,hollis.doyle@arclight.com,arclight.com,Display - Programmatic,retarget-display,false
L004741,2025-12-29 08:15:00,Noor,Zhang,noor.zhang@brightpath.com,brightpath.com,Display - Programmatic,contextual-b2b,false
L004742,2025-12-04 13:45:00,Grace,Petrov,grace.petrov@oakhurst.com,oakhurst.com,Display - Programmatic,retarget-display,false
L004743,2025-12-25 20:15:00,Mei,Zhang,mei.zhang@redwood.com,redwood.com,Display - Programmatic,retarget-display,false
L004744,2025-12-11 11:00:00,Rafael,Okonkwo,rafael.okonkwo@kestrel.com,kestrel.com,Display - Programmatic,retarget-display,false
L004745,2025-12-10 13:00:00,Ivo,Okonkwo,ivo.okonkwo@dovetail.com,dovetail.com,Display - Programmatic,contextual-b2b,false
L004746,2025-12-14 11:45:00,Elodie,Whitfield,elodie.whitfield@ridgeline.com,ridgeline.com,Display - Programmatic,contextual-b2b,false
L004747,2025-12-25 19:45:00,Ivo,Moreau,ivo.moreau@ferrous.com,ferrous.com,Display - Programmatic,retarget-display,false
L004748,2025-12-23 08:30:00,Jonas,Doyle,jonas.doyle@ironwood.com,ironwood.com,Display - Programmatic,retarget-display,false
L004749,2025-12-04 07:30:00,Kenji,Bahri,kenji.bahri@redwood.com,redwood.com,Display - Programmatic,retarget-display,false
L004750,2025-12-17 12:30:00,Marcus,Vieira,marcus.vieira@solvent.com,solvent.com,Display - Programmatic,contextual-b2b,false
L004751,2025-12-19 07:30:00,Darius,Novak,darius.novak@foxglove.com,foxglove.com,Display - Programmatic,retarget-display,false
L004752,2025-12-09 10:00:00,Jonas,Raghunathan,jonas.raghunathan@ember.com,ember.com,Display - Programmatic,retarget-display,false
L004753,2025-12-21 20:00:00,Lena,Vieira,lena.vieira@saltmarsh.com,saltmarsh.com,Display - Programmatic,retarget-display,false
L004754,2025-12-07 12:15:00,Estelle,Watanabe,estelle.watanabe@thornbury.com,thornbury.com,Display - Programmatic,contextual-b2b,false
L004755,2025-12-22 10:45:00,Beatriz,Szabo,beatriz.szabo@saltmarsh.com,saltmarsh.com,Display - Programmatic,retarget-display,false
L004756,2025-12-26 17:15:00,Adeola,Byrne,adeola.byrne@redwood.com,redwood.com,Display - Programmatic,retarget-display,false
L004757,2025-12-03 08:15:00,Arun,Castellanos,arun.castellanos@ridgeline.com,ridgeline.com,Display - Programmatic,retarget-display,false
L004758,2025-12-19 15:45:00,Cormac,Grant,cormac.grant@ferrous.com,ferrous.com,Display - Programmatic,contextual-b2b,false
L004759,2025-12-11 20:15:00,Marcus,Almeida,marcus.almeida@northwind.com,northwind.com,Display - Programmatic,retarget-display,false
L004760,2025-12-11 17:00:00,Priya,Krishnan,priya.krishnan@harborview.com,harborview.com,Display - Programmatic,contextual-b2b,false
L004761,2025-12-22 17:45:00,Darius,Bergstrom,darius.bergstrom@ironwood.com,ironwood.com,Display - Programmatic,contextual-b2b,false
L004762,2025-12-13 08:15:00,Kenji,Kavanagh,kenji.kavanagh@thornbury.com,thornbury.com,Display - Programmatic,retarget-display,false
L004763,2025-12-05 12:30:00,Omar,Demir,omar.demir@northwind.com,northwind.com,Display - Programmatic,contextual-b2b,false
L004764,2025-12-12 17:00:00,Ivo,Kavanagh,ivo.kavanagh@marlowe.com,marlowe.com,Display - Programmatic,retarget-display,false
L004765,2025-12-11 11:15:00,Kenji,Whitfield,kenji.whitfield@harborview.com,harborview.com,Display - Programmatic,contextual-b2b,false
L004766,2025-12-27 11:00:00,Arun,Ferreira,arun.ferreira@quarry.com,quarry.com,Display - Programmatic,retarget-display,false
L004767,2025-12-09 12:30:00,Callum,Moreau,callum.moreau@saltmarsh.com,saltmarsh.com,Display - Programmatic,retarget-display,false
L004768,2025-12-05 11:15:00,Malik,Vieira,malik.vieira@quarry.com,quarry.com,Display - Programmatic,retarget-display,false
L004769,2025-12-24 11:00:00,Adeola,Aaltonen,adeola.aaltonen@cascade.com,cascade.com,Display - Programmatic,retarget-display,false
L004770,2025-12-18 10:45:00,Beatriz,Aaltonen,beatriz.aaltonen@foxglove.com,foxglove.com,Display - Programmatic,retarget-display,false
L004771,2025-12-29 20:00:00,Arun,Szabo,arun.szabo@tessellate.com,tessellate.com,Display - Programmatic,retarget-display,false
L004772,2025-12-03 15:00:00,Adeola,Pires,adeola.pires@cascade.com,cascade.com,Display - Programmatic,contextual-b2b,false
L004773,2025-12-20 14:00:00,Lena,Lindqvist,lena.lindqvist@oakhurst.com,oakhurst.com,Display - Programmatic,contextual-b2b,false
L004774,2025-12-06 11:45:00,Margit,Szabo,margit.szabo@marlowe.com,marlowe.com,Display - Programmatic,contextual-b2b,false
L004775,2025-12-03 12:00:00,Yusuf,Horvat,yusuf.horvat@solvent.com,solvent.com,Display - Programmatic,retarget-display,false
L004776,2025-12-30 10:30:00,Callum,Castellanos,callum.castellanos@halcyon.com,halcyon.com,Display - Programmatic,retarget-display,false
L004777,2025-12-14 19:15:00,Ingrid,Iyer,ingrid.iyer@foxglove.com,foxglove.com,Display - Programmatic,retarget-display,false
L004778,2025-12-25 18:30:00,Adeola,Zhang,adeola.zhang@anvil.com,anvil.com,Display - Programmatic,contextual-b2b,false
L004779,2025-12-17 09:00:00,Elodie,Novak,elodie.novak@anvil.com,anvil.com,Display - Programmatic,retarget-display,false
L004780,2025-12-23 19:45:00,Adeola,Whitfield,adeola.whitfield@marlowe.com,marlowe.com,Display - Programmatic,contextual-b2b,false
L004781,2025-12-07 15:00:00,Tomas,Okonkwo,tomas.okonkwo@quarry.com,quarry.com,Display - Programmatic,contextual-b2b,false
L004782,2025-12-20 09:30:00,Priya,Castellanos,priya.castellanos@nimbus.com,nimbus.com,Display - Programmatic,retarget-display,false
L004783,2025-12-24 14:00:00,Elodie,Zhang,elodie.zhang@halcyon.com,halcyon.com,Display - Programmatic,retarget-display,false
L004784,2025-12-09 16:00:00,Cormac,Ferreira,cormac.ferreira@juniper.com,juniper.com,Display - Programmatic,retarget-display,false
L004785,2025-12-26 11:15:00,Arun,Demir,arun.demir@solvent.com,solvent.com,Display - Programmatic,contextual-b2b,false
L004786,2025-12-15 20:30:00,Noor,Haddad,noor.haddad@granitepeak.com,granitepeak.com,Display - Programmatic,retarget-display,false
L004787,2025-12-17 20:00:00,Marcus,Lindqvist,marcus.lindqvist@granitepeak.com,granitepeak.com,Display - Programmatic,retarget-display,false
L004788,2025-12-20 07:15:00,Marcus,Lindqvist,marcus.lindqvist@juniper.com,juniper.com,Display - Programmatic,contextual-b2b,false
L004789,2025-12-28 13:00:00,Ingrid,Krishnan,ingrid.krishnan@meridian.com,meridian.com,Display - Programmatic,retarget-display,false
L004790,2025-12-30 15:45:00,Anaya,Haddad,anaya.haddad@cascade.com,cascade.com,Display - Programmatic,contextual-b2b,false
L004791,2025-12-10 14:30:00,Ivo,Castellanos,ivo.castellanos@copperline.com,copperline.com,Display - Programmatic,retarget-display,false
L004792,2025-12-01 13:15:00,Peter,Bergstrom,peter.bergstrom@northwind.com,northwind.com,Display - Programmatic,retarget-display,false
L004793,2025-12-28 12:45:00,Callum,Doyle,callum.doyle@oakhurst.com,oakhurst.com,Display - Programmatic,contextual-b2b,false
L004794,2025-12-27 12:15:00,Margit,Castellanos,margit.castellanos@saltmarsh.com,saltmarsh.com,Display - Programmatic,contextual-b2b,false
L004795,2025-12-12 13:15:00,Marcus,Bahri,marcus.bahri@pinnacle.com,pinnacle.com,Display - Programmatic,contextual-b2b,false
L004796,2025-12-31 12:00:00,Hollis,Doyle,hollis.doyle@anvil.com,anvil.com,Display - Programmatic,retarget-display,false
L004797,2025-12-15 18:15:00,Malik,Bahri,malik.bahri@solvent.com,solvent.com,Display - Programmatic,contextual-b2b,false
L004798,2025-12-07 20:15:00,Omar,Vieira,omar.vieira@thornbury.com,thornbury.com,Display - Programmatic,contextual-b2b,false
L004799,2025-12-12 13:45:00,Marcus,Szabo,marcus.szabo@northwind.com,northwind.com,Display - Programmatic,contextual-b2b,false
L004800,2025-12-20 08:15:00,Cormac,Haddad,cormac.haddad@redwood.com,redwood.com,Display - Programmatic,contextual-b2b,false
L004801,2025-12-10 13:15:00,Malik,Vieira,malik.vieira@pinnacle.com,pinnacle.com,Display - Programmatic,retarget-display,false
L004802,2025-12-13 15:45:00,Mei,Aaltonen,mei.aaltonen@redwood.com,redwood.com,Display - Programmatic,retarget-display,false
L004803,2025-12-22 14:30:00,Elodie,Byrne,elodie.byrne@halcyon.com,halcyon.com,Paid Search - Brand,brand-phrase,false
L004804,2025-12-25 10:15:00,Marcus,Ferreira,marcus.ferreira@redwood.com,redwood.com,Paid Search - Brand,brand-phrase,true
L004805,2025-12-07 12:00:00,Anaya,Bahri,anaya.bahri@thornbury.com,thornbury.com,Paid Search - Brand,brand-exact,false
L004806,2025-12-19 10:30:00,Estelle,Demir,estelle.demir@halcyon.com,halcyon.com,Paid Search - Brand,brand-exact,false
L004807,2025-12-09 16:45:00,Hollis,Novak,hollis.novak@quarry.com,quarry.com,Paid Search - Brand,brand-phrase,false
L004808,2025-12-09 16:15:00,Yusuf,Szabo,yusuf.szabo@dovetail.com,dovetail.com,Paid Search - Brand,brand-exact,false
L004809,2025-12-22 10:15:00,Priya,Demir,priya.demir@lumen.com,lumen.com,Paid Search - Brand,brand-exact,false
L004810,2025-12-23 07:00:00,Renata,Raghunathan,renata.raghunathan@quarry.com,quarry.com,Paid Search - Brand,brand-phrase,false
L004811,2025-12-03 18:15:00,Margit,Vieira,margit.vieira@anvil.com,anvil.com,Paid Search - Brand,brand-exact,false
L004812,2025-12-21 12:15:00,Omar,Whitfield,omar.whitfield@copperline.com,copperline.com,Paid Search - Brand,brand-exact,false
L004813,2025-12-01 14:00:00,Rafael,Krishnan,rafael.krishnan@redwood.com,redwood.com,Paid Search - Brand,brand-exact,false
L004814,2025-12-09 11:00:00,Kenji,Doyle,kenji.doyle@quillon.com,quillon.com,Paid Search - Brand,brand-phrase,false
L004815,2025-12-29 11:15:00,Omar,Horvat,omar.horvat@redwood.com,redwood.com,Paid Search - Brand,brand-exact,false
L004816,2025-12-23 10:45:00,Siobhan,Whitfield,siobhan.whitfield@quarry.com,quarry.com,Paid Search - Brand,brand-exact,false
L004817,2025-12-08 20:00:00,Noor,Kavanagh,noor.kavanagh@quillon.com,quillon.com,Paid Search - Brand,brand-exact,false
L004818,2025-12-16 10:30:00,Mei,Ferreira,mei.ferreira@pinnacle.com,pinnacle.com,Paid Search - Brand,brand-exact,false
L004819,2025-12-14 11:45:00,Cormac,Iyer,cormac.iyer@anvil.com,anvil.com,Paid Search - Brand,brand-phrase,false
L004820,2025-12-06 20:00:00,Rafael,Kavanagh,rafael.kavanagh@harborview.com,harborview.com,Paid Search - Brand,brand-exact,true
L004821,2025-12-15 18:30:00,Lena,Demir,lena.demir@meridian.com,meridian.com,Paid Search - Brand,brand-phrase,true
L004822,2025-12-31 10:45:00,Renata,Vieira,renata.vieira@redwood.com,redwood.com,Paid Search - Brand,brand-phrase,false
L004823,2025-12-12 14:00:00,Callum,Kavanagh,callum.kavanagh@ferrous.com,ferrous.com,Paid Search - Brand,brand-phrase,false
L004824,2025-12-03 13:30:00,Omar,Mulvaney,omar.mulvaney@oakhurst.com,oakhurst.com,Paid Search - Brand,brand-exact,false
L004825,2025-12-27 20:30:00,Anaya,Demir,anaya.demir@foxglove.com,foxglove.com,Paid Search - Brand,brand-phrase,false
L004826,2025-12-10 11:15:00,Tomas,Bergstrom,tomas.bergstrom@thornbury.com,thornbury.com,Paid Search - Brand,brand-exact,false
L004827,2025-12-31 07:30:00,Tomas,Aaltonen,tomas.aaltonen@foxglove.com,foxglove.com,Paid Search - Brand,brand-phrase,false
L004828,2025-12-01 18:00:00,Cormac,Bergstrom,cormac.bergstrom@dovetail.com,dovetail.com,Paid Search - Brand,brand-phrase,false
L004829,2025-12-02 13:30:00,Callum,Kavanagh,callum.kavanagh@quarry.com,quarry.com,Paid Search - Brand,brand-phrase,true
L004830,2025-12-11 08:45:00,Ivo,Nwosu,ivo.nwosu@brightpath.com,brightpath.com,Paid Search - Brand,brand-phrase,true
L004831,2025-12-16 16:15:00,Cormac,Pires,cormac.pires@quillon.com,quillon.com,Paid Search - Brand,brand-phrase,false
L004832,2025-12-31 15:15:00,Peter,Krishnan,peter.krishnan@thornbury.com,thornbury.com,Paid Search - Brand,brand-exact,true
L004833,2025-12-19 07:15:00,Siobhan,Ferreira,siobhan.ferreira@anvil.com,anvil.com,Paid Search - Brand,brand-phrase,false
L004834,2025-12-15 07:00:00,Tomas,Moreau,tomas.moreau@solvent.com,solvent.com,Paid Search - Brand,brand-exact,false
L004835,2025-12-21 12:15:00,Rafael,Moreau,rafael.moreau@kestrel.com,kestrel.com,Paid Search - Brand,brand-phrase,false
L004836,2025-12-31 16:45:00,Ivo,Lindqvist,ivo.lindqvist@quarry.com,quarry.com,Paid Search - Brand,brand-phrase,true
L004837,2025-12-03 11:15:00,Arun,Demir,arun.demir@anvil.com,anvil.com,Paid Search - Brand,brand-phrase,false
L004838,2025-12-11 13:00:00,Rafael,Castellanos,rafael.castellanos@copperline.com,copperline.com,Paid Search - Brand,brand-exact,false
L004839,2025-12-14 15:30:00,Callum,Okonkwo,callum.okonkwo@ember.com,ember.com,Paid Search - Brand,brand-phrase,false
L004840,2025-12-30 17:45:00,Mei,Pires,mei.pires@harborview.com,harborview.com,Paid Search - Brand,brand-exact,false
L004841,2025-12-19 12:15:00,Tomas,Almeida,tomas.almeida@oakhurst.com,oakhurst.com,Paid Search - Brand,brand-exact,false
L004842,2025-12-18 10:30:00,Alicia,Novak,alicia.novak@tessellate.com,tessellate.com,Paid Search - Brand,brand-phrase,false
L004843,2025-12-17 14:45:00,Ivo,Aaltonen,ivo.aaltonen@solvent.com,solvent.com,Paid Search - Brand,brand-exact,false
L004844,2025-12-02 14:00:00,Rafael,Raghunathan,rafael.raghunathan@copperline.com,copperline.com,Paid Search - Brand,brand-exact,true
L004845,2025-12-29 17:15:00,Rafael,Nwosu,rafael.nwosu@halcyon.com,halcyon.com,Paid Search - Brand,brand-phrase,false
L004846,2025-12-28 08:30:00,Margit,Farrell,margit.farrell@northwind.com,northwind.com,Paid Search - Brand,brand-exact,false
L004847,2025-12-05 17:15:00,Renata,Doyle,renata.doyle@quillon.com,quillon.com,Paid Search - Brand,brand-phrase,false
L004848,2025-12-22 17:00:00,Renata,Okonkwo,renata.okonkwo@tessellate.com,tessellate.com,Paid Search - Brand,brand-exact,false
L004849,2025-12-16 11:30:00,Mei,Iyer,mei.iyer@ember.com,ember.com,Paid Search - Brand,brand-exact,false
L004850,2025-12-30 19:15:00,Callum,Kavanagh,callum.kavanagh@solvent.com,solvent.com,Paid Search - Brand,brand-exact,false
L004851,2025-12-26 18:15:00,Margit,Zhang,margit.zhang@kestrel.com,kestrel.com,Paid Search - Brand,brand-exact,false
L004852,2025-12-12 07:00:00,Callum,Szabo,callum.szabo@ridgeline.com,ridgeline.com,Paid Search - Brand,brand-exact,false
L004853,2025-12-21 08:00:00,Margit,Okonkwo,margit.okonkwo@thornbury.com,thornbury.com,Paid Search - Brand,brand-exact,false
L004854,2025-12-05 10:15:00,Renata,Watanabe,renata.watanabe@nimbus.com,nimbus.com,Paid Search - Brand,brand-phrase,false
L004855,2025-12-07 10:15:00,Jonas,Mulvaney,jonas.mulvaney@kestrel.com,kestrel.com,Paid Social - Meta,lead-form-broad,false
L004856,2025-12-20 07:00:00,Ivo,Pires,ivo.pires@juniper.com,juniper.com,Paid Social - Meta,lead-form-broad,false
L004857,2025-12-15 09:30:00,Ingrid,Mulvaney,ingrid.mulvaney@quarry.com,quarry.com,Paid Social - Meta,lead-form-broad,false
L004858,2025-12-24 09:15:00,Ingrid,Horvat,ingrid.horvat@quillon.com,quillon.com,Paid Social - Meta,lead-form-broad,false
L004859,2025-12-10 14:15:00,Adeola,Castellanos,adeola.castellanos@oakhurst.com,oakhurst.com,Paid Social - Meta,prospecting-lal,false
L004860,2025-12-08 20:30:00,Arun,Whitfield,arun.whitfield@quillon.com,quillon.com,Paid Social - Meta,mofu-retarget,false
L004861,2025-12-05 07:00:00,Estelle,Farrell,estelle.farrell@redwood.com,redwood.com,Paid Social - Meta,mofu-retarget,false
L004862,2025-12-03 10:45:00,Estelle,Zhang,estelle.zhang@nimbus.com,nimbus.com,Paid Social - Meta,prospecting-lal,false
L004863,2025-12-09 19:45:00,Ingrid,Petrov,ingrid.petrov@arclight.com,arclight.com,Paid Social - Meta,lead-form-broad,false
L004864,2025-12-19 19:45:00,Peter,Raghunathan,peter.raghunathan@foxglove.com,foxglove.com,Paid Social - Meta,lead-form-broad,false
L004865,2025-12-07 13:45:00,Yusuf,Raghunathan,yusuf.raghunathan@juniper.com,juniper.com,Paid Social - Meta,prospecting-lal,false
L004866,2025-12-13 13:15:00,Marcus,Ferreira,marcus.ferreira@ironwood.com,ironwood.com,Paid Social - Meta,mofu-retarget,false
L004867,2025-12-02 07:30:00,Renata,Bergstrom,renata.bergstrom@quillon.com,quillon.com,Paid Social - Meta,mofu-retarget,false
L004868,2025-12-09 09:15:00,Ivo,Okonkwo,ivo.okonkwo@ironwood.com,ironwood.com,Paid Social - Meta,prospecting-lal,false
L004869,2025-12-26 19:45:00,Renata,Zhang,renata.zhang@northwind.com,northwind.com,Paid Social - Meta,prospecting-lal,false
L004870,2025-12-01 19:15:00,Grace,Ferreira,grace.ferreira@lumen.com,lumen.com,Paid Social - Meta,mofu-retarget,false
L004871,2025-12-16 17:00:00,Siobhan,Okonkwo,siobhan.okonkwo@anvil.com,anvil.com,Paid Social - Meta,mofu-retarget,false
L004872,2025-12-19 13:00:00,Arun,Vieira,arun.vieira@quarry.com,quarry.com,Paid Social - Meta,prospecting-lal,false
L004873,2025-12-09 20:00:00,Anaya,Haddad,anaya.haddad@meridian.com,meridian.com,Paid Social - Meta,prospecting-lal,false
L004874,2025-12-01 15:30:00,Alicia,Szabo,alicia.szabo@kestrel.com,kestrel.com,Paid Social - Meta,mofu-retarget,false
L004875,2025-12-17 13:45:00,Callum,Zhang,callum.zhang@quarry.com,quarry.com,Paid Social - Meta,prospecting-lal,false
L004876,2025-12-18 10:00:00,Omar,Demir,omar.demir@pinnacle.com,pinnacle.com,Paid Social - Meta,lead-form-broad,false
L004877,2025-12-07 11:15:00,Arun,Doyle,arun.doyle@copperline.com,copperline.com,Paid Social - Meta,prospecting-lal,false
L004878,2025-12-02 20:15:00,Siobhan,Bahri,siobhan.bahri@ferrous.com,ferrous.com,Paid Social - Meta,prospecting-lal,false
L004879,2025-12-03 12:00:00,Elodie,Okonkwo,elodie.okonkwo@halcyon.com,halcyon.com,Paid Social - Meta,lead-form-broad,false
L004880,2025-12-31 19:00:00,Anaya,Watanabe,anaya.watanabe@arclight.com,arclight.com,Paid Social - Meta,lead-form-broad,false
L004881,2025-12-18 08:15:00,Lena,Vieira,lena.vieira@harborview.com,harborview.com,Paid Social - Meta,mofu-retarget,false
L004882,2025-12-05 13:45:00,Elodie,Horvat,elodie.horvat@tessellate.com,tessellate.com,Paid Social - Meta,mofu-retarget,false
L004883,2025-12-17 08:45:00,Estelle,Haddad,estelle.haddad@ironwood.com,ironwood.com,Paid Social - Meta,mofu-retarget,false
L004884,2025-12-09 16:45:00,Cormac,Szabo,cormac.szabo@quarry.com,quarry.com,Paid Social - Meta,prospecting-lal,false
L004885,2025-12-30 11:45:00,Jonas,Bergstrom,jonas.bergstrom@tessellate.com,tessellate.com,Paid Social - Meta,prospecting-lal,false
L004886,2025-12-05 07:00:00,Grace,Iyer,grace.iyer@quarry.com,quarry.com,Paid Social - Meta,prospecting-lal,false
L004887,2025-12-22 09:15:00,Yusuf,Doyle,yusuf.doyle@tessellate.com,tessellate.com,Paid Social - Meta,mofu-retarget,false
L004888,2025-12-18 19:00:00,Omar,Mulvaney,omar.mulvaney@quarry.com,quarry.com,Paid Social - Meta,prospecting-lal,false
L004889,2025-12-30 17:30:00,Siobhan,Krishnan,siobhan.krishnan@nimbus.com,nimbus.com,Paid Social - Meta,mofu-retarget,false
L004890,2025-12-16 08:00:00,Arun,Doyle,arun.doyle@ferrous.com,ferrous.com,Paid Social - Meta,mofu-retarget,false
L004891,2025-12-05 16:00:00,Ingrid,Byrne,ingrid.byrne@northwind.com,northwind.com,Paid Social - Meta,mofu-retarget,false
L004892,2025-12-03 10:45:00,Renata,Bergstrom,renata.bergstrom@halcyon.com,halcyon.com,Paid Social - Meta,mofu-retarget,false
L004893,2025-12-03 20:30:00,Arun,Petrov,arun.petrov@copperline.com,copperline.com,Paid Social - Meta,lead-form-broad,false
L004894,2025-12-01 15:45:00,Beatriz,Byrne,beatriz.byrne@thornbury.com,thornbury.com,Paid Social - Meta,lead-form-broad,false
L004895,2025-12-10 14:00:00,Marcus,Moreau,marcus.moreau@quarry.com,quarry.com,Paid Social - Meta,lead-form-broad,false
L004896,2025-12-10 09:30:00,Kenji,Vieira,kenji.vieira@ember.com,ember.com,Paid Social - Meta,lead-form-broad,true
L004897,2025-12-02 15:00:00,Adeola,Lindqvist,adeola.lindqvist@cascade.com,cascade.com,Paid Social - Meta,lead-form-broad,false
L004898,2025-12-06 17:15:00,Omar,Petrov,omar.petrov@copperline.com,copperline.com,Paid Social - Meta,lead-form-broad,false
L004899,2025-12-27 15:15:00,Yusuf,Okonkwo,yusuf.okonkwo@lumen.com,lumen.com,Paid Social - Meta,lead-form-broad,false
L004900,2025-12-17 19:30:00,Adeola,Watanabe,adeola.watanabe@northwind.com,northwind.com,Paid Social - Meta,lead-form-broad,false
L004901,2025-12-01 11:00:00,Malik,Nwosu,malik.nwosu@brightpath.com,brightpath.com,Paid Social - Meta,prospecting-lal,false
L004902,2025-12-30 16:00:00,Siobhan,Szabo,siobhan.szabo@meridian.com,meridian.com,Paid Social - Meta,mofu-retarget,false
L004903,2025-12-11 17:45:00,Noor,Whitfield,noor.whitfield@tessellate.com,tessellate.com,Paid Social - Meta,prospecting-lal,false
L004904,2025-12-26 20:30:00,Siobhan,Haddad,siobhan.haddad@marlowe.com,marlowe.com,Paid Social - Meta,prospecting-lal,false
L004905,2025-12-03 14:45:00,Estelle,Whitfield,estelle.whitfield@thornbury.com,thornbury.com,Paid Social - Meta,lead-form-broad,false
L004906,2025-12-26 12:00:00,Rafael,Byrne,rafael.byrne@ridgeline.com,ridgeline.com,Paid Social - Meta,mofu-retarget,false
L004907,2025-12-26 17:00:00,Priya,Kavanagh,priya.kavanagh@ridgeline.com,ridgeline.com,Paid Social - Meta,lead-form-broad,false
L004908,2025-12-04 13:30:00,Arun,Ferreira,arun.ferreira@northwind.com,northwind.com,Paid Social - Meta,mofu-retarget,false
L004909,2025-12-06 08:15:00,Peter,Kavanagh,peter.kavanagh@meridian.com,meridian.com,Paid Social - Meta,prospecting-lal,false
L004910,2025-12-16 12:30:00,Malik,Watanabe,malik.watanabe@northwind.com,northwind.com,Paid Social - Meta,mofu-retarget,false
L004911,2025-12-29 20:15:00,Mei,Vieira,mei.vieira@thornbury.com,thornbury.com,Paid Social - Meta,lead-form-broad,false
L004912,2025-12-27 15:30:00,Jonas,Novak,jonas.novak@northwind.com,northwind.com,Paid Social - Meta,lead-form-broad,false
L004913,2025-12-27 17:15:00,Malik,Haddad,malik.haddad@oakhurst.com,oakhurst.com,Paid Social - Meta,prospecting-lal,false
L004914,2025-12-03 18:00:00,Omar,Almeida,omar.almeida@northwind.com,northwind.com,Paid Social - Meta,lead-form-broad,false
L004915,2025-12-17 17:45:00,Rafael,Farrell,rafael.farrell@dovetail.com,dovetail.com,Paid Social - Meta,prospecting-lal,false
L004916,2025-12-22 15:15:00,Estelle,Demir,estelle.demir@halcyon.com,halcyon.com,Paid Social - Meta,lead-form-broad,false
L004917,2025-12-09 15:45:00,Callum,Mulvaney,callum.mulvaney@ironwood.com,ironwood.com,Paid Social - Meta,mofu-retarget,false
L004918,2025-12-04 19:30:00,Margit,Iyer,margit.iyer@ironwood.com,ironwood.com,Paid Social - Meta,mofu-retarget,false
L004919,2025-12-01 14:15:00,Alicia,Iyer,alicia.iyer@juniper.com,juniper.com,Paid Social - Meta,lead-form-broad,false
L004920,2025-12-15 17:00:00,Arun,Pires,arun.pires@ferrous.com,ferrous.com,Paid Social - Meta,mofu-retarget,false
L004921,2025-12-10 17:45:00,Grace,Novak,grace.novak@kestrel.com,kestrel.com,Paid Social - Meta,lead-form-broad,false
L004922,2025-12-07 12:30:00,Cormac,Moreau,cormac.moreau@dovetail.com,dovetail.com,Paid Social - Meta,mofu-retarget,false
L004923,2025-12-25 20:45:00,Cormac,Moreau,cormac.moreau@solvent.com,solvent.com,Paid Social - Meta,mofu-retarget,false
L004924,2025-12-05 09:00:00,Grace,Krishnan,grace.krishnan@ironwood.com,ironwood.com,Paid Social - Meta,prospecting-lal,false
L004925,2025-12-24 11:15:00,Lena,Vieira,lena.vieira@marlowe.com,marlowe.com,Paid Social - Meta,mofu-retarget,false
L004926,2025-12-17 18:30:00,Tomas,Bergstrom,tomas.bergstrom@quarry.com,quarry.com,Paid Social - Meta,prospecting-lal,false
L004927,2025-12-30 18:45:00,Rafael,Haddad,rafael.haddad@cascade.com,cascade.com,Paid Social - Meta,prospecting-lal,false
L004928,2025-12-24 20:30:00,Callum,Byrne,callum.byrne@copperline.com,copperline.com,Paid Social - Meta,prospecting-lal,false
L004929,2025-12-30 09:30:00,Estelle,Vieira,estelle.vieira@juniper.com,juniper.com,Paid Social - Meta,prospecting-lal,false
L004930,2025-12-07 13:15:00,Margit,Whitfield,margit.whitfield@solvent.com,solvent.com,Paid Social - Meta,lead-form-broad,false
L004931,2025-12-30 07:15:00,Margit,Watanabe,margit.watanabe@brightpath.com,brightpath.com,Paid Social - Meta,mofu-retarget,false
L004932,2025-12-17 08:00:00,Alicia,Moreau,alicia.moreau@foxglove.com,foxglove.com,Paid Social - Meta,mofu-retarget,false
L004933,2025-12-21 11:30:00,Margit,Okonkwo,margit.okonkwo@harborview.com,harborview.com,Paid Social - Meta,mofu-retarget,false
L004934,2025-12-14 18:00:00,Ivo,Bahri,ivo.bahri@dovetail.com,dovetail.com,Paid Social - Meta,prospecting-lal,false
L004935,2025-12-04 17:00:00,Siobhan,Almeida,siobhan.almeida@arclight.com,arclight.com,Paid Social - Meta,prospecting-lal,false
L004936,2025-12-14 13:00:00,Grace,Vieira,grace.vieira@kestrel.com,kestrel.com,Paid Social - Meta,prospecting-lal,false
L004937,2025-12-31 16:45:00,Renata,Watanabe,renata.watanabe@solvent.com,solvent.com,Paid Social - Meta,mofu-retarget,false
L004938,2025-12-18 12:45:00,Marcus,Petrov,marcus.petrov@lumen.com,lumen.com,Paid Social - Meta,prospecting-lal,false
L004939,2025-12-27 10:45:00,Adeola,Novak,adeola.novak@arclight.com,arclight.com,Paid Social - Meta,prospecting-lal,false
L004940,2025-12-17 13:15:00,Jonas,Grant,jonas.grant@kestrel.com,kestrel.com,Paid Social - Meta,lead-form-broad,false
L004941,2025-12-30 17:00:00,Rafael,Iyer,rafael.iyer@tessellate.com,tessellate.com,Paid Social - Meta,mofu-retarget,false
L004942,2025-12-03 08:15:00,Ingrid,Byrne,ingrid.byrne@ridgeline.com,ridgeline.com,Paid Social - Meta,lead-form-broad,false
L004943,2025-12-14 13:30:00,Ingrid,Nwosu,ingrid.nwosu@dovetail.com,dovetail.com,Paid Social - Meta,prospecting-lal,false
L004944,2025-12-13 17:45:00,Darius,Whitfield,darius.whitfield@northwind.com,northwind.com,Paid Social - Meta,mofu-retarget,false
L004945,2025-12-14 12:15:00,Renata,Bergstrom,renata.bergstrom@lumen.com,lumen.com,Paid Social - Meta,mofu-retarget,false
L004946,2025-12-06 13:45:00,Alicia,Vieira,alicia.vieira@dovetail.com,dovetail.com,Paid Social - Meta,mofu-retarget,false
L004947,2025-12-26 17:30:00,Peter,Horvat,peter.horvat@quillon.com,quillon.com,Paid Social - Meta,lead-form-broad,false
L004948,2025-12-11 15:30:00,Rafael,Demir,rafael.demir@ember.com,ember.com,Paid Social - Meta,lead-form-broad,false
L004949,2025-12-26 17:15:00,Elodie,Nwosu,elodie.nwosu@cascade.com,cascade.com,Paid Social - Meta,mofu-retarget,false
L004950,2025-12-05 15:00:00,Darius,Horvat,darius.horvat@juniper.com,juniper.com,Paid Social - Meta,lead-form-broad,false
L004951,2025-12-07 11:15:00,Callum,Vieira,callum.vieira@northwind.com,northwind.com,Paid Social - Meta,prospecting-lal,false
L004952,2025-12-23 13:00:00,Rafael,Castellanos,rafael.castellanos@ridgeline.com,ridgeline.com,Paid Social - Meta,lead-form-broad,false
L004953,2025-12-19 19:45:00,Beatriz,Demir,beatriz.demir@tessellate.com,tessellate.com,Paid Social - Meta,mofu-retarget,false
L004954,2025-12-29 08:00:00,Estelle,Demir,estelle.demir@oakhurst.com,oakhurst.com,Paid Social - Meta,mofu-retarget,false
L004955,2025-12-16 12:15:00,Margit,Lindqvist,margit.lindqvist@cascade.com,cascade.com,Paid Social - Meta,mofu-retarget,false
L004956,2025-12-30 14:00:00,Alicia,Haddad,alicia.haddad@solvent.com,solvent.com,Paid Social - Meta,prospecting-lal,false
L004957,2025-12-07 08:45:00,Peter,Petrov,peter.petrov@harborview.com,harborview.com,Paid Social - Meta,mofu-retarget,false
L004958,2025-12-25 14:45:00,Malik,Kavanagh,malik.kavanagh@cascade.com,cascade.com,Paid Social - Meta,mofu-retarget,false
L004959,2025-12-11 07:45:00,Malik,Mulvaney,malik.mulvaney@pinnacle.com,pinnacle.com,Paid Social - Meta,mofu-retarget,false
L004960,2025-12-21 18:15:00,Renata,Nwosu,renata.nwosu@quarry.com,quarry.com,Paid Social - Meta,prospecting-lal,false
L004961,2025-12-14 09:00:00,Grace,Okonkwo,grace.okonkwo@pinnacle.com,pinnacle.com,Paid Social - Meta,lead-form-broad,false
L004962,2025-12-17 14:15:00,Rafael,Whitfield,rafael.whitfield@marlowe.com,marlowe.com,Paid Social - Meta,mofu-retarget,false
L004963,2025-12-21 13:45:00,Jonas,Ferreira,jonas.ferreira@quillon.com,quillon.com,Paid Social - Meta,lead-form-broad,false
L004964,2025-12-31 18:00:00,Adeola,Zhang,adeola.zhang@granitepeak.com,granitepeak.com,Paid Social - Meta,lead-form-broad,false
L004965,2025-12-04 09:15:00,Malik,Watanabe,malik.watanabe@ferrous.com,ferrous.com,Paid Social - Meta,lead-form-broad,false
L004966,2025-12-01 17:45:00,Omar,Horvat,omar.horvat@copperline.com,copperline.com,Paid Social - Meta,lead-form-broad,false
L004967,2025-12-31 19:15:00,Priya,Pires,priya.pires@arclight.com,arclight.com,Paid Social - Meta,mofu-retarget,false
L004968,2025-12-18 14:00:00,Elodie,Raghunathan,elodie.raghunathan@cascade.com,cascade.com,Paid Social - Meta,mofu-retarget,false
L004969,2025-12-26 13:00:00,Grace,Whitfield,grace.whitfield@thornbury.com,thornbury.com,Paid Social - Meta,lead-form-broad,false
L004970,2025-12-19 14:15:00,Omar,Mulvaney,omar.mulvaney@pinnacle.com,pinnacle.com,Paid Social - Meta,lead-form-broad,false
L004971,2025-12-13 16:30:00,Malik,Iyer,malik.iyer@brightpath.com,brightpath.com,Paid Social - Meta,mofu-retarget,false
L004972,2025-12-04 10:30:00,Malik,Lindqvist,malik.lindqvist@dovetail.com,dovetail.com,Paid Social - Meta,mofu-retarget,false
L004973,2025-12-03 14:00:00,Renata,Horvat,renata.horvat@ferrous.com,ferrous.com,Paid Social - Meta,mofu-retarget,false
L004974,2025-12-18 12:30:00,Grace,Lindqvist,grace.lindqvist@marlowe.com,marlowe.com,Paid Social - Meta,mofu-retarget,false
L004975,2025-12-29 17:15:00,Priya,Novak,priya.novak@nimbus.com,nimbus.com,Paid Social - Meta,prospecting-lal,false
L004976,2025-12-29 16:45:00,Omar,Byrne,omar.byrne@marlowe.com,marlowe.com,Paid Social - Meta,prospecting-lal,false
L004977,2025-12-06 16:15:00,Malik,Aaltonen,malik.aaltonen@brightpath.com,brightpath.com,Paid Social - Meta,mofu-retarget,false
L004978,2025-12-21 09:00:00,Anaya,Byrne,anaya.byrne@brightpath.com,brightpath.com,Paid Social - Meta,mofu-retarget,true
L004979,2025-12-21 16:15:00,Marcus,Krishnan,marcus.krishnan@tessellate.com,tessellate.com,Paid Social - Meta,mofu-retarget,false
L004980,2025-12-05 11:30:00,Lena,Doyle,lena.doyle@anvil.com,anvil.com,Paid Social - Meta,prospecting-lal,false
L004981,2025-12-03 20:15:00,Margit,Mulvaney,margit.mulvaney@arclight.com,arclight.com,Paid Social - Meta,mofu-retarget,false
L004982,2025-12-05 14:45:00,Malik,Moreau,malik.moreau@lumen.com,lumen.com,Paid Social - Meta,prospecting-lal,false
L004983,2025-12-25 15:00:00,Jonas,Aaltonen,jonas.aaltonen@granitepeak.com,granitepeak.com,Paid Social - Meta,mofu-retarget,false
L004984,2025-12-24 07:30:00,Estelle,Farrell,estelle.farrell@ember.com,ember.com,Paid Social - Meta,prospecting-lal,false
L004985,2025-12-15 07:00:00,Beatriz,Novak,beatriz.novak@northwind.com,northwind.com,Paid Social - Meta,lead-form-broad,false
L004986,2025-12-19 09:15:00,Tomas,Aaltonen,tomas.aaltonen@foxglove.com,foxglove.com,Paid Social - Meta,prospecting-lal,false
L004987,2025-12-26 11:30:00,Grace,Lindqvist,grace.lindqvist@redwood.com,redwood.com,Paid Social - Meta,prospecting-lal,false
L004988,2025-12-22 08:45:00,Priya,Pires,priya.pires@meridian.com,meridian.com,Paid Social - Meta,prospecting-lal,false
L004989,2025-12-05 13:15:00,Anaya,Kavanagh,anaya.kavanagh@oakhurst.com,oakhurst.com,Paid Social - Meta,prospecting-lal,false
L004990,2025-12-18 12:15:00,Lena,Farrell,lena.farrell@brightpath.com,brightpath.com,Paid Social - Meta,lead-form-broad,false
L004991,2025-12-18 13:45:00,Alicia,Watanabe,alicia.watanabe@anvil.com,anvil.com,Paid Social - Meta,prospecting-lal,false
L004992,2025-12-18 17:00:00,Tomas,Mulvaney,tomas.mulvaney@kestrel.com,kestrel.com,Paid Social - Meta,prospecting-lal,false
L004993,2025-12-05 14:45:00,Beatriz,Krishnan,beatriz.krishnan@cascade.com,cascade.com,Paid Social - Meta,mofu-retarget,false
L004994,2025-12-09 17:30:00,Hollis,Doyle,hollis.doyle@saltmarsh.com,saltmarsh.com,Paid Social - Meta,prospecting-lal,false
L004995,2025-12-17 13:30:00,Adeola,Demir,adeola.demir@arclight.com,arclight.com,Paid Social - Meta,lead-form-broad,false
L004996,2025-12-17 12:00:00,Marcus,Watanabe,marcus.watanabe@ember.com,ember.com,Paid Social - Meta,prospecting-lal,false
L004997,2025-12-27 20:45:00,Alicia,Aaltonen,alicia.aaltonen@thornbury.com,thornbury.com,Paid Social - Meta,lead-form-broad,false
L004998,2025-12-27 17:30:00,Cormac,Pires,cormac.pires@arclight.com,arclight.com,Paid Social - Meta,lead-form-broad,false
L004999,2025-12-29 14:45:00,Ivo,Szabo,ivo.szabo@redwood.com,redwood.com,Paid Social - Meta,mofu-retarget,false
L005000,2025-12-21 20:45:00,Priya,Byrne,priya.byrne@ember.com,ember.com,Paid Social - Meta,mofu-retarget,false
L005001,2025-12-26 15:30:00,Ivo,Aaltonen,ivo.aaltonen@ember.com,ember.com,Paid Social - Meta,prospecting-lal,false
L005002,2025-12-15 20:15:00,Jonas,Bahri,jonas.bahri@dovetail.com,dovetail.com,Paid Social - Meta,mofu-retarget,false
L005003,2025-12-15 19:30:00,Callum,Bergstrom,callum.bergstrom@dovetail.com,dovetail.com,Paid Social - Meta,prospecting-lal,false
L005004,2025-12-05 19:00:00,Renata,Whitfield,renata.whitfield@tessellate.com,tessellate.com,Paid Social - Meta,prospecting-lal,false
L005005,2025-12-31 18:00:00,Tomas,Demir,tomas.demir@thornbury.com,thornbury.com,Paid Social - Meta,lead-form-broad,false
L005006,2025-12-22 13:15:00,Alicia,Horvat,alicia.horvat@nimbus.com,nimbus.com,Paid Social - Meta,mofu-retarget,false
L005007,2025-12-20 12:45:00,Rafael,Bergstrom,rafael.bergstrom@redwood.com,redwood.com,Paid Social - Meta,prospecting-lal,false
L005008,2025-12-02 08:15:00,Jonas,Byrne,jonas.byrne@quillon.com,quillon.com,Paid Social - Meta,lead-form-broad,false
L005009,2025-12-02 09:00:00,Beatriz,Nwosu,beatriz.nwosu@quarry.com,quarry.com,Paid Social - Meta,mofu-retarget,false
L005010,2025-12-26 12:45:00,Siobhan,Doyle,siobhan.doyle@foxglove.com,foxglove.com,Paid Social - Meta,lead-form-broad,false
L005011,2025-12-12 14:45:00,Kenji,Lindqvist,kenji.lindqvist@meridian.com,meridian.com,Paid Social - Meta,mofu-retarget,false
L005012,2025-12-05 12:00:00,Callum,Whitfield,callum.whitfield@meridian.com,meridian.com,Paid Social - Meta,prospecting-lal,false
L005013,2025-12-22 19:45:00,Tomas,Haddad,tomas.haddad@northwind.com,northwind.com,Paid Social - Meta,prospecting-lal,false
L005014,2025-12-30 12:45:00,Lena,Nwosu,lena.nwosu@thornbury.com,thornbury.com,Paid Social - Meta,mofu-retarget,false
L005015,2025-12-04 08:45:00,Lena,Haddad,lena.haddad@pinnacle.com,pinnacle.com,Paid Social - Meta,mofu-retarget,false
L005016,2025-12-02 15:15:00,Lena,Vieira,lena.vieira@meridian.com,meridian.com,Paid Social - Meta,mofu-retarget,false
L005017,2025-12-10 16:15:00,Omar,Horvat,omar.horvat@quillon.com,quillon.com,Paid Social - Meta,prospecting-lal,false
L005018,2025-12-14 20:15:00,Siobhan,Vieira,siobhan.vieira@arclight.com,arclight.com,Paid Social - Meta,mofu-retarget,false
L005019,2025-12-21 14:45:00,Grace,Watanabe,grace.watanabe@nimbus.com,nimbus.com,Paid Social - Meta,prospecting-lal,false
L005020,2025-12-09 11:30:00,Adeola,Vieira,adeola.vieira@redwood.com,redwood.com,Paid Social - Meta,prospecting-lal,false
L005021,2025-12-10 16:00:00,Priya,Bahri,priya.bahri@dovetail.com,dovetail.com,Paid Social - Meta,prospecting-lal,false
L005022,2025-12-10 11:30:00,Margit,Lindqvist,margit.lindqvist@nimbus.com,nimbus.com,Paid Social - Meta,lead-form-broad,false
L005023,2025-12-23 09:15:00,Siobhan,Kavanagh,siobhan.kavanagh@brightpath.com,brightpath.com,Paid Social - Meta,lead-form-broad,false
L005024,2025-12-11 17:30:00,Malik,Petrov,malik.petrov@nimbus.com,nimbus.com,Paid Social - Meta,lead-form-broad,false
L005025,2025-12-11 07:15:00,Omar,Bergstrom,omar.bergstrom@halcyon.com,halcyon.com,Paid Social - Meta,prospecting-lal,false
L005026,2025-12-10 09:45:00,Yusuf,Castellanos,yusuf.castellanos@anvil.com,anvil.com,Paid Social - Meta,mofu-retarget,false
L005027,2025-12-15 07:15:00,Marcus,Demir,marcus.demir@anvil.com,anvil.com,Paid Social - Meta,lead-form-broad,false
L005028,2025-12-18 16:00:00,Margit,Vieira,margit.vieira@ridgeline.com,ridgeline.com,Paid Social - Meta,mofu-retarget,false
L005029,2025-12-31 16:00:00,Kenji,Iyer,kenji.iyer@arclight.com,arclight.com,Paid Social - Meta,prospecting-lal,false
L005030,2025-12-03 12:00:00,Arun,Grant,arun.grant@pinnacle.com,pinnacle.com,Paid Social - Meta,lead-form-broad,false
L005031,2025-12-16 13:30:00,Cormac,Iyer,cormac.iyer@marlowe.com,marlowe.com,Paid Social - Meta,mofu-retarget,false
L005032,2025-12-26 16:30:00,Peter,Bahri,peter.bahri@meridian.com,meridian.com,Paid Social - Meta,lead-form-broad,false
L005033,2025-12-09 17:30:00,Priya,Ferreira,priya.ferreira@quillon.com,quillon.com,Paid Social - Meta,lead-form-broad,false
L005034,2025-12-07 11:45:00,Adeola,Doyle,adeola.doyle@saltmarsh.com,saltmarsh.com,Paid Social - Meta,mofu-retarget,false
L005035,2025-12-05 07:30:00,Darius,Aaltonen,darius.aaltonen@halcyon.com,halcyon.com,Paid Social - Meta,prospecting-lal,false
L005036,2025-12-17 11:15:00,Grace,Okonkwo,grace.okonkwo@cascade.com,cascade.com,Paid Social - Meta,lead-form-broad,false
L005037,2025-12-25 11:00:00,Peter,Byrne,peter.byrne@ferrous.com,ferrous.com,Paid Social - Meta,prospecting-lal,false
L005038,2025-12-25 07:00:00,Peter,Novak,peter.novak@harborview.com,harborview.com,Paid Social - Meta,lead-form-broad,false
L005039,2025-12-01 07:15:00,Ivo,Ferreira,ivo.ferreira@cascade.com,cascade.com,Paid Social - Meta,mofu-retarget,false
L005040,2025-12-13 15:15:00,Elodie,Vieira,elodie.vieira@solvent.com,solvent.com,Paid Social - Meta,lead-form-broad,false
L005041,2025-12-25 12:30:00,Alicia,Krishnan,alicia.krishnan@cascade.com,cascade.com,Paid Social - Meta,lead-form-broad,false
L005042,2025-12-26 08:45:00,Tomas,Grant,tomas.grant@dovetail.com,dovetail.com,Paid Social - Meta,mofu-retarget,false
L005043,2025-12-07 13:15:00,Ivo,Krishnan,ivo.krishnan@marlowe.com,marlowe.com,Paid Social - Meta,lead-form-broad,false
L005044,2025-12-07 13:15:00,Tomas,Demir,tomas.demir@kestrel.com,kestrel.com,Paid Social - Meta,lead-form-broad,false
L005045,2025-12-22 09:30:00,Anaya,Farrell,anaya.farrell@quillon.com,quillon.com,Paid Social - Meta,lead-form-broad,false
L005046,2025-12-09 15:45:00,Darius,Castellanos,darius.castellanos@juniper.com,juniper.com,Paid Social - Meta,lead-form-broad,false
L005047,2025-12-11 19:30:00,Anaya,Szabo,anaya.szabo@meridian.com,meridian.com,Paid Social - Meta,mofu-retarget,false
L005048,2025-12-30 19:15:00,Peter,Demir,peter.demir@granitepeak.com,granitepeak.com,Paid Social - Meta,prospecting-lal,false
L005049,2025-12-08 07:15:00,Siobhan,Demir,siobhan.demir@brightpath.com,brightpath.com,Paid Social - Meta,lead-form-broad,false
L005050,2025-12-29 11:30:00,Malik,Moreau,malik.moreau@arclight.com,arclight.com,Paid Social - Meta,lead-form-broad,false
L005051,2025-12-12 15:15:00,Alicia,Szabo,alicia.szabo@copperline.com,copperline.com,Paid Social - Meta,lead-form-broad,false
L005052,2025-12-04 15:30:00,Beatriz,Okonkwo,beatriz.okonkwo@halcyon.com,halcyon.com,Paid Social - Meta,mofu-retarget,false
L005053,2025-12-13 11:45:00,Peter,Haddad,peter.haddad@meridian.com,meridian.com,Paid Social - Meta,mofu-retarget,false
L005054,2025-12-20 14:30:00,Margit,Aaltonen,margit.aaltonen@copperline.com,copperline.com,Paid Social - Meta,prospecting-lal,false
L005055,2025-12-07 07:45:00,Elodie,Farrell,elodie.farrell@anvil.com,anvil.com,Paid Social - Meta,lead-form-broad,false
L005056,2025-12-09 17:15:00,Darius,Zhang,darius.zhang@ironwood.com,ironwood.com,Paid Social - Meta,lead-form-broad,false
L005057,2025-12-27 07:45:00,Alicia,Szabo,alicia.szabo@solvent.com,solvent.com,Paid Social - Meta,mofu-retarget,false
L005058,2025-12-07 10:30:00,Malik,Raghunathan,malik.raghunathan@northwind.com,northwind.com,Paid Social - Meta,prospecting-lal,false
L005059,2025-12-28 14:15:00,Noor,Castellanos,noor.castellanos@quillon.com,quillon.com,Paid Social - Meta,prospecting-lal,false
L005060,2025-12-07 12:00:00,Rafael,Petrov,rafael.petrov@oakhurst.com,oakhurst.com,Paid Social - Meta,mofu-retarget,false
L005061,2025-12-04 13:30:00,Yusuf,Demir,yusuf.demir@granitepeak.com,granitepeak.com,Paid Social - Meta,lead-form-broad,true
L005062,2025-12-01 07:15:00,Ingrid,Iyer,ingrid.iyer@ferrous.com,ferrous.com,Paid Social - Meta,prospecting-lal,false
L005063,2025-12-04 20:45:00,Siobhan,Raghunathan,siobhan.raghunathan@harborview.com,harborview.com,Paid Social - Meta,lead-form-broad,false
L005064,2025-12-28 08:00:00,Darius,Castellanos,darius.castellanos@copperline.com,copperline.com,Paid Social - Meta,lead-form-broad,false
L005065,2025-12-24 12:45:00,Elodie,Mulvaney,elodie.mulvaney@ember.com,ember.com,Paid Social - Meta,mofu-retarget,false
L005066,2025-12-22 10:15:00,Marcus,Mulvaney,marcus.mulvaney@pinnacle.com,pinnacle.com,Paid Social - Meta,mofu-retarget,false
L005067,2025-12-02 16:15:00,Yusuf,Moreau,yusuf.moreau@tessellate.com,tessellate.com,Paid Social - Meta,lead-form-broad,false
L005068,2025-12-31 10:45:00,Noor,Haddad,noor.haddad@foxglove.com,foxglove.com,Paid Social - Meta,lead-form-broad,false
L005069,2025-12-01 18:45:00,Cormac,Szabo,cormac.szabo@juniper.com,juniper.com,Paid Social - Meta,prospecting-lal,false
L005070,2025-12-28 07:00:00,Noor,Pires,noor.pires@ironwood.com,ironwood.com,Paid Social - Meta,mofu-retarget,false
L005071,2025-12-08 12:15:00,Marcus,Castellanos,marcus.castellanos@ember.com,ember.com,Paid Social - Meta,mofu-retarget,false
L005072,2025-12-03 15:15:00,Peter,Whitfield,peter.whitfield@thornbury.com,thornbury.com,Paid Social - Meta,mofu-retarget,false
L005073,2025-12-05 19:00:00,Anaya,Aaltonen,anaya.aaltonen@dovetail.com,dovetail.com,Paid Social - Meta,lead-form-broad,false
L005074,2025-12-21 14:00:00,Estelle,Watanabe,estelle.watanabe@oakhurst.com,oakhurst.com,Paid Social - Meta,lead-form-broad,false
L005075,2025-12-14 19:00:00,Renata,Ferreira,renata.ferreira@redwood.com,redwood.com,Paid Social - Meta,lead-form-broad,false
L005076,2025-12-07 09:30:00,Rafael,Okonkwo,rafael.okonkwo@juniper.com,juniper.com,Paid Social - Meta,mofu-retarget,false
L005077,2025-12-30 16:45:00,Rafael,Lindqvist,rafael.lindqvist@juniper.com,juniper.com,Paid Social - Meta,mofu-retarget,false
L005078,2025-12-26 20:15:00,Kenji,Demir,kenji.demir@dovetail.com,dovetail.com,Paid Social - Meta,lead-form-broad,false
L005079,2025-12-01 17:15:00,Adeola,Watanabe,adeola.watanabe@juniper.com,juniper.com,Paid Social - Meta,lead-form-broad,false
L005080,2025-12-23 16:30:00,Callum,Szabo,callum.szabo@anvil.com,anvil.com,Paid Social - Meta,mofu-retarget,false
L005081,2025-12-19 18:45:00,Alicia,Lindqvist,alicia.lindqvist@oakhurst.com,oakhurst.com,Paid Social - Meta,prospecting-lal,false
L005082,2025-12-10 13:15:00,Tomas,Farrell,tomas.farrell@lumen.com,lumen.com,Paid Social - Meta,mofu-retarget,false
L005083,2025-12-12 09:30:00,Estelle,Castellanos,estelle.castellanos@northwind.com,northwind.com,Paid Social - Meta,mofu-retarget,false
L005084,2025-12-04 12:45:00,Ivo,Novak,ivo.novak@nimbus.com,nimbus.com,Paid Social - Meta,mofu-retarget,false
L005085,2025-12-15 19:00:00,Noor,Horvat,noor.horvat@dovetail.com,dovetail.com,Paid Social - Meta,prospecting-lal,false
L005086,2025-12-20 14:00:00,Siobhan,Szabo,siobhan.szabo@nimbus.com,nimbus.com,Paid Social - Meta,prospecting-lal,false
L005087,2025-12-07 11:15:00,Peter,Lindqvist,peter.lindqvist@solvent.com,solvent.com,Paid Social - Meta,lead-form-broad,false
L005088,2025-12-11 19:00:00,Kenji,Okonkwo,kenji.okonkwo@copperline.com,copperline.com,Paid Social - Meta,lead-form-broad,false
L005089,2025-12-09 17:30:00,Renata,Bergstrom,renata.bergstrom@thornbury.com,thornbury.com,Paid Social - Meta,mofu-retarget,false
L005090,2025-12-03 19:00:00,Priya,Grant,priya.grant@dovetail.com,dovetail.com,Paid Social - Meta,prospecting-lal,false
L005091,2025-12-02 14:45:00,Noor,Haddad,noor.haddad@oakhurst.com,oakhurst.com,Paid Social - Meta,mofu-retarget,false
L005092,2025-12-12 08:45:00,Arun,Bergstrom,arun.bergstrom@juniper.com,juniper.com,Paid Social - Meta,prospecting-lal,false
L005093,2025-12-30 15:15:00,Rafael,Demir,rafael.demir@kestrel.com,kestrel.com,Paid Social - Meta,lead-form-broad,false
L005094,2025-12-28 07:15:00,Darius,Szabo,darius.szabo@thornbury.com,thornbury.com,Paid Social - Meta,prospecting-lal,false
L005095,2025-12-08 14:30:00,Darius,Novak,darius.novak@harborview.com,harborview.com,Paid Social - Meta,lead-form-broad,false
L005096,2025-12-02 15:00:00,Siobhan,Okonkwo,siobhan.okonkwo@anvil.com,anvil.com,Paid Social - Meta,lead-form-broad,false
L005097,2025-12-19 16:30:00,Kenji,Kavanagh,kenji.kavanagh@kestrel.com,kestrel.com,Paid Social - Meta,prospecting-lal,false
L005098,2025-12-27 19:00:00,Malik,Grant,malik.grant@cascade.com,cascade.com,Paid Social - Meta,mofu-retarget,false
L005099,2025-12-18 13:30:00,Marcus,Krishnan,marcus.krishnan@oakhurst.com,oakhurst.com,Paid Social - Meta,prospecting-lal,false
L005100,2025-12-03 16:00:00,Siobhan,Iyer,siobhan.iyer@solvent.com,solvent.com,Paid Social - Meta,prospecting-lal,false
L005101,2025-12-05 20:15:00,Grace,Doyle,grace.doyle@ridgeline.com,ridgeline.com,Paid Social - Meta,prospecting-lal,false
L005102,2025-12-01 10:30:00,Mei,Almeida,mei.almeida@copperline.com,copperline.com,Paid Social - Meta,lead-form-broad,false
L005103,2025-12-24 14:30:00,Cormac,Bergstrom,cormac.bergstrom@quillon.com,quillon.com,Paid Social - Meta,mofu-retarget,false
L005104,2025-12-10 08:15:00,Arun,Pires,arun.pires@ember.com,ember.com,Paid Social - Meta,lead-form-broad,false
L005105,2025-12-27 19:30:00,Hollis,Haddad,hollis.haddad@copperline.com,copperline.com,Paid Social - Meta,mofu-retarget,false
L005106,2025-12-05 13:30:00,Yusuf,Horvat,yusuf.horvat@copperline.com,copperline.com,Paid Social - Meta,mofu-retarget,false
L005107,2025-12-07 12:30:00,Estelle,Zhang,estelle.zhang@nimbus.com,nimbus.com,Paid Social - Meta,mofu-retarget,false
L005108,2025-12-19 10:15:00,Malik,Aaltonen,malik.aaltonen@quarry.com,quarry.com,Paid Social - Meta,lead-form-broad,false
L005109,2025-12-18 10:45:00,Rafael,Novak,rafael.novak@granitepeak.com,granitepeak.com,Paid Social - Meta,prospecting-lal,false
L005110,2025-12-23 11:00:00,Beatriz,Mulvaney,beatriz.mulvaney@nimbus.com,nimbus.com,Paid Social - Meta,mofu-retarget,false
L005111,2025-12-10 07:45:00,Omar,Lindqvist,omar.lindqvist@ember.com,ember.com,Paid Social - Meta,lead-form-broad,false
L005112,2025-12-31 07:30:00,Tomas,Doyle,tomas.doyle@lumen.com,lumen.com,Paid Social - Meta,prospecting-lal,false
L005113,2025-12-12 14:00:00,Malik,Szabo,malik.szabo@ember.com,ember.com,Paid Social - Meta,prospecting-lal,false
L005114,2025-12-03 15:45:00,Estelle,Bergstrom,estelle.bergstrom@solvent.com,solvent.com,Paid Social - Meta,mofu-retarget,false
L005115,2025-12-01 15:15:00,Grace,Aaltonen,grace.aaltonen@oakhurst.com,oakhurst.com,Paid Social - Meta,lead-form-broad,false
L005116,2025-12-24 14:15:00,Grace,Novak,grace.novak@cascade.com,cascade.com,Paid Social - Meta,lead-form-broad,false
L005117,2025-12-28 08:15:00,Malik,Krishnan,malik.krishnan@cascade.com,cascade.com,Paid Social - Meta,lead-form-broad,false
L005118,2025-12-15 13:30:00,Hollis,Ferreira,hollis.ferreira@granitepeak.com,granitepeak.com,Paid Social - Meta,prospecting-lal,false
L005119,2025-12-05 12:15:00,Yusuf,Watanabe,yusuf.watanabe@kestrel.com,kestrel.com,Paid Social - Meta,prospecting-lal,false
L005120,2025-12-19 16:00:00,Malik,Bahri,malik.bahri@ember.com,ember.com,Paid Social - Meta,prospecting-lal,false
L005121,2025-12-25 08:00:00,Mei,Doyle,mei.doyle@dovetail.com,dovetail.com,Paid Social - Meta,prospecting-lal,false
L005122,2025-12-24 17:45:00,Alicia,Whitfield,alicia.whitfield@kestrel.com,kestrel.com,Paid Social - Meta,prospecting-lal,false
L005123,2025-12-20 11:15:00,Marcus,Horvat,marcus.horvat@lumen.com,lumen.com,Paid Social - Meta,lead-form-broad,false
L005124,2025-12-26 15:00:00,Ingrid,Grant,ingrid.grant@meridian.com,meridian.com,Paid Social - Meta,lead-form-broad,false
L005125,2025-12-19 18:45:00,Anaya,Grant,anaya.grant@lumen.com,lumen.com,Paid Social - Meta,lead-form-broad,false
L005126,2025-12-08 09:30:00,Hollis,Iyer,hollis.iyer@quarry.com,quarry.com,Paid Social - Meta,prospecting-lal,false
L005127,2025-12-11 17:45:00,Renata,Doyle,renata.doyle@marlowe.com,marlowe.com,Paid Social - Meta,lead-form-broad,false
L005128,2025-12-17 12:45:00,Omar,Raghunathan,omar.raghunathan@foxglove.com,foxglove.com,Paid Social - Meta,prospecting-lal,false
L005129,2025-12-07 09:00:00,Darius,Doyle,darius.doyle@solvent.com,solvent.com,Paid Social - Meta,lead-form-broad,false
L005130,2025-12-05 17:45:00,Rafael,Haddad,rafael.haddad@foxglove.com,foxglove.com,Paid Social - Meta,lead-form-broad,false
L005131,2025-12-18 08:15:00,Estelle,Raghunathan,estelle.raghunathan@kestrel.com,kestrel.com,Paid Social - Meta,prospecting-lal,false
L005132,2025-12-18 12:45:00,Ingrid,Ferreira,ingrid.ferreira@thornbury.com,thornbury.com,Paid Social - Meta,lead-form-broad,false
L005133,2025-12-21 08:00:00,Siobhan,Haddad,siobhan.haddad@arclight.com,arclight.com,Paid Social - Meta,lead-form-broad,false
L005134,2025-12-25 13:45:00,Ivo,Grant,ivo.grant@nimbus.com,nimbus.com,Paid Social - Meta,mofu-retarget,false
L005135,2025-12-14 13:45:00,Hollis,Ferreira,hollis.ferreira@halcyon.com,halcyon.com,Paid Social - Meta,lead-form-broad,false
L005136,2025-12-29 11:00:00,Margit,Grant,margit.grant@arclight.com,arclight.com,Paid Social - Meta,mofu-retarget,false
L005137,2025-12-23 08:45:00,Anaya,Grant,anaya.grant@ridgeline.com,ridgeline.com,Paid Social - Meta,mofu-retarget,false
L005138,2025-12-09 17:15:00,Yusuf,Petrov,yusuf.petrov@nimbus.com,nimbus.com,Paid Social - Meta,lead-form-broad,false
L005139,2025-12-30 11:30:00,Alicia,Petrov,alicia.petrov@redwood.com,redwood.com,Paid Social - Meta,prospecting-lal,false
L005140,2025-12-28 10:15:00,Renata,Moreau,renata.moreau@nimbus.com,nimbus.com,Paid Search - Non-Brand,solution-terms,false
L005141,2025-12-11 11:45:00,Tomas,Pires,tomas.pires@solvent.com,solvent.com,Paid Search - Non-Brand,competitor-terms,false
L005142,2025-12-03 10:00:00,Noor,Horvat,noor.horvat@marlowe.com,marlowe.com,Paid Search - Non-Brand,competitor-terms,true
L005143,2025-12-03 12:15:00,Darius,Farrell,darius.farrell@quillon.com,quillon.com,Paid Search - Non-Brand,solution-terms,false
L005144,2025-12-11 20:45:00,Kenji,Grant,kenji.grant@tessellate.com,tessellate.com,Paid Search - Non-Brand,category-terms,false
L005145,2025-12-07 14:30:00,Renata,Farrell,renata.farrell@halcyon.com,halcyon.com,Paid Search - Non-Brand,solution-terms,false
L005146,2025-12-16 18:45:00,Ivo,Castellanos,ivo.castellanos@juniper.com,juniper.com,Paid Search - Non-Brand,solution-terms,false
L005147,2025-12-04 16:00:00,Jonas,Farrell,jonas.farrell@lumen.com,lumen.com,Paid Search - Non-Brand,category-terms,false
L005148,2025-12-05 19:30:00,Omar,Watanabe,omar.watanabe@ironwood.com,ironwood.com,Paid Search - Non-Brand,competitor-terms,false
L005149,2025-12-21 11:45:00,Arun,Krishnan,arun.krishnan@oakhurst.com,oakhurst.com,Paid Search - Non-Brand,competitor-terms,false
L005150,2025-12-23 14:30:00,Grace,Farrell,grace.farrell@cascade.com,cascade.com,Paid Search - Non-Brand,competitor-terms,false
L005151,2025-12-13 10:30:00,Anaya,Watanabe,anaya.watanabe@granitepeak.com,granitepeak.com,Paid Search - Non-Brand,solution-terms,false
L005152,2025-12-06 16:45:00,Callum,Castellanos,callum.castellanos@arclight.com,arclight.com,Paid Search - Non-Brand,category-terms,false
L005153,2025-12-23 15:15:00,Peter,Aaltonen,peter.aaltonen@redwood.com,redwood.com,Paid Search - Non-Brand,category-terms,false
L005154,2025-12-05 12:00:00,Darius,Byrne,darius.byrne@tessellate.com,tessellate.com,Paid Search - Non-Brand,solution-terms,false
L005155,2025-12-30 14:15:00,Kenji,Zhang,kenji.zhang@ember.com,ember.com,Paid Search - Non-Brand,solution-terms,false
L005156,2025-12-10 19:00:00,Noor,Farrell,noor.farrell@cascade.com,cascade.com,Paid Search - Non-Brand,competitor-terms,false
L005157,2025-12-26 19:30:00,Arun,Novak,arun.novak@thornbury.com,thornbury.com,Paid Search - Non-Brand,solution-terms,false
L005158,2025-12-25 16:45:00,Alicia,Szabo,alicia.szabo@tessellate.com,tessellate.com,Paid Search - Non-Brand,competitor-terms,false
L005159,2025-12-09 20:45:00,Beatriz,Almeida,beatriz.almeida@marlowe.com,marlowe.com,Paid Search - Non-Brand,category-terms,false
L005160,2025-12-17 19:15:00,Alicia,Zhang,alicia.zhang@nimbus.com,nimbus.com,Paid Search - Non-Brand,category-terms,false
L005161,2025-12-13 19:45:00,Marcus,Watanabe,marcus.watanabe@quillon.com,quillon.com,Paid Search - Non-Brand,competitor-terms,false
L005162,2025-12-10 17:00:00,Elodie,Watanabe,elodie.watanabe@marlowe.com,marlowe.com,Paid Search - Non-Brand,solution-terms,false
L005163,2025-12-21 07:00:00,Anaya,Aaltonen,anaya.aaltonen@saltmarsh.com,saltmarsh.com,Paid Search - Non-Brand,solution-terms,false
L005164,2025-12-17 12:00:00,Jonas,Moreau,jonas.moreau@kestrel.com,kestrel.com,Paid Search - Non-Brand,solution-terms,false
L005165,2025-12-31 14:00:00,Alicia,Szabo,alicia.szabo@pinnacle.com,pinnacle.com,Paid Search - Non-Brand,category-terms,false
L005166,2025-12-13 20:15:00,Adeola,Kavanagh,adeola.kavanagh@quillon.com,quillon.com,Paid Search - Non-Brand,solution-terms,true
L005167,2025-12-18 20:30:00,Arun,Iyer,arun.iyer@ironwood.com,ironwood.com,Paid Search - Non-Brand,solution-terms,false
L005168,2025-12-27 12:30:00,Beatriz,Bahri,beatriz.bahri@solvent.com,solvent.com,Paid Search - Non-Brand,solution-terms,true
L005169,2025-12-17 14:00:00,Renata,Vieira,renata.vieira@saltmarsh.com,saltmarsh.com,Paid Search - Non-Brand,category-terms,false
L005170,2025-12-01 08:00:00,Arun,Bahri,arun.bahri@solvent.com,solvent.com,Paid Search - Non-Brand,solution-terms,false
L005171,2025-12-22 15:45:00,Darius,Nwosu,darius.nwosu@thornbury.com,thornbury.com,Paid Search - Non-Brand,category-terms,false
L005172,2025-12-28 18:00:00,Tomas,Novak,tomas.novak@cascade.com,cascade.com,Paid Search - Non-Brand,competitor-terms,false
L005173,2025-12-09 17:30:00,Callum,Bahri,callum.bahri@oakhurst.com,oakhurst.com,Paid Search - Non-Brand,competitor-terms,false
L005174,2025-12-06 08:45:00,Marcus,Ferreira,marcus.ferreira@meridian.com,meridian.com,Paid Search - Non-Brand,category-terms,false
L005175,2025-12-01 11:00:00,Anaya,Farrell,anaya.farrell@granitepeak.com,granitepeak.com,Paid Search - Non-Brand,solution-terms,false
L005176,2025-12-06 20:00:00,Peter,Novak,peter.novak@arclight.com,arclight.com,Paid Search - Non-Brand,category-terms,false
L005177,2025-12-10 08:15:00,Tomas,Demir,tomas.demir@harborview.com,harborview.com,Paid Search - Non-Brand,solution-terms,false
L005178,2025-12-07 17:30:00,Alicia,Novak,alicia.novak@tessellate.com,tessellate.com,Paid Search - Non-Brand,solution-terms,false
L005179,2025-12-09 08:15:00,Tomas,Petrov,tomas.petrov@granitepeak.com,granitepeak.com,Paid Search - Non-Brand,competitor-terms,false
L005180,2025-12-04 14:30:00,Ingrid,Raghunathan,ingrid.raghunathan@saltmarsh.com,saltmarsh.com,Paid Search - Non-Brand,category-terms,false
L005181,2025-12-30 19:15:00,Ivo,Iyer,ivo.iyer@nimbus.com,nimbus.com,Paid Search - Non-Brand,solution-terms,false
L005182,2025-12-02 14:45:00,Priya,Zhang,priya.zhang@quarry.com,quarry.com,Paid Search - Non-Brand,category-terms,false
L005183,2025-12-30 15:45:00,Kenji,Krishnan,kenji.krishnan@quarry.com,quarry.com,Paid Search - Non-Brand,competitor-terms,false
L005184,2025-12-02 13:45:00,Noor,Nwosu,noor.nwosu@ember.com,ember.com,Paid Search - Non-Brand,competitor-terms,false
L005185,2025-12-24 09:00:00,Ingrid,Almeida,ingrid.almeida@tessellate.com,tessellate.com,Paid Search - Non-Brand,solution-terms,false
L005186,2025-12-28 09:15:00,Renata,Nwosu,renata.nwosu@pinnacle.com,pinnacle.com,Paid Search - Non-Brand,solution-terms,false
L005187,2025-12-15 17:45:00,Jonas,Bahri,jonas.bahri@lumen.com,lumen.com,Paid Search - Non-Brand,competitor-terms,false
L005188,2025-12-30 18:30:00,Renata,Petrov,renata.petrov@ironwood.com,ironwood.com,Paid Search - Non-Brand,competitor-terms,false
L005189,2025-12-13 17:30:00,Anaya,Grant,anaya.grant@meridian.com,meridian.com,Paid Search - Non-Brand,solution-terms,false
L005190,2025-12-11 10:45:00,Siobhan,Bergstrom,siobhan.bergstrom@marlowe.com,marlowe.com,Paid Search - Non-Brand,solution-terms,true
L005191,2025-12-26 18:30:00,Siobhan,Haddad,siobhan.haddad@saltmarsh.com,saltmarsh.com,Paid Search - Non-Brand,solution-terms,false
L005192,2025-12-27 19:45:00,Anaya,Okonkwo,anaya.okonkwo@harborview.com,harborview.com,Paid Search - Non-Brand,competitor-terms,true
L005193,2025-12-10 10:00:00,Arun,Grant,arun.grant@brightpath.com,brightpath.com,Paid Search - Non-Brand,solution-terms,false
L005194,2025-12-09 19:45:00,Darius,Haddad,darius.haddad@foxglove.com,foxglove.com,Paid Search - Non-Brand,category-terms,false
L005195,2025-12-14 10:15:00,Malik,Byrne,malik.byrne@cascade.com,cascade.com,Paid Search - Non-Brand,solution-terms,false
L005196,2025-12-21 17:00:00,Margit,Moreau,margit.moreau@redwood.com,redwood.com,Paid Search - Non-Brand,solution-terms,false
L005197,2025-12-21 15:15:00,Jonas,Moreau,jonas.moreau@nimbus.com,nimbus.com,Paid Search - Non-Brand,category-terms,false
L005198,2025-12-31 16:45:00,Anaya,Haddad,anaya.haddad@meridian.com,meridian.com,Paid Search - Non-Brand,competitor-terms,false
L005199,2025-12-13 07:15:00,Lena,Lindqvist,lena.lindqvist@lumen.com,lumen.com,Paid Search - Non-Brand,competitor-terms,false
L005200,2025-12-05 11:30:00,Ingrid,Krishnan,ingrid.krishnan@lumen.com,lumen.com,Paid Search - Non-Brand,category-terms,false
L005201,2025-12-30 10:15:00,Malik,Farrell,malik.farrell@foxglove.com,foxglove.com,Paid Search - Non-Brand,solution-terms,false
L005202,2025-12-12 14:00:00,Estelle,Demir,estelle.demir@redwood.com,redwood.com,Paid Search - Non-Brand,solution-terms,false
L005203,2025-12-02 07:45:00,Darius,Pires,darius.pires@foxglove.com,foxglove.com,Paid Search - Non-Brand,solution-terms,false
L005204,2025-12-23 07:30:00,Ingrid,Bergstrom,ingrid.bergstrom@ember.com,ember.com,Paid Search - Non-Brand,category-terms,false
L005205,2025-12-22 19:30:00,Ivo,Almeida,ivo.almeida@arclight.com,arclight.com,Paid Search - Non-Brand,solution-terms,false
L005206,2025-12-18 18:00:00,Jonas,Demir,jonas.demir@halcyon.com,halcyon.com,Paid Search - Non-Brand,competitor-terms,false
L005207,2025-12-02 15:15:00,Beatriz,Pires,beatriz.pires@copperline.com,copperline.com,Paid Search - Non-Brand,solution-terms,false
L005208,2025-12-30 08:30:00,Anaya,Grant,anaya.grant@ember.com,ember.com,Paid Search - Non-Brand,solution-terms,false
L005209,2025-12-08 11:00:00,Rafael,Byrne,rafael.byrne@copperline.com,copperline.com,Paid Social - LinkedIn,abm-tier1,false
L005210,2025-12-11 17:30:00,Siobhan,Ferreira,siobhan.ferreira@solvent.com,solvent.com,Paid Social - LinkedIn,content-download,true
L005211,2025-12-17 08:15:00,Rafael,Aaltonen,rafael.aaltonen@arclight.com,arclight.com,Paid Social - LinkedIn,content-download,false
L005212,2025-12-06 08:30:00,Ingrid,Pires,ingrid.pires@halcyon.com,halcyon.com,Paid Social - LinkedIn,content-download,false
L005213,2025-12-15 10:30:00,Peter,Krishnan,peter.krishnan@quarry.com,quarry.com,Paid Social - LinkedIn,content-download,false
L005214,2025-12-26 07:45:00,Renata,Almeida,renata.almeida@copperline.com,copperline.com,Paid Social - LinkedIn,content-download,true
L005215,2025-12-19 14:30:00,Mei,Okonkwo,mei.okonkwo@pinnacle.com,pinnacle.com,Paid Social - LinkedIn,content-download,false
L005216,2025-12-14 15:30:00,Siobhan,Raghunathan,siobhan.raghunathan@saltmarsh.com,saltmarsh.com,Paid Social - LinkedIn,abm-tier1,false
L005217,2025-12-01 10:15:00,Adeola,Krishnan,adeola.krishnan@ironwood.com,ironwood.com,Paid Social - LinkedIn,jobtitle-targeting,false
L005218,2025-12-22 08:15:00,Mei,Raghunathan,mei.raghunathan@arclight.com,arclight.com,Paid Social - LinkedIn,content-download,false
L005219,2025-12-02 11:15:00,Elodie,Watanabe,elodie.watanabe@marlowe.com,marlowe.com,Paid Social - LinkedIn,content-download,false
L005220,2025-12-25 18:00:00,Mei,Horvat,mei.horvat@foxglove.com,foxglove.com,Paid Social - LinkedIn,abm-tier1,false
L005221,2025-12-09 13:00:00,Noor,Whitfield,noor.whitfield@quillon.com,quillon.com,Paid Social - LinkedIn,jobtitle-targeting,false
L005222,2025-12-18 13:45:00,Yusuf,Horvat,yusuf.horvat@quarry.com,quarry.com,Paid Social - LinkedIn,content-download,false
L005223,2025-12-31 14:00:00,Renata,Lindqvist,renata.lindqvist@oakhurst.com,oakhurst.com,Paid Social - LinkedIn,abm-tier1,false
L005224,2025-12-26 07:30:00,Malik,Kavanagh,malik.kavanagh@oakhurst.com,oakhurst.com,Paid Social - LinkedIn,jobtitle-targeting,false
L005225,2025-12-23 11:15:00,Tomas,Doyle,tomas.doyle@brightpath.com,brightpath.com,Paid Social - LinkedIn,abm-tier1,false
L005226,2025-12-01 19:45:00,Jonas,Iyer,jonas.iyer@cascade.com,cascade.com,Paid Social - LinkedIn,jobtitle-targeting,false
L005227,2025-12-29 15:30:00,Lena,Lindqvist,lena.lindqvist@foxglove.com,foxglove.com,Paid Social - LinkedIn,jobtitle-targeting,false
L005228,2025-12-19 13:15:00,Cormac,Doyle,cormac.doyle@cascade.com,cascade.com,Paid Social - LinkedIn,content-download,false
L005229,2025-12-12 17:45:00,Malik,Okonkwo,malik.okonkwo@quillon.com,quillon.com,Paid Social - LinkedIn,content-download,false
L005230,2025-12-12 12:30:00,Tomas,Nwosu,tomas.nwosu@thornbury.com,thornbury.com,Paid Social - LinkedIn,abm-tier1,false
L005231,2025-12-07 07:15:00,Cormac,Mulvaney,cormac.mulvaney@cascade.com,cascade.com,Paid Social - LinkedIn,content-download,false
L005232,2025-12-15 16:45:00,Peter,Byrne,peter.byrne@oakhurst.com,oakhurst.com,Organic / Direct,none,false
L005233,2025-12-15 11:45:00,Ivo,Watanabe,ivo.watanabe@lumen.com,lumen.com,Organic / Direct,none,false
L005234,2025-12-06 08:45:00,Malik,Bahri,malik.bahri@pinnacle.com,pinnacle.com,Organic / Direct,none,false
L005235,2025-12-28 20:30:00,Ivo,Bergstrom,ivo.bergstrom@copperline.com,copperline.com,Organic / Direct,none,false
L005236,2025-12-31 15:00:00,Yusuf,Castellanos,yusuf.castellanos@granitepeak.com,granitepeak.com,Organic / Direct,none,false
L005237,2025-12-06 09:00:00,Renata,Castellanos,renata.castellanos@northwind.com,northwind.com,Organic / Direct,none,false
L005238,2025-12-22 10:45:00,Adeola,Kavanagh,adeola.kavanagh@marlowe.com,marlowe.com,Organic / Direct,none,false
L005239,2025-12-04 11:15:00,Hollis,Okonkwo,hollis.okonkwo@thornbury.com,thornbury.com,Organic / Direct,none,false
L005240,2025-12-19 20:30:00,Jonas,Watanabe,jonas.watanabe@ferrous.com,ferrous.com,Organic / Direct,none,true
L005241,2025-12-11 11:15:00,Priya,Watanabe,priya.watanabe@redwood.com,redwood.com,Organic / Direct,none,false
L005242,2025-12-04 15:00:00,Marcus,Aaltonen,marcus.aaltonen@solvent.com,solvent.com,Organic / Direct,none,false
L005243,2025-12-06 11:45:00,Cormac,Okonkwo,cormac.okonkwo@dovetail.com,dovetail.com,Organic / Direct,none,false
L005244,2025-12-19 09:30:00,Hollis,Krishnan,hollis.krishnan@solvent.com,solvent.com,Organic / Direct,none,false
L005245,2025-12-28 11:15:00,Ingrid,Zhang,ingrid.zhang@quarry.com,quarry.com,Organic / Direct,none,false
L005246,2025-12-16 20:00:00,Peter,Krishnan,peter.krishnan@cascade.com,cascade.com,Organic / Direct,none,false
L005247,2025-12-16 09:00:00,Ivo,Pires,ivo.pires@thornbury.com,thornbury.com,Organic / Direct,none,false
L005248,2025-12-08 08:00:00,Ingrid,Bergstrom,ingrid.bergstrom@dovetail.com,dovetail.com,Organic / Direct,none,false
L005249,2025-12-03 10:00:00,Alicia,Zhang,alicia.zhang@ridgeline.com,ridgeline.com,Organic / Direct,none,false
L005250,2025-12-03 19:00:00,Grace,Demir,grace.demir@juniper.com,juniper.com,Organic / Direct,none,false
L005251,2025-12-11 13:00:00,Rafael,Pires,rafael.pires@quarry.com,quarry.com,Organic / Direct,none,false
L005252,2025-12-18 14:00:00,Siobhan,Nwosu,siobhan.nwosu@lumen.com,lumen.com,Organic / Direct,none,true
L005253,2025-12-19 13:15:00,Peter,Byrne,peter.byrne@dovetail.com,dovetail.com,Organic / Direct,none,true
L005254,2025-12-24 15:15:00,Omar,Castellanos,omar.castellanos@harborview.com,harborview.com,Organic / Direct,none,true
L005255,2025-12-31 12:15:00,Rafael,Okonkwo,rafael.okonkwo@copperline.com,copperline.com,Organic / Direct,none,false
L005256,2025-12-25 12:30:00,Rafael,Okonkwo,rafael.okonkwo@nimbus.com,nimbus.com,Organic / Direct,none,false
L005257,2025-12-16 13:15:00,Hollis,Doyle,hollis.doyle@pinnacle.com,pinnacle.com,Organic / Direct,none,false
L005258,2025-12-25 09:00:00,Yusuf,Mulvaney,yusuf.mulvaney@tessellate.com,tessellate.com,Organic / Direct,none,false
L005259,2026-01-10 07:45:00,Mei,Castellanos,mei.castellanos@dovetail.com,dovetail.com,Display - Programmatic,retarget-display,false
L005260,2026-01-14 19:15:00,Beatriz,Horvat,beatriz.horvat@northwind.com,northwind.com,Display - Programmatic,retarget-display,false
L005261,2026-01-23 10:00:00,Renata,Moreau,renata.moreau@foxglove.com,foxglove.com,Display - Programmatic,retarget-display,false
L005262,2026-01-12 14:30:00,Alicia,Castellanos,alicia.castellanos@marlowe.com,marlowe.com,Display - Programmatic,contextual-b2b,false
L005263,2026-01-05 12:45:00,Renata,Szabo,renata.szabo@marlowe.com,marlowe.com,Display - Programmatic,retarget-display,false
L005264,2026-01-01 11:00:00,Omar,Bergstrom,omar.bergstrom@redwood.com,redwood.com,Display - Programmatic,contextual-b2b,false
L005265,2026-01-11 07:30:00,Yusuf,Nwosu,yusuf.nwosu@pinnacle.com,pinnacle.com,Display - Programmatic,retarget-display,false
L005266,2026-01-25 12:30:00,Ivo,Farrell,ivo.farrell@northwind.com,northwind.com,Display - Programmatic,contextual-b2b,false
L005267,2026-01-01 14:00:00,Priya,Watanabe,priya.watanabe@redwood.com,redwood.com,Display - Programmatic,retarget-display,false
L005268,2026-01-04 10:45:00,Hollis,Ferreira,hollis.ferreira@brightpath.com,brightpath.com,Display - Programmatic,retarget-display,false
L005269,2026-01-26 15:45:00,Adeola,Farrell,adeola.farrell@saltmarsh.com,saltmarsh.com,Display - Programmatic,contextual-b2b,false
L005270,2026-01-15 14:30:00,Arun,Whitfield,arun.whitfield@cascade.com,cascade.com,Display - Programmatic,contextual-b2b,false
L005271,2026-01-16 07:15:00,Callum,Watanabe,callum.watanabe@quarry.com,quarry.com,Display - Programmatic,contextual-b2b,false
L005272,2026-01-30 13:30:00,Kenji,Mulvaney,kenji.mulvaney@oakhurst.com,oakhurst.com,Display - Programmatic,contextual-b2b,false
L005273,2026-01-13 10:00:00,Siobhan,Grant,siobhan.grant@juniper.com,juniper.com,Display - Programmatic,contextual-b2b,false
L005274,2026-01-04 08:30:00,Jonas,Aaltonen,jonas.aaltonen@brightpath.com,brightpath.com,Display - Programmatic,contextual-b2b,false
L005275,2026-01-14 14:30:00,Cormac,Watanabe,cormac.watanabe@arclight.com,arclight.com,Display - Programmatic,retarget-display,false
L005276,2026-01-19 07:15:00,Ivo,Nwosu,ivo.nwosu@quillon.com,quillon.com,Display - Programmatic,retarget-display,false
L005277,2026-01-14 16:45:00,Jonas,Szabo,jonas.szabo@ember.com,ember.com,Display - Programmatic,retarget-display,false
L005278,2026-01-02 16:45:00,Lena,Petrov,lena.petrov@saltmarsh.com,saltmarsh.com,Display - Programmatic,retarget-display,false
L005279,2026-01-21 09:15:00,Anaya,Grant,anaya.grant@oakhurst.com,oakhurst.com,Display - Programmatic,contextual-b2b,false
L005280,2026-01-26 12:00:00,Mei,Aaltonen,mei.aaltonen@brightpath.com,brightpath.com,Display - Programmatic,contextual-b2b,false
L005281,2026-01-11 16:45:00,Cormac,Almeida,cormac.almeida@redwood.com,redwood.com,Display - Programmatic,retarget-display,false
L005282,2026-01-11 12:15:00,Elodie,Krishnan,elodie.krishnan@tessellate.com,tessellate.com,Display - Programmatic,retarget-display,false
L005283,2026-01-10 12:45:00,Peter,Farrell,peter.farrell@lumen.com,lumen.com,Display - Programmatic,contextual-b2b,false
L005284,2026-01-20 07:30:00,Cormac,Lindqvist,cormac.lindqvist@saltmarsh.com,saltmarsh.com,Display - Programmatic,contextual-b2b,false
L005285,2026-01-25 12:00:00,Cormac,Raghunathan,cormac.raghunathan@harborview.com,harborview.com,Display - Programmatic,retarget-display,false
L005286,2026-01-10 10:45:00,Omar,Raghunathan,omar.raghunathan@quarry.com,quarry.com,Display - Programmatic,retarget-display,false
L005287,2026-01-08 09:45:00,Priya,Szabo,priya.szabo@nimbus.com,nimbus.com,Display - Programmatic,contextual-b2b,false
L005288,2026-01-06 20:00:00,Ivo,Bergstrom,ivo.bergstrom@ember.com,ember.com,Display - Programmatic,contextual-b2b,false
L005289,2026-01-21 14:15:00,Rafael,Raghunathan,rafael.raghunathan@brightpath.com,brightpath.com,Display - Programmatic,contextual-b2b,false
L005290,2026-01-28 15:15:00,Kenji,Szabo,kenji.szabo@granitepeak.com,granitepeak.com,Display - Programmatic,contextual-b2b,false
L005291,2026-01-27 08:45:00,Margit,Ferreira,margit.ferreira@ember.com,ember.com,Display - Programmatic,contextual-b2b,false
L005292,2026-01-20 09:00:00,Darius,Nwosu,darius.nwosu@marlowe.com,marlowe.com,Display - Programmatic,retarget-display,false
L005293,2026-01-05 19:45:00,Noor,Raghunathan,noor.raghunathan@nimbus.com,nimbus.com,Display - Programmatic,retarget-display,false
L005294,2026-01-30 09:00:00,Darius,Ferreira,darius.ferreira@oakhurst.com,oakhurst.com,Display - Programmatic,retarget-display,false
L005295,2026-01-20 15:15:00,Peter,Nwosu,peter.nwosu@arclight.com,arclight.com,Display - Programmatic,contextual-b2b,false
L005296,2026-01-31 12:00:00,Yusuf,Nwosu,yusuf.nwosu@redwood.com,redwood.com,Display - Programmatic,retarget-display,false
L005297,2026-01-04 10:00:00,Jonas,Kavanagh,jonas.kavanagh@solvent.com,solvent.com,Display - Programmatic,retarget-display,false
L005298,2026-01-16 19:00:00,Peter,Iyer,peter.iyer@ferrous.com,ferrous.com,Display - Programmatic,retarget-display,false
L005299,2026-01-12 13:30:00,Ivo,Bergstrom,ivo.bergstrom@lumen.com,lumen.com,Display - Programmatic,retarget-display,false
L005300,2026-01-17 18:15:00,Beatriz,Horvat,beatriz.horvat@thornbury.com,thornbury.com,Display - Programmatic,retarget-display,false
L005301,2026-01-10 18:00:00,Kenji,Watanabe,kenji.watanabe@northwind.com,northwind.com,Display - Programmatic,retarget-display,false
L005302,2026-01-25 09:30:00,Alicia,Szabo,alicia.szabo@ember.com,ember.com,Display - Programmatic,contextual-b2b,false
L005303,2026-01-22 10:00:00,Alicia,Iyer,alicia.iyer@juniper.com,juniper.com,Display - Programmatic,contextual-b2b,false
L005304,2026-01-25 12:45:00,Peter,Nwosu,peter.nwosu@thornbury.com,thornbury.com,Display - Programmatic,retarget-display,false
L005305,2026-01-05 08:15:00,Renata,Pires,renata.pires@northwind.com,northwind.com,Display - Programmatic,retarget-display,false
L005306,2026-01-15 16:15:00,Ingrid,Vieira,ingrid.vieira@meridian.com,meridian.com,Display - Programmatic,retarget-display,false
L005307,2026-01-25 13:30:00,Peter,Bergstrom,peter.bergstrom@dovetail.com,dovetail.com,Display - Programmatic,retarget-display,false
L005308,2026-01-13 17:30:00,Tomas,Raghunathan,tomas.raghunathan@anvil.com,anvil.com,Display - Programmatic,retarget-display,false
L005309,2026-01-06 15:30:00,Beatriz,Byrne,beatriz.byrne@saltmarsh.com,saltmarsh.com,Display - Programmatic,retarget-display,true
L005310,2026-01-31 19:30:00,Priya,Whitfield,priya.whitfield@ember.com,ember.com,Display - Programmatic,retarget-display,false
L005311,2026-01-31 19:15:00,Mei,Byrne,mei.byrne@tessellate.com,tessellate.com,Display - Programmatic,contextual-b2b,false
L005312,2026-01-21 15:45:00,Mei,Almeida,mei.almeida@kestrel.com,kestrel.com,Display - Programmatic,retarget-display,false
L005313,2026-01-27 08:30:00,Alicia,Zhang,alicia.zhang@anvil.com,anvil.com,Display - Programmatic,contextual-b2b,false
L005314,2026-01-30 13:45:00,Jonas,Okonkwo,jonas.okonkwo@arclight.com,arclight.com,Display - Programmatic,retarget-display,false
L005315,2026-01-09 09:00:00,Mei,Pires,mei.pires@pinnacle.com,pinnacle.com,Display - Programmatic,contextual-b2b,false
L005316,2026-01-22 14:00:00,Noor,Szabo,noor.szabo@northwind.com,northwind.com,Display - Programmatic,retarget-display,false
L005317,2026-01-31 15:30:00,Rafael,Almeida,rafael.almeida@halcyon.com,halcyon.com,Display - Programmatic,contextual-b2b,false
L005318,2026-01-21 07:30:00,Malik,Aaltonen,malik.aaltonen@quillon.com,quillon.com,Display - Programmatic,retarget-display,false
L005319,2026-01-01 12:15:00,Marcus,Lindqvist,marcus.lindqvist@dovetail.com,dovetail.com,Display - Programmatic,retarget-display,false
L005320,2026-01-26 13:45:00,Arun,Szabo,arun.szabo@granitepeak.com,granitepeak.com,Display - Programmatic,retarget-display,false
L005321,2026-01-28 18:45:00,Jonas,Horvat,jonas.horvat@meridian.com,meridian.com,Display - Programmatic,contextual-b2b,true
L005322,2026-01-09 14:45:00,Ivo,Zhang,ivo.zhang@juniper.com,juniper.com,Display - Programmatic,retarget-display,false
L005323,2026-01-10 20:30:00,Malik,Mulvaney,malik.mulvaney@pinnacle.com,pinnacle.com,Display - Programmatic,retarget-display,false
L005324,2026-01-17 18:00:00,Omar,Watanabe,omar.watanabe@ridgeline.com,ridgeline.com,Display - Programmatic,retarget-display,false
L005325,2026-01-22 18:15:00,Arun,Mulvaney,arun.mulvaney@northwind.com,northwind.com,Display - Programmatic,contextual-b2b,false
L005326,2026-01-21 20:15:00,Yusuf,Krishnan,yusuf.krishnan@saltmarsh.com,saltmarsh.com,Display - Programmatic,contextual-b2b,false
L005327,2026-01-04 08:00:00,Grace,Castellanos,grace.castellanos@marlowe.com,marlowe.com,Display - Programmatic,contextual-b2b,false
L005328,2026-01-21 15:00:00,Darius,Iyer,darius.iyer@northwind.com,northwind.com,Display - Programmatic,contextual-b2b,false
L005329,2026-01-04 13:30:00,Hollis,Mulvaney,hollis.mulvaney@granitepeak.com,granitepeak.com,Display - Programmatic,contextual-b2b,false
L005330,2026-01-04 07:15:00,Tomas,Krishnan,tomas.krishnan@northwind.com,northwind.com,Display - Programmatic,retarget-display,false
L005331,2026-01-09 13:45:00,Alicia,Okonkwo,alicia.okonkwo@northwind.com,northwind.com,Display - Programmatic,retarget-display,false
L005332,2026-01-17 10:45:00,Priya,Krishnan,priya.krishnan@granitepeak.com,granitepeak.com,Display - Programmatic,retarget-display,false
L005333,2026-01-06 07:00:00,Rafael,Haddad,rafael.haddad@saltmarsh.com,saltmarsh.com,Display - Programmatic,retarget-display,false
L005334,2026-01-21 13:30:00,Marcus,Almeida,marcus.almeida@redwood.com,redwood.com,Display - Programmatic,contextual-b2b,false
L005335,2026-01-13 18:00:00,Margit,Demir,margit.demir@copperline.com,copperline.com,Display - Programmatic,retarget-display,false
L005336,2026-01-11 18:15:00,Peter,Grant,peter.grant@northwind.com,northwind.com,Display - Programmatic,contextual-b2b,false
L005337,2026-01-25 13:30:00,Beatriz,Castellanos,beatriz.castellanos@quillon.com,quillon.com,Display - Programmatic,retarget-display,false
L005338,2026-01-04 09:30:00,Marcus,Byrne,marcus.byrne@anvil.com,anvil.com,Display - Programmatic,retarget-display,false
L005339,2026-01-26 17:30:00,Ivo,Demir,ivo.demir@thornbury.com,thornbury.com,Paid Search - Brand,brand-exact,false
L005340,2026-01-21 20:15:00,Grace,Iyer,grace.iyer@solvent.com,solvent.com,Paid Search - Brand,brand-phrase,false
L005341,2026-01-12 15:15:00,Renata,Aaltonen,renata.aaltonen@ironwood.com,ironwood.com,Paid Search - Brand,brand-exact,false
L005342,2026-01-14 17:15:00,Elodie,Whitfield,elodie.whitfield@redwood.com,redwood.com,Paid Search - Brand,brand-phrase,true
L005343,2026-01-23 16:00:00,Rafael,Castellanos,rafael.castellanos@redwood.com,redwood.com,Paid Search - Brand,brand-exact,false
L005344,2026-01-20 07:00:00,Priya,Ferreira,priya.ferreira@cascade.com,cascade.com,Paid Search - Brand,brand-exact,false
L005345,2026-01-08 20:30:00,Cormac,Grant,cormac.grant@ember.com,ember.com,Paid Search - Brand,brand-exact,false
L005346,2026-01-13 11:45:00,Elodie,Novak,elodie.novak@nimbus.com,nimbus.com,Paid Search - Brand,brand-phrase,false
L005347,2026-01-29 13:45:00,Grace,Krishnan,grace.krishnan@dovetail.com,dovetail.com,Paid Search - Brand,brand-phrase,true
L005348,2026-01-31 10:15:00,Tomas,Castellanos,tomas.castellanos@solvent.com,solvent.com,Paid Search - Brand,brand-exact,false
L005349,2026-01-24 15:30:00,Elodie,Whitfield,elodie.whitfield@granitepeak.com,granitepeak.com,Paid Search - Brand,brand-phrase,false
L005350,2026-01-20 10:00:00,Siobhan,Mulvaney,siobhan.mulvaney@ferrous.com,ferrous.com,Paid Search - Brand,brand-exact,false
L005351,2026-01-01 07:00:00,Renata,Novak,renata.novak@thornbury.com,thornbury.com,Paid Search - Brand,brand-exact,false
L005352,2026-01-19 12:45:00,Omar,Pires,omar.pires@redwood.com,redwood.com,Paid Search - Brand,brand-phrase,false
L005353,2026-01-21 11:30:00,Margit,Doyle,margit.doyle@harborview.com,harborview.com,Paid Search - Brand,brand-exact,false
L005354,2026-01-15 16:30:00,Anaya,Iyer,anaya.iyer@juniper.com,juniper.com,Paid Search - Brand,brand-exact,false
L005355,2026-01-30 17:15:00,Beatriz,Pires,beatriz.pires@tessellate.com,tessellate.com,Paid Search - Brand,brand-phrase,false
L005356,2026-01-05 20:00:00,Anaya,Horvat,anaya.horvat@arclight.com,arclight.com,Paid Search - Brand,brand-exact,false
L005357,2026-01-22 18:15:00,Kenji,Haddad,kenji.haddad@quarry.com,quarry.com,Paid Search - Brand,brand-phrase,false
L005358,2026-01-17 16:45:00,Noor,Petrov,noor.petrov@copperline.com,copperline.com,Paid Search - Brand,brand-phrase,false
L005359,2026-01-23 08:30:00,Anaya,Ferreira,anaya.ferreira@halcyon.com,halcyon.com,Paid Search - Brand,brand-exact,false
L005360,2026-01-30 17:45:00,Yusuf,Lindqvist,yusuf.lindqvist@marlowe.com,marlowe.com,Paid Search - Brand,brand-exact,false
L005361,2026-01-08 18:15:00,Mei,Mulvaney,mei.mulvaney@granitepeak.com,granitepeak.com,Paid Search - Brand,brand-exact,false
L005362,2026-01-13 14:00:00,Priya,Iyer,priya.iyer@arclight.com,arclight.com,Paid Search - Brand,brand-exact,false
L005363,2026-01-05 08:15:00,Tomas,Moreau,tomas.moreau@brightpath.com,brightpath.com,Paid Search - Brand,brand-exact,true
L005364,2026-01-30 10:30:00,Siobhan,Whitfield,siobhan.whitfield@saltmarsh.com,saltmarsh.com,Paid Search - Brand,brand-phrase,false
L005365,2026-01-24 17:30:00,Darius,Nwosu,darius.nwosu@northwind.com,northwind.com,Paid Search - Brand,brand-exact,false
L005366,2026-01-20 10:00:00,Arun,Mulvaney,arun.mulvaney@meridian.com,meridian.com,Paid Search - Brand,brand-phrase,false
L005367,2026-01-15 13:45:00,Arun,Doyle,arun.doyle@anvil.com,anvil.com,Paid Search - Brand,brand-exact,true
L005368,2026-01-15 14:15:00,Marcus,Farrell,marcus.farrell@anvil.com,anvil.com,Paid Search - Brand,brand-phrase,false
L005369,2026-01-28 16:30:00,Ivo,Lindqvist,ivo.lindqvist@tessellate.com,tessellate.com,Paid Search - Brand,brand-exact,false
L005370,2026-01-21 17:45:00,Tomas,Szabo,tomas.szabo@quarry.com,quarry.com,Paid Search - Brand,brand-phrase,false
L005371,2026-01-10 12:30:00,Hollis,Mulvaney,hollis.mulvaney@harborview.com,harborview.com,Paid Search - Brand,brand-phrase,true
L005372,2026-01-20 10:00:00,Yusuf,Castellanos,yusuf.castellanos@northwind.com,northwind.com,Paid Search - Brand,brand-exact,false
L005373,2026-01-26 17:45:00,Noor,Castellanos,noor.castellanos@dovetail.com,dovetail.com,Paid Search - Brand,brand-phrase,false
L005374,2026-01-03 17:45:00,Estelle,Bergstrom,estelle.bergstrom@solvent.com,solvent.com,Paid Search - Brand,brand-exact,false
L005375,2026-01-12 07:00:00,Noor,Castellanos,noor.castellanos@nimbus.com,nimbus.com,Paid Search - Brand,brand-exact,true
L005376,2026-01-28 17:45:00,Noor,Demir,noor.demir@northwind.com,northwind.com,Paid Search - Brand,brand-phrase,false
L005377,2026-01-25 14:30:00,Elodie,Farrell,elodie.farrell@kestrel.com,kestrel.com,Paid Search - Brand,brand-phrase,false
L005378,2026-01-03 18:45:00,Tomas,Kavanagh,tomas.kavanagh@lumen.com,lumen.com,Paid Search - Brand,brand-exact,false
L005379,2026-01-19 14:15:00,Callum,Aaltonen,callum.aaltonen@tessellate.com,tessellate.com,Paid Search - Brand,brand-phrase,true
L005380,2026-01-02 09:30:00,Kenji,Byrne,kenji.byrne@quillon.com,quillon.com,Paid Search - Brand,brand-phrase,false
L005381,2026-01-02 16:45:00,Jonas,Krishnan,jonas.krishnan@solvent.com,solvent.com,Paid Search - Brand,brand-exact,false
L005382,2026-01-21 14:00:00,Margit,Doyle,margit.doyle@anvil.com,anvil.com,Paid Search - Brand,brand-phrase,true
L005383,2026-01-26 17:45:00,Marcus,Novak,marcus.novak@tessellate.com,tessellate.com,Paid Search - Brand,brand-exact,true
L005384,2026-01-19 07:30:00,Margit,Farrell,margit.farrell@saltmarsh.com,saltmarsh.com,Paid Search - Brand,brand-phrase,true
L005385,2026-01-10 08:15:00,Peter,Iyer,peter.iyer@arclight.com,arclight.com,Paid Search - Brand,brand-exact,false
L005386,2026-01-31 18:15:00,Margit,Moreau,margit.moreau@pinnacle.com,pinnacle.com,Paid Search - Brand,brand-phrase,false
L005387,2026-01-12 11:45:00,Elodie,Haddad,elodie.haddad@redwood.com,redwood.com,Paid Search - Brand,brand-exact,false
L005388,2026-01-05 11:45:00,Kenji,Castellanos,kenji.castellanos@ironwood.com,ironwood.com,Paid Search - Brand,brand-phrase,false
L005389,2026-01-04 08:45:00,Ingrid,Watanabe,ingrid.watanabe@solvent.com,solvent.com,Paid Search - Brand,brand-phrase,false
L005390,2026-01-18 12:15:00,Rafael,Moreau,rafael.moreau@meridian.com,meridian.com,Paid Search - Brand,brand-phrase,false
L005391,2026-01-15 15:30:00,Mei,Doyle,mei.doyle@kestrel.com,kestrel.com,Paid Search - Brand,brand-exact,false
L005392,2026-01-13 10:00:00,Ivo,Vieira,ivo.vieira@kestrel.com,kestrel.com,Paid Search - Brand,brand-exact,true
L005393,2026-01-17 07:45:00,Anaya,Watanabe,anaya.watanabe@ember.com,ember.com,Paid Social - Meta,prospecting-lal,false
L005394,2026-01-26 09:45:00,Margit,Watanabe,margit.watanabe@thornbury.com,thornbury.com,Paid Social - Meta,prospecting-lal,false
L005395,2026-01-15 07:00:00,Marcus,Szabo,marcus.szabo@pinnacle.com,pinnacle.com,Paid Social - Meta,prospecting-lal,false
L005396,2026-01-15 18:45:00,Kenji,Grant,kenji.grant@kestrel.com,kestrel.com,Paid Social - Meta,prospecting-lal,false
L005397,2026-01-13 15:45:00,Priya,Kavanagh,priya.kavanagh@pinnacle.com,pinnacle.com,Paid Social - Meta,lead-form-broad,false
L005398,2026-01-23 08:45:00,Rafael,Kavanagh,rafael.kavanagh@marlowe.com,marlowe.com,Paid Social - Meta,lead-form-broad,false
L005399,2026-01-16 20:00:00,Kenji,Raghunathan,kenji.raghunathan@dovetail.com,dovetail.com,Paid Social - Meta,lead-form-broad,false
L005400,2026-01-08 10:30:00,Malik,Vieira,malik.vieira@cascade.com,cascade.com,Paid Social - Meta,mofu-retarget,false
L005401,2026-01-25 13:15:00,Kenji,Okonkwo,kenji.okonkwo@dovetail.com,dovetail.com,Paid Social - Meta,prospecting-lal,false
L005402,2026-01-31 09:30:00,Peter,Ferreira,peter.ferreira@nimbus.com,nimbus.com,Paid Social - Meta,mofu-retarget,false
L005403,2026-01-01 14:15:00,Ivo,Nwosu,ivo.nwosu@tessellate.com,tessellate.com,Paid Social - Meta,lead-form-broad,false
L005404,2026-01-12 12:15:00,Arun,Castellanos,arun.castellanos@meridian.com,meridian.com,Paid Social - Meta,mofu-retarget,false
L005405,2026-01-20 18:45:00,Malik,Zhang,malik.zhang@cascade.com,cascade.com,Paid Social - Meta,lead-form-broad,false
L005406,2026-01-03 13:15:00,Yusuf,Aaltonen,yusuf.aaltonen@halcyon.com,halcyon.com,Paid Social - Meta,lead-form-broad,false
L005407,2026-01-17 09:45:00,Peter,Farrell,peter.farrell@juniper.com,juniper.com,Paid Social - Meta,lead-form-broad,false
L005408,2026-01-09 20:45:00,Ivo,Horvat,ivo.horvat@arclight.com,arclight.com,Paid Social - Meta,prospecting-lal,false
L005409,2026-01-07 08:45:00,Noor,Farrell,noor.farrell@granitepeak.com,granitepeak.com,Paid Social - Meta,lead-form-broad,false
L005410,2026-01-09 08:15:00,Kenji,Novak,kenji.novak@granitepeak.com,granitepeak.com,Paid Social - Meta,prospecting-lal,false
L005411,2026-01-20 10:15:00,Cormac,Nwosu,cormac.nwosu@nimbus.com,nimbus.com,Paid Social - Meta,prospecting-lal,false
L005412,2026-01-19 07:45:00,Beatriz,Raghunathan,beatriz.raghunathan@ridgeline.com,ridgeline.com,Paid Social - Meta,prospecting-lal,false
L005413,2026-01-25 07:30:00,Margit,Vieira,margit.vieira@anvil.com,anvil.com,Paid Social - Meta,mofu-retarget,false
L005414,2026-01-10 19:00:00,Beatriz,Lindqvist,beatriz.lindqvist@cascade.com,cascade.com,Paid Social - Meta,lead-form-broad,false
L005415,2026-01-23 14:15:00,Siobhan,Mulvaney,siobhan.mulvaney@ironwood.com,ironwood.com,Paid Social - Meta,mofu-retarget,false
L005416,2026-01-27 10:30:00,Malik,Moreau,malik.moreau@ferrous.com,ferrous.com,Paid Social - Meta,lead-form-broad,false
L005417,2026-01-08 12:15:00,Malik,Almeida,malik.almeida@foxglove.com,foxglove.com,Paid Social - Meta,lead-form-broad,false
L005418,2026-01-24 11:00:00,Elodie,Aaltonen,elodie.aaltonen@harborview.com,harborview.com,Paid Social - Meta,lead-form-broad,false
L005419,2026-01-31 17:15:00,Anaya,Haddad,anaya.haddad@dovetail.com,dovetail.com,Paid Social - Meta,mofu-retarget,false
L005420,2026-01-09 15:15:00,Mei,Mulvaney,mei.mulvaney@juniper.com,juniper.com,Paid Social - Meta,lead-form-broad,false
L005421,2026-01-13 14:30:00,Siobhan,Bahri,siobhan.bahri@pinnacle.com,pinnacle.com,Paid Social - Meta,prospecting-lal,false
L005422,2026-01-31 14:45:00,Ingrid,Farrell,ingrid.farrell@kestrel.com,kestrel.com,Paid Social - Meta,mofu-retarget,false
L005423,2026-01-02 17:30:00,Arun,Ferreira,arun.ferreira@solvent.com,solvent.com,Paid Social - Meta,prospecting-lal,false
L005424,2026-01-22 14:00:00,Ingrid,Demir,ingrid.demir@ridgeline.com,ridgeline.com,Paid Social - Meta,mofu-retarget,false
L005425,2026-01-17 11:30:00,Adeola,Whitfield,adeola.whitfield@juniper.com,juniper.com,Paid Social - Meta,mofu-retarget,false
L005426,2026-01-08 16:15:00,Darius,Haddad,darius.haddad@halcyon.com,halcyon.com,Paid Social - Meta,mofu-retarget,false
L005427,2026-01-13 11:00:00,Grace,Farrell,grace.farrell@dovetail.com,dovetail.com,Paid Social - Meta,prospecting-lal,false
L005428,2026-01-30 16:45:00,Alicia,Byrne,alicia.byrne@ember.com,ember.com,Paid Social - Meta,mofu-retarget,false
L005429,2026-01-05 17:15:00,Ingrid,Iyer,ingrid.iyer@pinnacle.com,pinnacle.com,Paid Social - Meta,mofu-retarget,false
L005430,2026-01-05 09:15:00,Adeola,Ferreira,adeola.ferreira@harborview.com,harborview.com,Paid Social - Meta,mofu-retarget,false
L005431,2026-01-26 20:00:00,Renata,Iyer,renata.iyer@pinnacle.com,pinnacle.com,Paid Social - Meta,lead-form-broad,false
L005432,2026-01-03 08:00:00,Beatriz,Demir,beatriz.demir@granitepeak.com,granitepeak.com,Paid Social - Meta,prospecting-lal,false
L005433,2026-01-22 10:00:00,Callum,Almeida,callum.almeida@quillon.com,quillon.com,Paid Social - Meta,prospecting-lal,false
L005434,2026-01-26 07:45:00,Mei,Novak,mei.novak@ferrous.com,ferrous.com,Paid Social - Meta,lead-form-broad,false
L005435,2026-01-19 10:30:00,Margit,Demir,margit.demir@ember.com,ember.com,Paid Social - Meta,prospecting-lal,false
L005436,2026-01-02 19:45:00,Malik,Whitfield,malik.whitfield@nimbus.com,nimbus.com,Paid Social - Meta,prospecting-lal,false
L005437,2026-01-01 07:15:00,Mei,Grant,mei.grant@brightpath.com,brightpath.com,Paid Social - Meta,mofu-retarget,false
L005438,2026-01-01 18:30:00,Marcus,Vieira,marcus.vieira@juniper.com,juniper.com,Paid Social - Meta,lead-form-broad,false
L005439,2026-01-29 20:45:00,Ingrid,Novak,ingrid.novak@lumen.com,lumen.com,Paid Social - Meta,mofu-retarget,false
L005440,2026-01-17 20:45:00,Beatriz,Farrell,beatriz.farrell@brightpath.com,brightpath.com,Paid Social - Meta,lead-form-broad,false
L005441,2026-01-23 20:45:00,Margit,Kavanagh,margit.kavanagh@arclight.com,arclight.com,Paid Social - Meta,prospecting-lal,false
L005442,2026-01-22 20:45:00,Adeola,Moreau,adeola.moreau@harborview.com,harborview.com,Paid Social - Meta,lead-form-broad,false
L005443,2026-01-11 14:15:00,Siobhan,Byrne,siobhan.byrne@anvil.com,anvil.com,Paid Social - Meta,prospecting-lal,false
L005444,2026-01-19 10:15:00,Adeola,Demir,adeola.demir@granitepeak.com,granitepeak.com,Paid Social - Meta,mofu-retarget,false
L005445,2026-01-24 13:30:00,Alicia,Nwosu,alicia.nwosu@meridian.com,meridian.com,Paid Social - Meta,mofu-retarget,false
L005446,2026-01-04 19:30:00,Hollis,Szabo,hollis.szabo@ferrous.com,ferrous.com,Paid Social - Meta,prospecting-lal,false
L005447,2026-01-13 20:45:00,Marcus,Haddad,marcus.haddad@quillon.com,quillon.com,Paid Social - Meta,mofu-retarget,false
L005448,2026-01-27 07:45:00,Elodie,Almeida,elodie.almeida@ridgeline.com,ridgeline.com,Paid Social - Meta,prospecting-lal,false
L005449,2026-01-21 13:15:00,Rafael,Krishnan,rafael.krishnan@ferrous.com,ferrous.com,Paid Social - Meta,prospecting-lal,false
L005450,2026-01-13 12:45:00,Mei,Okonkwo,mei.okonkwo@foxglove.com,foxglove.com,Paid Social - Meta,lead-form-broad,false
L005451,2026-01-03 14:30:00,Marcus,Nwosu,marcus.nwosu@tessellate.com,tessellate.com,Paid Social - Meta,mofu-retarget,false
L005452,2026-01-13 12:30:00,Callum,Almeida,callum.almeida@granitepeak.com,granitepeak.com,Paid Social - Meta,prospecting-lal,false
L005453,2026-01-22 18:15:00,Lena,Petrov,lena.petrov@pinnacle.com,pinnacle.com,Paid Social - Meta,lead-form-broad,false
L005454,2026-01-17 15:00:00,Ingrid,Moreau,ingrid.moreau@quillon.com,quillon.com,Paid Social - Meta,lead-form-broad,false
L005455,2026-01-30 16:15:00,Peter,Horvat,peter.horvat@juniper.com,juniper.com,Paid Social - Meta,prospecting-lal,false
L005456,2026-01-28 13:00:00,Grace,Pires,grace.pires@juniper.com,juniper.com,Paid Social - Meta,prospecting-lal,false
L005457,2026-01-15 11:15:00,Grace,Novak,grace.novak@redwood.com,redwood.com,Paid Social - Meta,mofu-retarget,true
L005458,2026-01-14 08:45:00,Renata,Pires,renata.pires@juniper.com,juniper.com,Paid Social - Meta,mofu-retarget,false
L005459,2026-01-25 16:30:00,Hollis,Petrov,hollis.petrov@lumen.com,lumen.com,Paid Social - Meta,mofu-retarget,false
L005460,2026-01-17 12:15:00,Alicia,Doyle,alicia.doyle@ridgeline.com,ridgeline.com,Paid Social - Meta,mofu-retarget,false
L005461,2026-01-30 10:15:00,Margit,Demir,margit.demir@pinnacle.com,pinnacle.com,Paid Social - Meta,mofu-retarget,false
L005462,2026-01-20 08:45:00,Mei,Grant,mei.grant@brightpath.com,brightpath.com,Paid Social - Meta,mofu-retarget,false
L005463,2026-01-16 13:15:00,Elodie,Aaltonen,elodie.aaltonen@meridian.com,meridian.com,Paid Social - Meta,lead-form-broad,false
L005464,2026-01-31 14:45:00,Mei,Pires,mei.pires@marlowe.com,marlowe.com,Paid Social - Meta,lead-form-broad,false
L005465,2026-01-10 08:00:00,Grace,Aaltonen,grace.aaltonen@halcyon.com,halcyon.com,Paid Social - Meta,prospecting-lal,false
L005466,2026-01-07 15:15:00,Noor,Watanabe,noor.watanabe@halcyon.com,halcyon.com,Paid Social - Meta,mofu-retarget,false
L005467,2026-01-09 16:00:00,Anaya,Aaltonen,anaya.aaltonen@quarry.com,quarry.com,Paid Social - Meta,prospecting-lal,false
L005468,2026-01-06 10:30:00,Kenji,Szabo,kenji.szabo@ferrous.com,ferrous.com,Paid Social - Meta,prospecting-lal,false
L005469,2026-01-22 09:45:00,Siobhan,Mulvaney,siobhan.mulvaney@redwood.com,redwood.com,Paid Social - Meta,lead-form-broad,false
L005470,2026-01-29 20:00:00,Cormac,Demir,cormac.demir@tessellate.com,tessellate.com,Paid Social - Meta,lead-form-broad,true
L005471,2026-01-18 10:15:00,Elodie,Ferreira,elodie.ferreira@northwind.com,northwind.com,Paid Social - Meta,mofu-retarget,false
L005472,2026-01-29 12:00:00,Elodie,Raghunathan,elodie.raghunathan@thornbury.com,thornbury.com,Paid Social - Meta,prospecting-lal,false
L005473,2026-01-09 11:45:00,Adeola,Whitfield,adeola.whitfield@quarry.com,quarry.com,Paid Social - Meta,prospecting-lal,false
L005474,2026-01-12 13:45:00,Alicia,Mulvaney,alicia.mulvaney@tessellate.com,tessellate.com,Paid Social - Meta,mofu-retarget,false
L005475,2026-01-31 09:00:00,Kenji,Nwosu,kenji.nwosu@brightpath.com,brightpath.com,Paid Social - Meta,prospecting-lal,false
L005476,2026-01-10 15:45:00,Jonas,Farrell,jonas.farrell@ferrous.com,ferrous.com,Paid Social - Meta,mofu-retarget,false
L005477,2026-01-07 12:00:00,Rafael,Szabo,rafael.szabo@anvil.com,anvil.com,Paid Social - Meta,prospecting-lal,false
L005478,2026-01-06 11:15:00,Tomas,Castellanos,tomas.castellanos@northwind.com,northwind.com,Paid Social - Meta,mofu-retarget,false
L005479,2026-01-12 09:15:00,Malik,Mulvaney,malik.mulvaney@cascade.com,cascade.com,Paid Social - Meta,mofu-retarget,false
L005480,2026-01-16 19:30:00,Renata,Vieira,renata.vieira@foxglove.com,foxglove.com,Paid Social - Meta,mofu-retarget,false
L005481,2026-01-25 12:30:00,Ivo,Moreau,ivo.moreau@anvil.com,anvil.com,Paid Social - Meta,lead-form-broad,false
L005482,2026-01-24 12:30:00,Darius,Mulvaney,darius.mulvaney@foxglove.com,foxglove.com,Paid Social - Meta,mofu-retarget,false
L005483,2026-01-27 08:15:00,Estelle,Vieira,estelle.vieira@nimbus.com,nimbus.com,Paid Social - Meta,mofu-retarget,false
L005484,2026-01-14 17:30:00,Malik,Haddad,malik.haddad@anvil.com,anvil.com,Paid Social - Meta,mofu-retarget,false
L005485,2026-01-31 15:00:00,Beatriz,Aaltonen,beatriz.aaltonen@tessellate.com,tessellate.com,Paid Social - Meta,prospecting-lal,false
L005486,2026-01-12 12:45:00,Priya,Novak,priya.novak@ember.com,ember.com,Paid Social - Meta,prospecting-lal,false
L005487,2026-01-09 11:30:00,Mei,Moreau,mei.moreau@cascade.com,cascade.com,Paid Social - Meta,lead-form-broad,false
L005488,2026-01-22 19:15:00,Marcus,Raghunathan,marcus.raghunathan@arclight.com,arclight.com,Paid Social - Meta,lead-form-broad,false
L005489,2026-01-30 17:00:00,Jonas,Mulvaney,jonas.mulvaney@redwood.com,redwood.com,Paid Social - Meta,lead-form-broad,false
L005490,2026-01-27 17:45:00,Yusuf,Zhang,yusuf.zhang@marlowe.com,marlowe.com,Paid Social - Meta,prospecting-lal,false
L005491,2026-01-30 16:00:00,Hollis,Nwosu,hollis.nwosu@quarry.com,quarry.com,Paid Social - Meta,mofu-retarget,false
L005492,2026-01-08 13:45:00,Lena,Petrov,lena.petrov@saltmarsh.com,saltmarsh.com,Paid Social - Meta,lead-form-broad,false
L005493,2026-01-15 19:00:00,Cormac,Ferreira,cormac.ferreira@harborview.com,harborview.com,Paid Social - Meta,prospecting-lal,false
L005494,2026-01-22 14:00:00,Ivo,Farrell,ivo.farrell@anvil.com,anvil.com,Paid Social - Meta,lead-form-broad,false
L005495,2026-01-31 18:45:00,Anaya,Raghunathan,anaya.raghunathan@tessellate.com,tessellate.com,Paid Social - Meta,prospecting-lal,false
L005496,2026-01-07 19:00:00,Adeola,Moreau,adeola.moreau@ember.com,ember.com,Paid Social - Meta,prospecting-lal,false
L005497,2026-01-20 18:15:00,Siobhan,Mulvaney,siobhan.mulvaney@granitepeak.com,granitepeak.com,Paid Social - Meta,prospecting-lal,false
L005498,2026-01-01 15:00:00,Tomas,Nwosu,tomas.nwosu@northwind.com,northwind.com,Paid Social - Meta,prospecting-lal,false
L005499,2026-01-02 08:00:00,Noor,Novak,noor.novak@oakhurst.com,oakhurst.com,Paid Social - Meta,lead-form-broad,false
L005500,2026-01-05 12:00:00,Marcus,Doyle,marcus.doyle@foxglove.com,foxglove.com,Paid Social - Meta,lead-form-broad,false
L005501,2026-01-03 13:45:00,Callum,Aaltonen,callum.aaltonen@lumen.com,lumen.com,Paid Social - Meta,lead-form-broad,false
L005502,2026-01-03 09:30:00,Callum,Haddad,callum.haddad@thornbury.com,thornbury.com,Paid Social - Meta,lead-form-broad,false
L005503,2026-01-02 18:15:00,Kenji,Castellanos,kenji.castellanos@ridgeline.com,ridgeline.com,Paid Social - Meta,lead-form-broad,false
L005504,2026-01-26 08:15:00,Adeola,Bahri,adeola.bahri@ferrous.com,ferrous.com,Paid Social - Meta,prospecting-lal,false
L005505,2026-01-24 16:45:00,Yusuf,Whitfield,yusuf.whitfield@copperline.com,copperline.com,Paid Social - Meta,mofu-retarget,false
L005506,2026-01-05 09:00:00,Yusuf,Castellanos,yusuf.castellanos@arclight.com,arclight.com,Paid Social - Meta,mofu-retarget,false
L005507,2026-01-08 14:00:00,Malik,Petrov,malik.petrov@northwind.com,northwind.com,Paid Social - Meta,lead-form-broad,false
L005508,2026-01-27 14:00:00,Tomas,Szabo,tomas.szabo@oakhurst.com,oakhurst.com,Paid Social - Meta,mofu-retarget,false
L005509,2026-01-22 19:00:00,Kenji,Bergstrom,kenji.bergstrom@saltmarsh.com,saltmarsh.com,Paid Social - Meta,mofu-retarget,false
L005510,2026-01-06 10:30:00,Marcus,Petrov,marcus.petrov@tessellate.com,tessellate.com,Paid Social - Meta,mofu-retarget,false
L005511,2026-01-07 19:15:00,Tomas,Almeida,tomas.almeida@tessellate.com,tessellate.com,Paid Social - Meta,prospecting-lal,false
L005512,2026-01-06 16:30:00,Marcus,Haddad,marcus.haddad@granitepeak.com,granitepeak.com,Paid Social - Meta,prospecting-lal,false
L005513,2026-01-19 15:30:00,Jonas,Whitfield,jonas.whitfield@quillon.com,quillon.com,Paid Social - Meta,lead-form-broad,false
L005514,2026-01-14 12:45:00,Kenji,Iyer,kenji.iyer@granitepeak.com,granitepeak.com,Paid Social - Meta,lead-form-broad,false
L005515,2026-01-24 20:15:00,Cormac,Pires,cormac.pires@halcyon.com,halcyon.com,Paid Social - Meta,lead-form-broad,false
L005516,2026-01-21 10:45:00,Rafael,Moreau,rafael.moreau@foxglove.com,foxglove.com,Paid Social - Meta,lead-form-broad,false
L005517,2026-01-04 12:30:00,Rafael,Vieira,rafael.vieira@northwind.com,northwind.com,Paid Social - Meta,prospecting-lal,false
L005518,2026-01-08 08:45:00,Beatriz,Byrne,beatriz.byrne@ember.com,ember.com,Paid Social - Meta,lead-form-broad,false
L005519,2026-01-16 19:45:00,Ivo,Grant,ivo.grant@thornbury.com,thornbury.com,Paid Social - Meta,mofu-retarget,false
L005520,2026-01-19 10:45:00,Ingrid,Horvat,ingrid.horvat@northwind.com,northwind.com,Paid Social - Meta,prospecting-lal,false
L005521,2026-01-01 07:15:00,Priya,Haddad,priya.haddad@copperline.com,copperline.com,Paid Social - Meta,lead-form-broad,false
L005522,2026-01-22 18:15:00,Tomas,Almeida,tomas.almeida@saltmarsh.com,saltmarsh.com,Paid Social - Meta,prospecting-lal,true
L005523,2026-01-27 16:45:00,Callum,Farrell,callum.farrell@granitepeak.com,granitepeak.com,Paid Social - Meta,mofu-retarget,false
L005524,2026-01-05 10:30:00,Mei,Demir,mei.demir@kestrel.com,kestrel.com,Paid Social - Meta,lead-form-broad,false
L005525,2026-01-05 09:45:00,Renata,Petrov,renata.petrov@copperline.com,copperline.com,Paid Social - Meta,mofu-retarget,false
L005526,2026-01-17 15:30:00,Noor,Watanabe,noor.watanabe@northwind.com,northwind.com,Paid Social - Meta,lead-form-broad,false
L005527,2026-01-31 13:30:00,Kenji,Szabo,kenji.szabo@cascade.com,cascade.com,Paid Social - Meta,mofu-retarget,false
L005528,2026-01-07 11:45:00,Renata,Byrne,renata.byrne@halcyon.com,halcyon.com,Paid Social - Meta,lead-form-broad,false
L005529,2026-01-14 13:00:00,Renata,Okonkwo,renata.okonkwo@thornbury.com,thornbury.com,Paid Social - Meta,prospecting-lal,false
L005530,2026-01-25 13:30:00,Ingrid,Szabo,ingrid.szabo@juniper.com,juniper.com,Paid Social - Meta,mofu-retarget,false
L005531,2026-01-05 12:15:00,Rafael,Moreau,rafael.moreau@ember.com,ember.com,Paid Social - Meta,lead-form-broad,false
L005532,2026-01-20 20:30:00,Cormac,Castellanos,cormac.castellanos@ferrous.com,ferrous.com,Paid Social - Meta,mofu-retarget,false
L005533,2026-01-22 17:45:00,Marcus,Okonkwo,marcus.okonkwo@juniper.com,juniper.com,Paid Social - Meta,mofu-retarget,false
L005534,2026-01-15 17:45:00,Cormac,Almeida,cormac.almeida@ironwood.com,ironwood.com,Paid Social - Meta,lead-form-broad,false
L005535,2026-01-12 10:30:00,Omar,Haddad,omar.haddad@northwind.com,northwind.com,Paid Social - Meta,mofu-retarget,false
L005536,2026-01-23 16:15:00,Peter,Demir,peter.demir@brightpath.com,brightpath.com,Paid Social - Meta,mofu-retarget,false
L005537,2026-01-22 08:45:00,Renata,Bahri,renata.bahri@quillon.com,quillon.com,Paid Social - Meta,mofu-retarget,false
L005538,2026-01-05 08:45:00,Beatriz,Moreau,beatriz.moreau@foxglove.com,foxglove.com,Paid Social - Meta,prospecting-lal,false
L005539,2026-01-11 18:45:00,Renata,Vieira,renata.vieira@saltmarsh.com,saltmarsh.com,Paid Social - Meta,lead-form-broad,false
L005540,2026-01-01 11:30:00,Priya,Demir,priya.demir@juniper.com,juniper.com,Paid Social - Meta,prospecting-lal,false
L005541,2026-01-11 09:30:00,Alicia,Byrne,alicia.byrne@kestrel.com,kestrel.com,Paid Social - Meta,prospecting-lal,false
L005542,2026-01-09 12:00:00,Darius,Zhang,darius.zhang@thornbury.com,thornbury.com,Paid Social - Meta,lead-form-broad,false
L005543,2026-01-18 13:15:00,Peter,Grant,peter.grant@foxglove.com,foxglove.com,Paid Social - Meta,prospecting-lal,false
L005544,2026-01-29 17:00:00,Darius,Novak,darius.novak@meridian.com,meridian.com,Paid Social - Meta,lead-form-broad,false
L005545,2026-01-03 09:45:00,Adeola,Haddad,adeola.haddad@brightpath.com,brightpath.com,Paid Social - Meta,prospecting-lal,false
L005546,2026-01-13 11:45:00,Hollis,Bahri,hollis.bahri@pinnacle.com,pinnacle.com,Paid Social - Meta,lead-form-broad,false
L005547,2026-01-01 14:00:00,Rafael,Watanabe,rafael.watanabe@halcyon.com,halcyon.com,Paid Social - Meta,lead-form-broad,false
L005548,2026-01-25 20:15:00,Anaya,Moreau,anaya.moreau@marlowe.com,marlowe.com,Paid Social - Meta,mofu-retarget,false
L005549,2026-01-25 11:45:00,Tomas,Demir,tomas.demir@juniper.com,juniper.com,Paid Social - Meta,lead-form-broad,false
L005550,2026-01-26 18:00:00,Kenji,Novak,kenji.novak@copperline.com,copperline.com,Paid Social - Meta,lead-form-broad,false
L005551,2026-01-30 16:00:00,Renata,Nwosu,renata.nwosu@foxglove.com,foxglove.com,Paid Social - Meta,prospecting-lal,false
L005552,2026-01-05 17:45:00,Tomas,Doyle,tomas.doyle@lumen.com,lumen.com,Paid Social - Meta,mofu-retarget,false
L005553,2026-01-13 07:15:00,Arun,Krishnan,arun.krishnan@kestrel.com,kestrel.com,Paid Social - Meta,mofu-retarget,false
L005554,2026-01-11 15:00:00,Arun,Pires,arun.pires@granitepeak.com,granitepeak.com,Paid Social - Meta,mofu-retarget,false
L005555,2026-01-15 18:30:00,Ingrid,Kavanagh,ingrid.kavanagh@brightpath.com,brightpath.com,Paid Search - Non-Brand,solution-terms,false
L005556,2026-01-01 07:00:00,Yusuf,Lindqvist,yusuf.lindqvist@ironwood.com,ironwood.com,Paid Search - Non-Brand,competitor-terms,false
L005557,2026-01-13 19:45:00,Arun,Petrov,arun.petrov@foxglove.com,foxglove.com,Paid Search - Non-Brand,competitor-terms,false
L005558,2026-01-20 09:30:00,Priya,Kavanagh,priya.kavanagh@harborview.com,harborview.com,Paid Search - Non-Brand,category-terms,false
L005559,2026-01-15 10:30:00,Kenji,Ferreira,kenji.ferreira@ember.com,ember.com,Paid Search - Non-Brand,competitor-terms,true
L005560,2026-01-24 07:00:00,Rafael,Bahri,rafael.bahri@nimbus.com,nimbus.com,Paid Search - Non-Brand,solution-terms,false
L005561,2026-01-22 10:15:00,Darius,Doyle,darius.doyle@copperline.com,copperline.com,Paid Search - Non-Brand,category-terms,false
L005562,2026-01-01 14:45:00,Adeola,Watanabe,adeola.watanabe@meridian.com,meridian.com,Paid Search - Non-Brand,solution-terms,false
L005563,2026-01-18 16:45:00,Siobhan,Whitfield,siobhan.whitfield@ember.com,ember.com,Paid Search - Non-Brand,solution-terms,false
L005564,2026-01-15 07:00:00,Tomas,Demir,tomas.demir@meridian.com,meridian.com,Paid Search - Non-Brand,category-terms,false
L005565,2026-01-11 18:15:00,Adeola,Bergstrom,adeola.bergstrom@pinnacle.com,pinnacle.com,Paid Search - Non-Brand,competitor-terms,true
L005566,2026-01-20 13:15:00,Tomas,Byrne,tomas.byrne@dovetail.com,dovetail.com,Paid Search - Non-Brand,solution-terms,false
L005567,2026-01-04 18:15:00,Jonas,Vieira,jonas.vieira@kestrel.com,kestrel.com,Paid Search - Non-Brand,solution-terms,false
L005568,2026-01-05 09:00:00,Anaya,Ferreira,anaya.ferreira@granitepeak.com,granitepeak.com,Paid Search - Non-Brand,category-terms,false
L005569,2026-01-26 11:00:00,Tomas,Grant,tomas.grant@halcyon.com,halcyon.com,Paid Search - Non-Brand,solution-terms,false
L005570,2026-01-03 11:00:00,Yusuf,Bergstrom,yusuf.bergstrom@juniper.com,juniper.com,Paid Search - Non-Brand,solution-terms,false
L005571,2026-01-19 10:45:00,Elodie,Krishnan,elodie.krishnan@quillon.com,quillon.com,Paid Search - Non-Brand,solution-terms,false
L005572,2026-01-21 19:15:00,Siobhan,Pires,siobhan.pires@ember.com,ember.com,Paid Search - Non-Brand,category-terms,false
L005573,2026-01-15 13:15:00,Darius,Haddad,darius.haddad@lumen.com,lumen.com,Paid Search - Non-Brand,category-terms,false
L005574,2026-01-28 12:45:00,Darius,Almeida,darius.almeida@foxglove.com,foxglove.com,Paid Search - Non-Brand,competitor-terms,false
L005575,2026-01-10 10:00:00,Callum,Raghunathan,callum.raghunathan@redwood.com,redwood.com,Paid Search - Non-Brand,solution-terms,false
L005576,2026-01-01 11:45:00,Rafael,Petrov,rafael.petrov@ferrous.com,ferrous.com,Paid Search - Non-Brand,solution-terms,false
L005577,2026-01-06 13:00:00,Adeola,Zhang,adeola.zhang@brightpath.com,brightpath.com,Paid Search - Non-Brand,solution-terms,false
L005578,2026-01-16 11:15:00,Kenji,Whitfield,kenji.whitfield@meridian.com,meridian.com,Paid Search - Non-Brand,competitor-terms,false
L005579,2026-01-12 12:00:00,Renata,Demir,renata.demir@saltmarsh.com,saltmarsh.com,Paid Search - Non-Brand,competitor-terms,false
L005580,2026-01-08 17:45:00,Darius,Szabo,darius.szabo@nimbus.com,nimbus.com,Paid Search - Non-Brand,competitor-terms,false
L005581,2026-01-20 19:30:00,Hollis,Horvat,hollis.horvat@saltmarsh.com,saltmarsh.com,Paid Search - Non-Brand,solution-terms,false
L005582,2026-01-21 11:00:00,Siobhan,Novak,siobhan.novak@ironwood.com,ironwood.com,Paid Search - Non-Brand,category-terms,false
L005583,2026-01-07 08:30:00,Ivo,Farrell,ivo.farrell@ferrous.com,ferrous.com,Paid Search - Non-Brand,category-terms,false
L005584,2026-01-26 17:15:00,Grace,Doyle,grace.doyle@ironwood.com,ironwood.com,Paid Search - Non-Brand,competitor-terms,false
L005585,2026-01-01 20:45:00,Omar,Kavanagh,omar.kavanagh@thornbury.com,thornbury.com,Paid Search - Non-Brand,competitor-terms,false
L005586,2026-01-08 11:45:00,Peter,Szabo,peter.szabo@saltmarsh.com,saltmarsh.com,Paid Search - Non-Brand,competitor-terms,false
L005587,2026-01-17 19:15:00,Yusuf,Doyle,yusuf.doyle@halcyon.com,halcyon.com,Paid Search - Non-Brand,solution-terms,false
L005588,2026-01-12 09:15:00,Omar,Moreau,omar.moreau@northwind.com,northwind.com,Paid Search - Non-Brand,solution-terms,false
L005589,2026-01-03 12:45:00,Jonas,Petrov,jonas.petrov@northwind.com,northwind.com,Paid Search - Non-Brand,solution-terms,true
L005590,2026-01-04 10:15:00,Ingrid,Pires,ingrid.pires@cascade.com,cascade.com,Paid Search - Non-Brand,category-terms,false
L005591,2026-01-03 13:15:00,Rafael,Byrne,rafael.byrne@brightpath.com,brightpath.com,Paid Search - Non-Brand,solution-terms,false
L005592,2026-01-04 20:00:00,Estelle,Watanabe,estelle.watanabe@lumen.com,lumen.com,Paid Search - Non-Brand,competitor-terms,false
L005593,2026-01-01 20:45:00,Alicia,Demir,alicia.demir@nimbus.com,nimbus.com,Paid Search - Non-Brand,category-terms,false
L005594,2026-01-16 16:15:00,Marcus,Lindqvist,marcus.lindqvist@ridgeline.com,ridgeline.com,Paid Search - Non-Brand,category-terms,false
L005595,2026-01-28 07:00:00,Callum,Nwosu,callum.nwosu@thornbury.com,thornbury.com,Paid Search - Non-Brand,competitor-terms,false
L005596,2026-01-03 07:30:00,Jonas,Demir,jonas.demir@cascade.com,cascade.com,Paid Search - Non-Brand,solution-terms,false
L005597,2026-01-18 15:00:00,Beatriz,Szabo,beatriz.szabo@tessellate.com,tessellate.com,Paid Search - Non-Brand,solution-terms,false
L005598,2026-01-14 11:15:00,Yusuf,Nwosu,yusuf.nwosu@dovetail.com,dovetail.com,Paid Search - Non-Brand,competitor-terms,false
L005599,2026-01-11 17:45:00,Tomas,Lindqvist,tomas.lindqvist@copperline.com,copperline.com,Paid Search - Non-Brand,solution-terms,false
L005600,2026-01-11 19:45:00,Hollis,Haddad,hollis.haddad@oakhurst.com,oakhurst.com,Paid Search - Non-Brand,solution-terms,false
L005601,2026-01-05 09:15:00,Ivo,Okonkwo,ivo.okonkwo@marlowe.com,marlowe.com,Paid Search - Non-Brand,competitor-terms,true
L005602,2026-01-22 19:15:00,Jonas,Ferreira,jonas.ferreira@lumen.com,lumen.com,Paid Search - Non-Brand,category-terms,false
L005603,2026-01-13 14:15:00,Hollis,Szabo,hollis.szabo@ridgeline.com,ridgeline.com,Paid Search - Non-Brand,solution-terms,false
L005604,2026-01-30 16:45:00,Ivo,Szabo,ivo.szabo@cascade.com,cascade.com,Paid Search - Non-Brand,solution-terms,false
L005605,2026-01-07 11:15:00,Lena,Iyer,lena.iyer@meridian.com,meridian.com,Paid Search - Non-Brand,category-terms,false
L005606,2026-01-28 12:00:00,Alicia,Mulvaney,alicia.mulvaney@foxglove.com,foxglove.com,Paid Search - Non-Brand,solution-terms,false
L005607,2026-01-31 14:30:00,Marcus,Mulvaney,marcus.mulvaney@kestrel.com,kestrel.com,Paid Search - Non-Brand,category-terms,false
L005608,2026-01-08 07:00:00,Peter,Castellanos,peter.castellanos@cascade.com,cascade.com,Paid Search - Non-Brand,solution-terms,false
L005609,2026-01-26 12:30:00,Siobhan,Doyle,siobhan.doyle@kestrel.com,kestrel.com,Paid Search - Non-Brand,category-terms,true
L005610,2026-01-11 07:00:00,Anaya,Okonkwo,anaya.okonkwo@ridgeline.com,ridgeline.com,Paid Search - Non-Brand,category-terms,false
L005611,2026-01-18 12:00:00,Cormac,Demir,cormac.demir@quillon.com,quillon.com,Paid Search - Non-Brand,category-terms,false
L005612,2026-01-18 10:30:00,Darius,Farrell,darius.farrell@kestrel.com,kestrel.com,Paid Social - LinkedIn,jobtitle-targeting,false
L005613,2026-01-25 14:30:00,Tomas,Krishnan,tomas.krishnan@nimbus.com,nimbus.com,Paid Social - LinkedIn,jobtitle-targeting,false
L005614,2026-01-18 13:45:00,Omar,Byrne,omar.byrne@ironwood.com,ironwood.com,Paid Social - LinkedIn,jobtitle-targeting,false
L005615,2026-01-19 14:00:00,Alicia,Raghunathan,alicia.raghunathan@cascade.com,cascade.com,Paid Social - LinkedIn,jobtitle-targeting,true
L005616,2026-01-11 10:45:00,Peter,Pires,peter.pires@nimbus.com,nimbus.com,Paid Social - LinkedIn,abm-tier1,false
L005617,2026-01-23 08:45:00,Estelle,Whitfield,estelle.whitfield@halcyon.com,halcyon.com,Paid Social - LinkedIn,jobtitle-targeting,false
L005618,2026-01-28 16:45:00,Kenji,Demir,kenji.demir@brightpath.com,brightpath.com,Paid Social - LinkedIn,content-download,false
L005619,2026-01-17 18:15:00,Margit,Lindqvist,margit.lindqvist@ember.com,ember.com,Paid Social - LinkedIn,abm-tier1,false
L005620,2026-01-09 07:00:00,Arun,Petrov,arun.petrov@copperline.com,copperline.com,Paid Social - LinkedIn,abm-tier1,false
L005621,2026-01-18 13:30:00,Elodie,Novak,elodie.novak@meridian.com,meridian.com,Paid Social - LinkedIn,content-download,false
L005622,2026-01-01 14:00:00,Cormac,Farrell,cormac.farrell@copperline.com,copperline.com,Paid Social - LinkedIn,jobtitle-targeting,false
L005623,2026-01-19 14:00:00,Jonas,Krishnan,jonas.krishnan@anvil.com,anvil.com,Paid Social - LinkedIn,abm-tier1,false
L005624,2026-01-01 14:15:00,Yusuf,Iyer,yusuf.iyer@quarry.com,quarry.com,Paid Social - LinkedIn,abm-tier1,false
L005625,2026-01-31 13:00:00,Estelle,Haddad,estelle.haddad@quillon.com,quillon.com,Paid Social - LinkedIn,abm-tier1,false
L005626,2026-01-30 09:15:00,Renata,Horvat,renata.horvat@marlowe.com,marlowe.com,Paid Social - LinkedIn,jobtitle-targeting,false
L005627,2026-01-27 07:45:00,Malik,Almeida,malik.almeida@ember.com,ember.com,Paid Social - LinkedIn,content-download,false
L005628,2026-01-07 19:45:00,Estelle,Lindqvist,estelle.lindqvist@granitepeak.com,granitepeak.com,Paid Social - LinkedIn,abm-tier1,false
L005629,2026-01-25 15:45:00,Noor,Pires,noor.pires@thornbury.com,thornbury.com,Paid Social - LinkedIn,jobtitle-targeting,false
L005630,2026-01-20 08:15:00,Cormac,Lindqvist,cormac.lindqvist@granitepeak.com,granitepeak.com,Paid Social - LinkedIn,abm-tier1,false
L005631,2026-01-04 13:15:00,Callum,Pires,callum.pires@kestrel.com,kestrel.com,Paid Social - LinkedIn,content-download,false
L005632,2026-01-30 11:45:00,Noor,Okonkwo,noor.okonkwo@brightpath.com,brightpath.com,Paid Social - LinkedIn,content-download,false
L005633,2026-01-18 17:45:00,Omar,Bergstrom,omar.bergstrom@granitepeak.com,granitepeak.com,Paid Social - LinkedIn,content-download,false
L005634,2026-01-11 11:00:00,Kenji,Whitfield,kenji.whitfield@marlowe.com,marlowe.com,Paid Social - LinkedIn,abm-tier1,true
L005635,2026-01-28 20:15:00,Peter,Petrov,peter.petrov@anvil.com,anvil.com,Paid Social - LinkedIn,content-download,true
L005636,2026-01-08 10:15:00,Callum,Krishnan,callum.krishnan@ironwood.com,ironwood.com,Paid Social - LinkedIn,abm-tier1,false
L005637,2026-01-22 15:15:00,Estelle,Kavanagh,estelle.kavanagh@oakhurst.com,oakhurst.com,Paid Social - LinkedIn,content-download,false
L005638,2026-01-02 16:00:00,Malik,Grant,malik.grant@ember.com,ember.com,Paid Social - LinkedIn,content-download,false
L005639,2026-01-31 08:45:00,Anaya,Bahri,anaya.bahri@anvil.com,anvil.com,Paid Social - LinkedIn,abm-tier1,false
L005640,2026-01-28 18:45:00,Lena,Farrell,lena.farrell@pinnacle.com,pinnacle.com,Paid Social - LinkedIn,content-download,false
L005641,2026-01-04 15:15:00,Callum,Mulvaney,callum.mulvaney@ferrous.com,ferrous.com,Paid Social - LinkedIn,content-download,false
L005642,2026-01-10 14:15:00,Renata,Bahri,renata.bahri@northwind.com,northwind.com,Paid Social - LinkedIn,abm-tier1,false
L005643,2026-01-20 18:30:00,Malik,Petrov,malik.petrov@marlowe.com,marlowe.com,Organic / Direct,none,false
L005644,2026-01-02 12:45:00,Hollis,Lindqvist,hollis.lindqvist@ember.com,ember.com,Organic / Direct,none,false
L005645,2026-01-04 08:15:00,Lena,Petrov,lena.petrov@juniper.com,juniper.com,Organic / Direct,none,false
L005646,2026-01-09 14:45:00,Noor,Aaltonen,noor.aaltonen@meridian.com,meridian.com,Organic / Direct,none,false
L005647,2026-01-01 11:15:00,Darius,Byrne,darius.byrne@ridgeline.com,ridgeline.com,Organic / Direct,none,false
L005648,2026-01-10 08:45:00,Darius,Almeida,darius.almeida@halcyon.com,halcyon.com,Organic / Direct,none,false
L005649,2026-01-20 11:15:00,Ivo,Lindqvist,ivo.lindqvist@juniper.com,juniper.com,Organic / Direct,none,false
L005650,2026-01-07 08:45:00,Omar,Iyer,omar.iyer@marlowe.com,marlowe.com,Organic / Direct,none,true
L005651,2026-01-19 14:45:00,Priya,Nwosu,priya.nwosu@pinnacle.com,pinnacle.com,Organic / Direct,none,false
L005652,2026-01-13 12:15:00,Noor,Watanabe,noor.watanabe@lumen.com,lumen.com,Organic / Direct,none,false
L005653,2026-01-05 09:30:00,Arun,Iyer,arun.iyer@oakhurst.com,oakhurst.com,Organic / Direct,none,false
L005654,2026-01-11 07:15:00,Rafael,Doyle,rafael.doyle@quarry.com,quarry.com,Organic / Direct,none,false
L005655,2026-01-02 11:00:00,Estelle,Okonkwo,estelle.okonkwo@brightpath.com,brightpath.com,Organic / Direct,none,false
L005656,2026-01-17 17:15:00,Tomas,Zhang,tomas.zhang@marlowe.com,marlowe.com,Organic / Direct,none,false
L005657,2026-01-05 20:45:00,Beatriz,Petrov,beatriz.petrov@oakhurst.com,oakhurst.com,Organic / Direct,none,false
L005658,2026-01-07 14:15:00,Lena,Grant,lena.grant@lumen.com,lumen.com,Organic / Direct,none,false
L005659,2026-01-26 10:30:00,Adeola,Petrov,adeola.petrov@ridgeline.com,ridgeline.com,Organic / Direct,none,false
L005660,2026-01-03 18:45:00,Siobhan,Demir,siobhan.demir@thornbury.com,thornbury.com,Organic / Direct,none,false
L005661,2026-01-23 13:45:00,Lena,Castellanos,lena.castellanos@solvent.com,solvent.com,Organic / Direct,none,false
L005662,2026-01-05 12:00:00,Yusuf,Novak,yusuf.novak@ridgeline.com,ridgeline.com,Organic / Direct,none,false
L005663,2026-01-12 16:15:00,Jonas,Doyle,jonas.doyle@foxglove.com,foxglove.com,Organic / Direct,none,true
L005664,2026-01-08 14:15:00,Kenji,Petrov,kenji.petrov@ridgeline.com,ridgeline.com,Organic / Direct,none,false
L005665,2026-01-11 20:00:00,Siobhan,Szabo,siobhan.szabo@copperline.com,copperline.com,Organic / Direct,none,false
L005666,2026-01-28 14:45:00,Tomas,Szabo,tomas.szabo@kestrel.com,kestrel.com,Organic / Direct,none,false
L005667,2026-01-14 07:00:00,Beatriz,Watanabe,beatriz.watanabe@kestrel.com,kestrel.com,Organic / Direct,none,false
L005668,2026-01-07 12:00:00,Peter,Raghunathan,peter.raghunathan@halcyon.com,halcyon.com,Organic / Direct,none,false
L005669,2026-01-12 11:45:00,Alicia,Bergstrom,alicia.bergstrom@lumen.com,lumen.com,Organic / Direct,none,false
L005670,2026-01-28 19:00:00,Arun,Grant,arun.grant@arclight.com,arclight.com,Organic / Direct,none,false
L005671,2026-01-05 20:15:00,Yusuf,Lindqvist,yusuf.lindqvist@foxglove.com,foxglove.com,Organic / Direct,none,false
L005672,2026-02-16 17:15:00,Cormac,Doyle,cormac.doyle@brightpath.com,brightpath.com,Display - Programmatic,contextual-b2b,false
L005673,2026-02-25 19:00:00,Grace,Horvat,grace.horvat@quarry.com,quarry.com,Display - Programmatic,contextual-b2b,false
L005674,2026-02-15 16:15:00,Estelle,Pires,estelle.pires@ferrous.com,ferrous.com,Display - Programmatic,contextual-b2b,false
L005675,2026-02-12 08:15:00,Callum,Lindqvist,callum.lindqvist@foxglove.com,foxglove.com,Display - Programmatic,retarget-display,false
L005676,2026-02-20 08:30:00,Tomas,Byrne,tomas.byrne@copperline.com,copperline.com,Display - Programmatic,contextual-b2b,false
L005677,2026-02-09 09:00:00,Elodie,Almeida,elodie.almeida@ridgeline.com,ridgeline.com,Display - Programmatic,retarget-display,false
L005678,2026-02-03 07:00:00,Tomas,Doyle,tomas.doyle@northwind.com,northwind.com,Display - Programmatic,contextual-b2b,false
L005679,2026-02-02 10:15:00,Cormac,Pires,cormac.pires@arclight.com,arclight.com,Display - Programmatic,contextual-b2b,false
L005680,2026-02-15 13:15:00,Lena,Zhang,lena.zhang@granitepeak.com,granitepeak.com,Display - Programmatic,contextual-b2b,false
L005681,2026-02-06 20:45:00,Priya,Bergstrom,priya.bergstrom@redwood.com,redwood.com,Display - Programmatic,contextual-b2b,false
L005682,2026-02-07 13:45:00,Kenji,Ferreira,kenji.ferreira@copperline.com,copperline.com,Display - Programmatic,contextual-b2b,false
L005683,2026-02-05 17:00:00,Adeola,Vieira,adeola.vieira@anvil.com,anvil.com,Display - Programmatic,contextual-b2b,false
L005684,2026-02-04 07:00:00,Anaya,Doyle,anaya.doyle@pinnacle.com,pinnacle.com,Display - Programmatic,contextual-b2b,false
L005685,2026-02-27 14:00:00,Alicia,Horvat,alicia.horvat@cascade.com,cascade.com,Display - Programmatic,contextual-b2b,false
L005686,2026-02-27 18:30:00,Mei,Novak,mei.novak@cascade.com,cascade.com,Display - Programmatic,retarget-display,false
L005687,2026-02-28 18:30:00,Yusuf,Watanabe,yusuf.watanabe@northwind.com,northwind.com,Display - Programmatic,contextual-b2b,false
L005688,2026-02-25 10:15:00,Ingrid,Whitfield,ingrid.whitfield@lumen.com,lumen.com,Display - Programmatic,retarget-display,false
L005689,2026-02-04 11:45:00,Adeola,Whitfield,adeola.whitfield@brightpath.com,brightpath.com,Display - Programmatic,contextual-b2b,false
L005690,2026-02-25 13:30:00,Alicia,Byrne,alicia.byrne@cascade.com,cascade.com,Display - Programmatic,contextual-b2b,false
L005691,2026-02-28 20:00:00,Beatriz,Farrell,beatriz.farrell@ridgeline.com,ridgeline.com,Display - Programmatic,contextual-b2b,false
L005692,2026-02-25 17:15:00,Darius,Ferreira,darius.ferreira@quarry.com,quarry.com,Display - Programmatic,retarget-display,false
L005693,2026-02-13 10:30:00,Hollis,Lindqvist,hollis.lindqvist@pinnacle.com,pinnacle.com,Display - Programmatic,retarget-display,false
L005694,2026-02-13 20:15:00,Arun,Watanabe,arun.watanabe@granitepeak.com,granitepeak.com,Display - Programmatic,contextual-b2b,false
L005695,2026-02-28 09:45:00,Margit,Aaltonen,margit.aaltonen@ironwood.com,ironwood.com,Display - Programmatic,contextual-b2b,false
L005696,2026-02-04 13:45:00,Marcus,Almeida,marcus.almeida@ridgeline.com,ridgeline.com,Display - Programmatic,retarget-display,true
L005697,2026-02-19 15:00:00,Peter,Krishnan,peter.krishnan@ironwood.com,ironwood.com,Display - Programmatic,contextual-b2b,false
L005698,2026-02-09 07:30:00,Yusuf,Szabo,yusuf.szabo@dovetail.com,dovetail.com,Display - Programmatic,contextual-b2b,false
L005699,2026-02-07 20:00:00,Omar,Pires,omar.pires@ridgeline.com,ridgeline.com,Display - Programmatic,retarget-display,false
L005700,2026-02-21 10:15:00,Rafael,Bergstrom,rafael.bergstrom@arclight.com,arclight.com,Display - Programmatic,retarget-display,false
L005701,2026-02-19 20:45:00,Adeola,Vieira,adeola.vieira@ironwood.com,ironwood.com,Display - Programmatic,contextual-b2b,false
L005702,2026-02-28 15:30:00,Arun,Almeida,arun.almeida@meridian.com,meridian.com,Display - Programmatic,contextual-b2b,false
L005703,2026-02-12 14:15:00,Elodie,Vieira,elodie.vieira@pinnacle.com,pinnacle.com,Display - Programmatic,retarget-display,false
L005704,2026-02-12 17:45:00,Elodie,Raghunathan,elodie.raghunathan@marlowe.com,marlowe.com,Display - Programmatic,retarget-display,false
L005705,2026-02-25 16:30:00,Adeola,Krishnan,adeola.krishnan@pinnacle.com,pinnacle.com,Display - Programmatic,contextual-b2b,false
L005706,2026-02-28 12:45:00,Alicia,Petrov,alicia.petrov@quillon.com,quillon.com,Display - Programmatic,retarget-display,false
L005707,2026-02-27 08:30:00,Omar,Watanabe,omar.watanabe@copperline.com,copperline.com,Display - Programmatic,retarget-display,false
L005708,2026-02-24 08:15:00,Omar,Horvat,omar.horvat@quillon.com,quillon.com,Display - Programmatic,contextual-b2b,false
L005709,2026-02-09 19:00:00,Jonas,Whitfield,jonas.whitfield@ember.com,ember.com,Display - Programmatic,retarget-display,false
L005710,2026-02-15 08:00:00,Peter,Doyle,peter.doyle@quillon.com,quillon.com,Display - Programmatic,contextual-b2b,false
L005711,2026-02-24 09:30:00,Ivo,Bahri,ivo.bahri@saltmarsh.com,saltmarsh.com,Display - Programmatic,retarget-display,false
L005712,2026-02-03 20:00:00,Beatriz,Watanabe,beatriz.watanabe@ironwood.com,ironwood.com,Display - Programmatic,retarget-display,false
L005713,2026-02-20 08:00:00,Kenji,Novak,kenji.novak@cascade.com,cascade.com,Display - Programmatic,retarget-display,false
L005714,2026-02-22 08:30:00,Marcus,Byrne,marcus.byrne@brightpath.com,brightpath.com,Display - Programmatic,contextual-b2b,false
L005715,2026-02-07 15:00:00,Malik,Iyer,malik.iyer@meridian.com,meridian.com,Display - Programmatic,contextual-b2b,false
L005716,2026-02-08 19:15:00,Ivo,Castellanos,ivo.castellanos@halcyon.com,halcyon.com,Display - Programmatic,retarget-display,false
L005717,2026-02-04 09:15:00,Tomas,Whitfield,tomas.whitfield@solvent.com,solvent.com,Display - Programmatic,contextual-b2b,false
L005718,2026-02-05 15:00:00,Elodie,Pires,elodie.pires@granitepeak.com,granitepeak.com,Display - Programmatic,retarget-display,false
L005719,2026-02-24 14:30:00,Cormac,Iyer,cormac.iyer@quarry.com,quarry.com,Display - Programmatic,contextual-b2b,false
L005720,2026-02-09 08:00:00,Alicia,Raghunathan,alicia.raghunathan@kestrel.com,kestrel.com,Display - Programmatic,contextual-b2b,false
L005721,2026-02-19 09:00:00,Yusuf,Ferreira,yusuf.ferreira@ember.com,ember.com,Display - Programmatic,retarget-display,false
L005722,2026-02-08 17:15:00,Siobhan,Aaltonen,siobhan.aaltonen@tessellate.com,tessellate.com,Display - Programmatic,contextual-b2b,false
L005723,2026-02-06 17:30:00,Estelle,Zhang,estelle.zhang@ridgeline.com,ridgeline.com,Display - Programmatic,retarget-display,false
L005724,2026-02-24 11:00:00,Renata,Nwosu,renata.nwosu@nimbus.com,nimbus.com,Display - Programmatic,retarget-display,false
L005725,2026-02-19 10:45:00,Adeola,Aaltonen,adeola.aaltonen@kestrel.com,kestrel.com,Display - Programmatic,contextual-b2b,false
L005726,2026-02-10 13:00:00,Noor,Horvat,noor.horvat@pinnacle.com,pinnacle.com,Display - Programmatic,contextual-b2b,false
L005727,2026-02-28 18:00:00,Ivo,Krishnan,ivo.krishnan@tessellate.com,tessellate.com,Display - Programmatic,contextual-b2b,false
L005728,2026-02-19 15:45:00,Lena,Almeida,lena.almeida@harborview.com,harborview.com,Display - Programmatic,contextual-b2b,false
L005729,2026-02-21 11:15:00,Ivo,Iyer,ivo.iyer@kestrel.com,kestrel.com,Display - Programmatic,retarget-display,false
L005730,2026-02-18 17:45:00,Hollis,Szabo,hollis.szabo@saltmarsh.com,saltmarsh.com,Display - Programmatic,contextual-b2b,false
L005731,2026-02-13 18:15:00,Hollis,Horvat,hollis.horvat@cascade.com,cascade.com,Display - Programmatic,retarget-display,false
L005732,2026-02-03 18:30:00,Peter,Castellanos,peter.castellanos@quarry.com,quarry.com,Display - Programmatic,retarget-display,false
L005733,2026-02-19 10:15:00,Adeola,Kavanagh,adeola.kavanagh@lumen.com,lumen.com,Display - Programmatic,retarget-display,false
L005734,2026-02-13 15:45:00,Priya,Byrne,priya.byrne@ironwood.com,ironwood.com,Display - Programmatic,retarget-display,false
L005735,2026-02-12 19:30:00,Malik,Demir,malik.demir@redwood.com,redwood.com,Display - Programmatic,retarget-display,false
L005736,2026-02-13 15:45:00,Darius,Nwosu,darius.nwosu@halcyon.com,halcyon.com,Display - Programmatic,retarget-display,false
L005737,2026-02-19 13:00:00,Yusuf,Whitfield,yusuf.whitfield@copperline.com,copperline.com,Display - Programmatic,retarget-display,false
L005738,2026-02-20 07:30:00,Renata,Ferreira,renata.ferreira@dovetail.com,dovetail.com,Display - Programmatic,retarget-display,false
L005739,2026-02-05 16:00:00,Cormac,Farrell,cormac.farrell@juniper.com,juniper.com,Display - Programmatic,retarget-display,false
L005740,2026-02-02 11:15:00,Elodie,Ferreira,elodie.ferreira@kestrel.com,kestrel.com,Display - Programmatic,retarget-display,false
L005741,2026-02-27 14:45:00,Siobhan,Bahri,siobhan.bahri@harborview.com,harborview.com,Display - Programmatic,contextual-b2b,false
L005742,2026-02-13 15:00:00,Priya,Grant,priya.grant@oakhurst.com,oakhurst.com,Display - Programmatic,contextual-b2b,false
L005743,2026-02-16 14:30:00,Darius,Horvat,darius.horvat@ferrous.com,ferrous.com,Display - Programmatic,contextual-b2b,false
L005744,2026-02-12 20:30:00,Hollis,Petrov,hollis.petrov@juniper.com,juniper.com,Display - Programmatic,contextual-b2b,false
L005745,2026-02-26 17:45:00,Malik,Demir,malik.demir@pinnacle.com,pinnacle.com,Display - Programmatic,retarget-display,false
L005746,2026-02-27 11:00:00,Hollis,Demir,hollis.demir@meridian.com,meridian.com,Display - Programmatic,contextual-b2b,false
L005747,2026-02-11 13:45:00,Malik,Szabo,malik.szabo@lumen.com,lumen.com,Display - Programmatic,contextual-b2b,true
L005748,2026-02-11 09:15:00,Ivo,Petrov,ivo.petrov@nimbus.com,nimbus.com,Display - Programmatic,contextual-b2b,false
L005749,2026-02-28 10:15:00,Jonas,Doyle,jonas.doyle@oakhurst.com,oakhurst.com,Display - Programmatic,retarget-display,false
L005750,2026-02-07 10:15:00,Malik,Doyle,malik.doyle@tessellate.com,tessellate.com,Display - Programmatic,retarget-display,false
L005751,2026-02-18 20:00:00,Arun,Almeida,arun.almeida@northwind.com,northwind.com,Display - Programmatic,retarget-display,false
L005752,2026-02-26 11:30:00,Darius,Krishnan,darius.krishnan@marlowe.com,marlowe.com,Display - Programmatic,retarget-display,false
L005753,2026-02-10 07:30:00,Ivo,Kavanagh,ivo.kavanagh@anvil.com,anvil.com,Display - Programmatic,contextual-b2b,false
L005754,2026-02-07 14:30:00,Omar,Kavanagh,omar.kavanagh@ironwood.com,ironwood.com,Display - Programmatic,contextual-b2b,false
L005755,2026-02-24 10:30:00,Ingrid,Iyer,ingrid.iyer@harborview.com,harborview.com,Display - Programmatic,retarget-display,false
L005756,2026-02-21 11:00:00,Margit,Grant,margit.grant@juniper.com,juniper.com,Display - Programmatic,contextual-b2b,false
L005757,2026-02-24 14:15:00,Ingrid,Raghunathan,ingrid.raghunathan@kestrel.com,kestrel.com,Display - Programmatic,retarget-display,false
L005758,2026-02-03 20:00:00,Ingrid,Aaltonen,ingrid.aaltonen@saltmarsh.com,saltmarsh.com,Display - Programmatic,contextual-b2b,false
L005759,2026-02-25 10:15:00,Omar,Castellanos,omar.castellanos@thornbury.com,thornbury.com,Display - Programmatic,contextual-b2b,false
L005760,2026-02-28 20:45:00,Beatriz,Szabo,beatriz.szabo@granitepeak.com,granitepeak.com,Display - Programmatic,contextual-b2b,false
L005761,2026-02-14 19:15:00,Jonas,Doyle,jonas.doyle@granitepeak.com,granitepeak.com,Display - Programmatic,retarget-display,false
L005762,2026-02-22 20:45:00,Mei,Mulvaney,mei.mulvaney@copperline.com,copperline.com,Display - Programmatic,contextual-b2b,false
L005763,2026-02-12 12:30:00,Jonas,Krishnan,jonas.krishnan@ferrous.com,ferrous.com,Display - Programmatic,contextual-b2b,false
L005764,2026-02-19 09:30:00,Renata,Aaltonen,renata.aaltonen@tessellate.com,tessellate.com,Display - Programmatic,contextual-b2b,false
L005765,2026-02-15 18:45:00,Rafael,Okonkwo,rafael.okonkwo@saltmarsh.com,saltmarsh.com,Display - Programmatic,contextual-b2b,false
L005766,2026-02-07 11:15:00,Omar,Demir,omar.demir@cascade.com,cascade.com,Display - Programmatic,retarget-display,false
L005767,2026-02-07 14:00:00,Lena,Zhang,lena.zhang@ironwood.com,ironwood.com,Paid Search - Brand,brand-exact,false
L005768,2026-02-01 12:45:00,Ivo,Petrov,ivo.petrov@copperline.com,copperline.com,Paid Search - Brand,brand-phrase,false
L005769,2026-02-03 17:00:00,Noor,Farrell,noor.farrell@redwood.com,redwood.com,Paid Search - Brand,brand-exact,false
L005770,2026-02-24 08:45:00,Priya,Castellanos,priya.castellanos@saltmarsh.com,saltmarsh.com,Paid Search - Brand,brand-phrase,false
L005771,2026-02-16 13:15:00,Estelle,Szabo,estelle.szabo@marlowe.com,marlowe.com,Paid Search - Brand,brand-phrase,false
L005772,2026-02-18 08:00:00,Cormac,Almeida,cormac.almeida@juniper.com,juniper.com,Paid Search - Brand,brand-phrase,false
L005773,2026-02-08 17:45:00,Jonas,Aaltonen,jonas.aaltonen@quillon.com,quillon.com,Paid Search - Brand,brand-phrase,false
L005774,2026-02-22 17:00:00,Cormac,Novak,cormac.novak@meridian.com,meridian.com,Paid Search - Brand,brand-phrase,false
L005775,2026-02-06 07:45:00,Cormac,Aaltonen,cormac.aaltonen@copperline.com,copperline.com,Paid Search - Brand,brand-phrase,true
L005776,2026-02-18 14:45:00,Elodie,Moreau,elodie.moreau@thornbury.com,thornbury.com,Paid Search - Brand,brand-exact,false
L005777,2026-02-07 09:00:00,Priya,Ferreira,priya.ferreira@arclight.com,arclight.com,Paid Search - Brand,brand-exact,false
L005778,2026-02-15 19:45:00,Jonas,Kavanagh,jonas.kavanagh@harborview.com,harborview.com,Paid Search - Brand,brand-exact,false
L005779,2026-02-20 09:45:00,Grace,Szabo,grace.szabo@marlowe.com,marlowe.com,Paid Search - Brand,brand-exact,false
L005780,2026-02-18 09:00:00,Hollis,Bahri,hollis.bahri@lumen.com,lumen.com,Paid Search - Brand,brand-phrase,false
L005781,2026-02-11 07:45:00,Beatriz,Almeida,beatriz.almeida@granitepeak.com,granitepeak.com,Paid Search - Brand,brand-phrase,false
L005782,2026-02-02 08:45:00,Rafael,Vieira,rafael.vieira@lumen.com,lumen.com,Paid Search - Brand,brand-phrase,true
L005783,2026-02-19 17:30:00,Ivo,Krishnan,ivo.krishnan@marlowe.com,marlowe.com,Paid Search - Brand,brand-exact,false
L005784,2026-02-16 16:30:00,Lena,Castellanos,lena.castellanos@pinnacle.com,pinnacle.com,Paid Search - Brand,brand-exact,false
L005785,2026-02-14 08:15:00,Noor,Doyle,noor.doyle@brightpath.com,brightpath.com,Paid Search - Brand,brand-phrase,false
L005786,2026-02-06 11:15:00,Alicia,Farrell,alicia.farrell@foxglove.com,foxglove.com,Paid Search - Brand,brand-phrase,false
L005787,2026-02-17 20:45:00,Adeola,Aaltonen,adeola.aaltonen@oakhurst.com,oakhurst.com,Paid Search - Brand,brand-phrase,false
L005788,2026-02-08 18:45:00,Margit,Lindqvist,margit.lindqvist@anvil.com,anvil.com,Paid Search - Brand,brand-exact,false
L005789,2026-02-05 08:00:00,Priya,Farrell,priya.farrell@quillon.com,quillon.com,Paid Search - Brand,brand-phrase,false
L005790,2026-02-07 09:45:00,Darius,Byrne,darius.byrne@northwind.com,northwind.com,Paid Search - Brand,brand-phrase,false
L005791,2026-02-28 09:15:00,Siobhan,Szabo,siobhan.szabo@juniper.com,juniper.com,Paid Search - Brand,brand-exact,false
L005792,2026-02-26 14:45:00,Grace,Kavanagh,grace.kavanagh@ridgeline.com,ridgeline.com,Paid Search - Brand,brand-exact,false
L005793,2026-02-09 13:30:00,Siobhan,Farrell,siobhan.farrell@marlowe.com,marlowe.com,Paid Search - Brand,brand-phrase,false
L005794,2026-02-08 20:30:00,Estelle,Nwosu,estelle.nwosu@arclight.com,arclight.com,Paid Search - Brand,brand-exact,false
L005795,2026-02-27 20:30:00,Hollis,Ferreira,hollis.ferreira@halcyon.com,halcyon.com,Paid Search - Brand,brand-exact,true
L005796,2026-02-02 13:45:00,Anaya,Kavanagh,anaya.kavanagh@ember.com,ember.com,Paid Search - Brand,brand-phrase,false
L005797,2026-02-12 20:15:00,Arun,Whitfield,arun.whitfield@saltmarsh.com,saltmarsh.com,Paid Search - Brand,brand-exact,false
L005798,2026-02-08 07:15:00,Elodie,Novak,elodie.novak@meridian.com,meridian.com,Paid Search - Brand,brand-exact,false
L005799,2026-02-09 12:45:00,Beatriz,Pires,beatriz.pires@brightpath.com,brightpath.com,Paid Search - Brand,brand-phrase,false
L005800,2026-02-19 18:00:00,Mei,Doyle,mei.doyle@dovetail.com,dovetail.com,Paid Search - Brand,brand-exact,false
L005801,2026-02-19 14:00:00,Lena,Castellanos,lena.castellanos@ridgeline.com,ridgeline.com,Paid Search - Brand,brand-exact,false
L005802,2026-02-06 08:00:00,Estelle,Novak,estelle.novak@anvil.com,anvil.com,Paid Search - Brand,brand-exact,false
L005803,2026-02-28 13:15:00,Ingrid,Ferreira,ingrid.ferreira@ember.com,ember.com,Paid Search - Brand,brand-phrase,false
L005804,2026-02-22 13:30:00,Lena,Zhang,lena.zhang@lumen.com,lumen.com,Paid Search - Brand,brand-phrase,false
L005805,2026-02-23 15:30:00,Beatriz,Vieira,beatriz.vieira@foxglove.com,foxglove.com,Paid Search - Brand,brand-phrase,false
L005806,2026-02-26 16:45:00,Priya,Ferreira,priya.ferreira@ember.com,ember.com,Paid Search - Brand,brand-exact,true
L005807,2026-02-13 20:15:00,Jonas,Whitfield,jonas.whitfield@marlowe.com,marlowe.com,Paid Search - Brand,brand-phrase,false
L005808,2026-02-21 18:30:00,Yusuf,Doyle,yusuf.doyle@dovetail.com,dovetail.com,Paid Search - Brand,brand-exact,false
L005809,2026-02-23 12:00:00,Grace,Novak,grace.novak@pinnacle.com,pinnacle.com,Paid Search - Brand,brand-phrase,false
L005810,2026-02-15 13:00:00,Beatriz,Grant,beatriz.grant@copperline.com,copperline.com,Paid Search - Brand,brand-phrase,false
L005811,2026-02-13 11:00:00,Siobhan,Novak,siobhan.novak@foxglove.com,foxglove.com,Paid Search - Brand,brand-exact,false
L005812,2026-02-23 09:15:00,Mei,Nwosu,mei.nwosu@lumen.com,lumen.com,Paid Search - Brand,brand-exact,true
L005813,2026-02-11 20:00:00,Hollis,Szabo,hollis.szabo@foxglove.com,foxglove.com,Paid Search - Brand,brand-phrase,false
L005814,2026-02-16 08:15:00,Noor,Haddad,noor.haddad@brightpath.com,brightpath.com,Paid Search - Brand,brand-phrase,false
L005815,2026-02-04 10:45:00,Noor,Vieira,noor.vieira@cascade.com,cascade.com,Paid Search - Brand,brand-exact,false
L005816,2026-02-09 16:45:00,Beatriz,Petrov,beatriz.petrov@ember.com,ember.com,Paid Search - Brand,brand-phrase,false
L005817,2026-02-10 11:45:00,Priya,Pires,priya.pires@ember.com,ember.com,Paid Search - Brand,brand-phrase,false
L005818,2026-02-17 13:15:00,Siobhan,Vieira,siobhan.vieira@lumen.com,lumen.com,Paid Search - Brand,brand-exact,true
L005819,2026-02-10 20:45:00,Cormac,Kavanagh,cormac.kavanagh@dovetail.com,dovetail.com,Paid Search - Brand,brand-exact,false
L005820,2026-02-03 13:45:00,Yusuf,Whitfield,yusuf.whitfield@dovetail.com,dovetail.com,Paid Search - Brand,brand-phrase,false
L005821,2026-02-16 08:00:00,Adeola,Horvat,adeola.horvat@quarry.com,quarry.com,Paid Search - Brand,brand-exact,false
L005822,2026-02-17 16:45:00,Priya,Krishnan,priya.krishnan@halcyon.com,halcyon.com,Paid Search - Brand,brand-exact,false
L005823,2026-02-08 19:00:00,Darius,Okonkwo,darius.okonkwo@arclight.com,arclight.com,Paid Search - Brand,brand-exact,false
L005824,2026-02-09 09:15:00,Adeola,Pires,adeola.pires@kestrel.com,kestrel.com,Paid Search - Brand,brand-exact,false
L005825,2026-02-27 18:30:00,Ingrid,Ferreira,ingrid.ferreira@quillon.com,quillon.com,Paid Search - Brand,brand-exact,true
L005826,2026-02-19 12:30:00,Alicia,Farrell,alicia.farrell@tessellate.com,tessellate.com,Paid Search - Brand,brand-phrase,false
L005827,2026-02-24 14:00:00,Mei,Zhang,mei.zhang@granitepeak.com,granitepeak.com,Paid Search - Brand,brand-exact,false
L005828,2026-02-17 19:30:00,Estelle,Krishnan,estelle.krishnan@kestrel.com,kestrel.com,Paid Search - Brand,brand-phrase,false
L005829,2026-02-28 17:15:00,Noor,Vieira,noor.vieira@solvent.com,solvent.com,Paid Search - Brand,brand-phrase,false
L005830,2026-02-21 20:45:00,Priya,Doyle,priya.doyle@lumen.com,lumen.com,Paid Search - Brand,brand-phrase,false
L005831,2026-02-10 09:00:00,Lena,Zhang,lena.zhang@granitepeak.com,granitepeak.com,Paid Search - Brand,brand-phrase,false
L005832,2026-02-24 10:45:00,Elodie,Pires,elodie.pires@copperline.com,copperline.com,Paid Search - Brand,brand-exact,false
L005833,2026-02-15 11:00:00,Mei,Lindqvist,mei.lindqvist@ironwood.com,ironwood.com,Paid Social - Meta,lead-form-broad,false
L005834,2026-02-17 20:45:00,Rafael,Ferreira,rafael.ferreira@solvent.com,solvent.com,Paid Social - Meta,mofu-retarget,false
L005835,2026-02-14 19:15:00,Yusuf,Novak,yusuf.novak@quarry.com,quarry.com,Paid Social - Meta,mofu-retarget,false
L005836,2026-02-22 19:00:00,Arun,Aaltonen,arun.aaltonen@cascade.com,cascade.com,Paid Social - Meta,mofu-retarget,false
L005837,2026-02-12 09:00:00,Tomas,Horvat,tomas.horvat@nimbus.com,nimbus.com,Paid Social - Meta,mofu-retarget,false
L005838,2026-02-12 09:30:00,Ivo,Horvat,ivo.horvat@dovetail.com,dovetail.com,Paid Social - Meta,lead-form-broad,false
L005839,2026-02-14 13:45:00,Ivo,Demir,ivo.demir@quarry.com,quarry.com,Paid Social - Meta,prospecting-lal,false
L005840,2026-02-27 20:00:00,Cormac,Petrov,cormac.petrov@granitepeak.com,granitepeak.com,Paid Social - Meta,lead-form-broad,false
L005841,2026-02-20 07:00:00,Alicia,Whitfield,alicia.whitfield@northwind.com,northwind.com,Paid Social - Meta,mofu-retarget,false
L005842,2026-02-16 11:15:00,Noor,Doyle,noor.doyle@arclight.com,arclight.com,Paid Social - Meta,mofu-retarget,false
L005843,2026-02-17 08:30:00,Tomas,Watanabe,tomas.watanabe@tessellate.com,tessellate.com,Paid Social - Meta,lead-form-broad,false
L005844,2026-02-18 09:15:00,Kenji,Watanabe,kenji.watanabe@tessellate.com,tessellate.com,Paid Social - Meta,mofu-retarget,false
L005845,2026-02-19 20:00:00,Estelle,Grant,estelle.grant@ridgeline.com,ridgeline.com,Paid Social - Meta,mofu-retarget,false
L005846,2026-02-14 11:30:00,Alicia,Moreau,alicia.moreau@northwind.com,northwind.com,Paid Social - Meta,lead-form-broad,false
L005847,2026-02-03 13:15:00,Rafael,Whitfield,rafael.whitfield@pinnacle.com,pinnacle.com,Paid Social - Meta,mofu-retarget,false
L005848,2026-02-19 17:00:00,Beatriz,Vieira,beatriz.vieira@tessellate.com,tessellate.com,Paid Social - Meta,lead-form-broad,false
L005849,2026-02-01 19:45:00,Jonas,Zhang,jonas.zhang@solvent.com,solvent.com,Paid Social - Meta,lead-form-broad,false
L005850,2026-02-09 17:15:00,Priya,Kavanagh,priya.kavanagh@tessellate.com,tessellate.com,Paid Social - Meta,lead-form-broad,false
L005851,2026-02-04 18:00:00,Omar,Byrne,omar.byrne@pinnacle.com,pinnacle.com,Paid Social - Meta,lead-form-broad,false
L005852,2026-02-05 11:30:00,Anaya,Ferreira,anaya.ferreira@granitepeak.com,granitepeak.com,Paid Social - Meta,lead-form-broad,false
L005853,2026-02-06 19:00:00,Ivo,Watanabe,ivo.watanabe@marlowe.com,marlowe.com,Paid Social - Meta,mofu-retarget,false
L005854,2026-02-10 09:15:00,Arun,Moreau,arun.moreau@oakhurst.com,oakhurst.com,Paid Social - Meta,lead-form-broad,false
L005855,2026-02-12 08:30:00,Yusuf,Castellanos,yusuf.castellanos@nimbus.com,nimbus.com,Paid Social - Meta,lead-form-broad,false
L005856,2026-02-09 18:00:00,Arun,Zhang,arun.zhang@meridian.com,meridian.com,Paid Social - Meta,mofu-retarget,false
L005857,2026-02-23 15:15:00,Tomas,Bahri,tomas.bahri@northwind.com,northwind.com,Paid Social - Meta,lead-form-broad,false
L005858,2026-02-09 13:45:00,Grace,Szabo,grace.szabo@tessellate.com,tessellate.com,Paid Social - Meta,prospecting-lal,false
L005859,2026-02-15 09:15:00,Darius,Krishnan,darius.krishnan@marlowe.com,marlowe.com,Paid Social - Meta,prospecting-lal,false
L005860,2026-02-02 11:00:00,Peter,Okonkwo,peter.okonkwo@halcyon.com,halcyon.com,Paid Social - Meta,mofu-retarget,false
L005861,2026-02-18 12:00:00,Marcus,Lindqvist,marcus.lindqvist@nimbus.com,nimbus.com,Paid Social - Meta,mofu-retarget,false
L005862,2026-02-10 15:15:00,Anaya,Nwosu,anaya.nwosu@nimbus.com,nimbus.com,Paid Social - Meta,prospecting-lal,false
L005863,2026-02-06 17:15:00,Cormac,Haddad,cormac.haddad@harborview.com,harborview.com,Paid Social - Meta,lead-form-broad,false
L005864,2026-02-08 17:00:00,Callum,Krishnan,callum.krishnan@pinnacle.com,pinnacle.com,Paid Social - Meta,prospecting-lal,true
L005865,2026-02-22 12:00:00,Siobhan,Haddad,siobhan.haddad@ferrous.com,ferrous.com,Paid Social - Meta,mofu-retarget,false
L005866,2026-02-15 14:00:00,Yusuf,Zhang,yusuf.zhang@cascade.com,cascade.com,Paid Social - Meta,mofu-retarget,false
L005867,2026-02-11 18:15:00,Lena,Petrov,lena.petrov@dovetail.com,dovetail.com,Paid Social - Meta,prospecting-lal,false
L005868,2026-02-18 10:45:00,Yusuf,Demir,yusuf.demir@ember.com,ember.com,Paid Social - Meta,prospecting-lal,false
L005869,2026-02-22 07:15:00,Hollis,Okonkwo,hollis.okonkwo@tessellate.com,tessellate.com,Paid Social - Meta,lead-form-broad,false
L005870,2026-02-28 15:15:00,Hollis,Doyle,hollis.doyle@pinnacle.com,pinnacle.com,Paid Social - Meta,mofu-retarget,false
L005871,2026-02-13 16:30:00,Jonas,Lindqvist,jonas.lindqvist@arclight.com,arclight.com,Paid Social - Meta,prospecting-lal,false
L005872,2026-02-22 14:00:00,Lena,Iyer,lena.iyer@lumen.com,lumen.com,Paid Social - Meta,lead-form-broad,false
L005873,2026-02-21 17:00:00,Ingrid,Zhang,ingrid.zhang@lumen.com,lumen.com,Paid Social - Meta,lead-form-broad,false
L005874,2026-02-16 17:45:00,Estelle,Aaltonen,estelle.aaltonen@tessellate.com,tessellate.com,Paid Social - Meta,lead-form-broad,false
L005875,2026-02-03 18:00:00,Hollis,Petrov,hollis.petrov@redwood.com,redwood.com,Paid Social - Meta,prospecting-lal,false
L005876,2026-02-03 16:15:00,Alicia,Iyer,alicia.iyer@ember.com,ember.com,Paid Social - Meta,mofu-retarget,false
L005877,2026-02-16 07:45:00,Yusuf,Demir,yusuf.demir@tessellate.com,tessellate.com,Paid Social - Meta,lead-form-broad,false
L005878,2026-02-11 07:15:00,Omar,Nwosu,omar.nwosu@nimbus.com,nimbus.com,Paid Social - Meta,prospecting-lal,false
L005879,2026-02-12 16:30:00,Anaya,Mulvaney,anaya.mulvaney@kestrel.com,kestrel.com,Paid Social - Meta,lead-form-broad,false
L005880,2026-02-21 20:00:00,Kenji,Grant,kenji.grant@ember.com,ember.com,Paid Social - Meta,prospecting-lal,false
L005881,2026-02-11 19:00:00,Adeola,Vieira,adeola.vieira@arclight.com,arclight.com,Paid Social - Meta,mofu-retarget,false
L005882,2026-02-27 15:30:00,Priya,Krishnan,priya.krishnan@arclight.com,arclight.com,Paid Social - Meta,mofu-retarget,false
L005883,2026-02-04 20:30:00,Hollis,Novak,hollis.novak@ironwood.com,ironwood.com,Paid Social - Meta,lead-form-broad,false
L005884,2026-02-27 10:45:00,Ivo,Whitfield,ivo.whitfield@redwood.com,redwood.com,Paid Social - Meta,prospecting-lal,false
L005885,2026-02-11 11:15:00,Rafael,Aaltonen,rafael.aaltonen@halcyon.com,halcyon.com,Paid Social - Meta,prospecting-lal,false
L005886,2026-02-21 10:15:00,Estelle,Zhang,estelle.zhang@anvil.com,anvil.com,Paid Social - Meta,prospecting-lal,false
L005887,2026-02-04 12:00:00,Ingrid,Petrov,ingrid.petrov@saltmarsh.com,saltmarsh.com,Paid Social - Meta,mofu-retarget,false
L005888,2026-02-11 15:45:00,Anaya,Nwosu,anaya.nwosu@quarry.com,quarry.com,Paid Social - Meta,lead-form-broad,false
L005889,2026-02-08 07:45:00,Alicia,Szabo,alicia.szabo@dovetail.com,dovetail.com,Paid Social - Meta,prospecting-lal,false
L005890,2026-02-04 10:00:00,Noor,Lindqvist,noor.lindqvist@nimbus.com,nimbus.com,Paid Social - Meta,mofu-retarget,false
L005891,2026-02-20 20:00:00,Hollis,Iyer,hollis.iyer@ember.com,ember.com,Paid Social - Meta,mofu-retarget,false
L005892,2026-02-01 15:00:00,Ivo,Szabo,ivo.szabo@solvent.com,solvent.com,Paid Social - Meta,lead-form-broad,false
L005893,2026-02-17 15:30:00,Tomas,Pires,tomas.pires@pinnacle.com,pinnacle.com,Paid Social - Meta,prospecting-lal,true
L005894,2026-02-22 14:30:00,Omar,Farrell,omar.farrell@thornbury.com,thornbury.com,Paid Social - Meta,prospecting-lal,false
L005895,2026-02-17 18:00:00,Adeola,Krishnan,adeola.krishnan@northwind.com,northwind.com,Paid Social - Meta,prospecting-lal,false
L005896,2026-02-06 18:00:00,Callum,Ferreira,callum.ferreira@nimbus.com,nimbus.com,Paid Social - Meta,mofu-retarget,false
L005897,2026-02-10 16:00:00,Darius,Novak,darius.novak@juniper.com,juniper.com,Paid Social - Meta,mofu-retarget,false
L005898,2026-02-20 16:45:00,Malik,Petrov,malik.petrov@lumen.com,lumen.com,Paid Social - Meta,prospecting-lal,false
L005899,2026-02-08 14:00:00,Rafael,Bahri,rafael.bahri@quillon.com,quillon.com,Paid Social - Meta,lead-form-broad,false
L005900,2026-02-22 10:45:00,Grace,Kavanagh,grace.kavanagh@foxglove.com,foxglove.com,Paid Social - Meta,prospecting-lal,false
L005901,2026-02-15 07:45:00,Rafael,Vieira,rafael.vieira@quarry.com,quarry.com,Paid Social - Meta,prospecting-lal,false
L005902,2026-02-09 15:00:00,Kenji,Horvat,kenji.horvat@juniper.com,juniper.com,Paid Social - Meta,mofu-retarget,false
L005903,2026-02-28 09:45:00,Adeola,Horvat,adeola.horvat@dovetail.com,dovetail.com,Paid Social - Meta,mofu-retarget,false
L005904,2026-02-20 16:45:00,Arun,Kavanagh,arun.kavanagh@redwood.com,redwood.com,Paid Social - Meta,mofu-retarget,false
L005905,2026-02-27 11:45:00,Beatriz,Vieira,beatriz.vieira@dovetail.com,dovetail.com,Paid Social - Meta,prospecting-lal,false
L005906,2026-02-13 12:45:00,Marcus,Kavanagh,marcus.kavanagh@ironwood.com,ironwood.com,Paid Social - Meta,prospecting-lal,false
L005907,2026-02-04 18:45:00,Hollis,Horvat,hollis.horvat@granitepeak.com,granitepeak.com,Paid Social - Meta,mofu-retarget,false
L005908,2026-02-21 11:00:00,Estelle,Whitfield,estelle.whitfield@quarry.com,quarry.com,Paid Social - Meta,lead-form-broad,false
L005909,2026-02-12 11:45:00,Estelle,Lindqvist,estelle.lindqvist@lumen.com,lumen.com,Paid Social - Meta,lead-form-broad,false
L005910,2026-02-24 15:00:00,Kenji,Moreau,kenji.moreau@anvil.com,anvil.com,Paid Social - Meta,mofu-retarget,false
L005911,2026-02-26 07:15:00,Arun,Doyle,arun.doyle@thornbury.com,thornbury.com,Paid Social - Meta,mofu-retarget,false
L005912,2026-02-18 09:45:00,Priya,Moreau,priya.moreau@saltmarsh.com,saltmarsh.com,Paid Social - Meta,prospecting-lal,false
L005913,2026-02-27 10:45:00,Kenji,Castellanos,kenji.castellanos@marlowe.com,marlowe.com,Paid Social - Meta,lead-form-broad,false
L005914,2026-02-24 18:00:00,Tomas,Horvat,tomas.horvat@arclight.com,arclight.com,Paid Social - Meta,prospecting-lal,false
L005915,2026-02-21 12:00:00,Ingrid,Lindqvist,ingrid.lindqvist@redwood.com,redwood.com,Paid Social - Meta,prospecting-lal,false
L005916,2026-02-09 15:30:00,Kenji,Bergstrom,kenji.bergstrom@quarry.com,quarry.com,Paid Social - Meta,lead-form-broad,false
L005917,2026-02-20 11:45:00,Peter,Vieira,peter.vieira@solvent.com,solvent.com,Paid Social - Meta,lead-form-broad,false
L005918,2026-02-13 10:45:00,Ivo,Farrell,ivo.farrell@solvent.com,solvent.com,Paid Social - Meta,mofu-retarget,false
L005919,2026-02-08 14:15:00,Siobhan,Szabo,siobhan.szabo@saltmarsh.com,saltmarsh.com,Paid Social - Meta,mofu-retarget,false
L005920,2026-02-02 10:30:00,Kenji,Kavanagh,kenji.kavanagh@granitepeak.com,granitepeak.com,Paid Social - Meta,lead-form-broad,false
L005921,2026-02-07 13:30:00,Mei,Aaltonen,mei.aaltonen@arclight.com,arclight.com,Paid Social - Meta,prospecting-lal,false
L005922,2026-02-21 09:45:00,Priya,Iyer,priya.iyer@lumen.com,lumen.com,Paid Social - Meta,lead-form-broad,true
L005923,2026-02-24 10:15:00,Rafael,Whitfield,rafael.whitfield@redwood.com,redwood.com,Paid Social - Meta,prospecting-lal,false
L005924,2026-02-17 12:45:00,Anaya,Horvat,anaya.horvat@granitepeak.com,granitepeak.com,Paid Social - Meta,prospecting-lal,false
L005925,2026-02-14 07:45:00,Tomas,Doyle,tomas.doyle@oakhurst.com,oakhurst.com,Paid Social - Meta,prospecting-lal,false
L005926,2026-02-02 20:00:00,Mei,Zhang,mei.zhang@marlowe.com,marlowe.com,Paid Social - Meta,mofu-retarget,false
L005927,2026-02-16 16:45:00,Lena,Demir,lena.demir@juniper.com,juniper.com,Paid Social - Meta,lead-form-broad,false
L005928,2026-02-01 15:00:00,Elodie,Ferreira,elodie.ferreira@brightpath.com,brightpath.com,Paid Social - Meta,mofu-retarget,false
L005929,2026-02-09 07:45:00,Lena,Almeida,lena.almeida@lumen.com,lumen.com,Paid Social - Meta,prospecting-lal,false
L005930,2026-02-09 10:45:00,Yusuf,Lindqvist,yusuf.lindqvist@thornbury.com,thornbury.com,Paid Social - Meta,lead-form-broad,false
L005931,2026-02-20 08:15:00,Rafael,Bahri,rafael.bahri@northwind.com,northwind.com,Paid Social - Meta,prospecting-lal,false
L005932,2026-02-26 13:15:00,Elodie,Vieira,elodie.vieira@halcyon.com,halcyon.com,Paid Social - Meta,lead-form-broad,false
L005933,2026-02-13 15:00:00,Beatriz,Watanabe,beatriz.watanabe@nimbus.com,nimbus.com,Paid Social - Meta,lead-form-broad,false
L005934,2026-02-17 09:30:00,Cormac,Castellanos,cormac.castellanos@redwood.com,redwood.com,Paid Social - Meta,prospecting-lal,false
L005935,2026-02-28 12:15:00,Arun,Mulvaney,arun.mulvaney@halcyon.com,halcyon.com,Paid Social - Meta,mofu-retarget,false
L005936,2026-02-28 11:00:00,Beatriz,Raghunathan,beatriz.raghunathan@dovetail.com,dovetail.com,Paid Social - Meta,lead-form-broad,false
L005937,2026-02-18 17:45:00,Kenji,Iyer,kenji.iyer@dovetail.com,dovetail.com,Paid Social - Meta,lead-form-broad,false
L005938,2026-02-01 20:15:00,Alicia,Aaltonen,alicia.aaltonen@tessellate.com,tessellate.com,Paid Social - Meta,mofu-retarget,false
L005939,2026-02-05 12:15:00,Priya,Krishnan,priya.krishnan@ironwood.com,ironwood.com,Paid Social - Meta,mofu-retarget,true
L005940,2026-02-13 12:00:00,Renata,Moreau,renata.moreau@marlowe.com,marlowe.com,Paid Social - Meta,mofu-retarget,false
L005941,2026-02-14 07:30:00,Hollis,Moreau,hollis.moreau@brightpath.com,brightpath.com,Paid Social - Meta,lead-form-broad,false
L005942,2026-02-27 20:00:00,Peter,Ferreira,peter.ferreira@juniper.com,juniper.com,Paid Social - Meta,prospecting-lal,false
L005943,2026-02-12 16:30:00,Estelle,Raghunathan,estelle.raghunathan@foxglove.com,foxglove.com,Paid Social - Meta,lead-form-broad,false
L005944,2026-02-11 15:15:00,Kenji,Mulvaney,kenji.mulvaney@tessellate.com,tessellate.com,Paid Social - Meta,mofu-retarget,false
L005945,2026-02-03 07:30:00,Omar,Byrne,omar.byrne@halcyon.com,halcyon.com,Paid Social - Meta,prospecting-lal,false
L005946,2026-02-17 09:15:00,Noor,Ferreira,noor.ferreira@solvent.com,solvent.com,Paid Social - Meta,mofu-retarget,false
L005947,2026-02-16 19:00:00,Malik,Castellanos,malik.castellanos@cascade.com,cascade.com,Paid Social - Meta,mofu-retarget,false
L005948,2026-02-24 17:45:00,Rafael,Grant,rafael.grant@brightpath.com,brightpath.com,Paid Social - Meta,mofu-retarget,false
L005949,2026-02-17 19:45:00,Siobhan,Farrell,siobhan.farrell@pinnacle.com,pinnacle.com,Paid Social - Meta,mofu-retarget,false
L005950,2026-02-20 11:15:00,Siobhan,Pires,siobhan.pires@cascade.com,cascade.com,Paid Social - Meta,lead-form-broad,false
L005951,2026-02-15 09:00:00,Priya,Lindqvist,priya.lindqvist@meridian.com,meridian.com,Paid Social - Meta,prospecting-lal,false
L005952,2026-02-05 09:15:00,Elodie,Zhang,elodie.zhang@ridgeline.com,ridgeline.com,Paid Social - Meta,lead-form-broad,false
L005953,2026-02-02 18:00:00,Mei,Krishnan,mei.krishnan@redwood.com,redwood.com,Paid Social - Meta,prospecting-lal,false
L005954,2026-02-13 20:15:00,Renata,Ferreira,renata.ferreira@juniper.com,juniper.com,Paid Social - Meta,mofu-retarget,false
L005955,2026-02-25 19:00:00,Beatriz,Lindqvist,beatriz.lindqvist@pinnacle.com,pinnacle.com,Paid Social - Meta,prospecting-lal,false
L005956,2026-02-09 14:45:00,Peter,Kavanagh,peter.kavanagh@ridgeline.com,ridgeline.com,Paid Social - Meta,mofu-retarget,false
L005957,2026-02-03 16:45:00,Renata,Petrov,renata.petrov@saltmarsh.com,saltmarsh.com,Paid Social - Meta,prospecting-lal,false
L005958,2026-02-21 20:30:00,Alicia,Whitfield,alicia.whitfield@saltmarsh.com,saltmarsh.com,Paid Social - Meta,prospecting-lal,false
L005959,2026-02-16 13:30:00,Darius,Petrov,darius.petrov@oakhurst.com,oakhurst.com,Paid Social - Meta,mofu-retarget,false
L005960,2026-02-09 07:30:00,Noor,Raghunathan,noor.raghunathan@ironwood.com,ironwood.com,Paid Social - Meta,prospecting-lal,false
L005961,2026-02-15 08:00:00,Yusuf,Iyer,yusuf.iyer@foxglove.com,foxglove.com,Paid Social - Meta,mofu-retarget,false
L005962,2026-02-27 09:45:00,Darius,Grant,darius.grant@oakhurst.com,oakhurst.com,Paid Social - Meta,lead-form-broad,false
L005963,2026-02-11 18:00:00,Cormac,Castellanos,cormac.castellanos@solvent.com,solvent.com,Paid Social - Meta,mofu-retarget,false
L005964,2026-02-25 13:00:00,Beatriz,Moreau,beatriz.moreau@ironwood.com,ironwood.com,Paid Social - Meta,prospecting-lal,false
L005965,2026-02-15 18:45:00,Rafael,Zhang,rafael.zhang@ember.com,ember.com,Paid Social - Meta,lead-form-broad,false
L005966,2026-02-15 07:15:00,Grace,Aaltonen,grace.aaltonen@ferrous.com,ferrous.com,Paid Social - Meta,mofu-retarget,false
L005967,2026-02-27 16:15:00,Adeola,Castellanos,adeola.castellanos@granitepeak.com,granitepeak.com,Paid Social - Meta,lead-form-broad,false
L005968,2026-02-25 14:15:00,Jonas,Doyle,jonas.doyle@brightpath.com,brightpath.com,Paid Social - Meta,mofu-retarget,false
L005969,2026-02-25 10:00:00,Tomas,Novak,tomas.novak@ironwood.com,ironwood.com,Paid Social - Meta,mofu-retarget,false
L005970,2026-02-17 20:00:00,Ivo,Whitfield,ivo.whitfield@harborview.com,harborview.com,Paid Social - Meta,prospecting-lal,false
L005971,2026-02-23 19:30:00,Grace,Byrne,grace.byrne@northwind.com,northwind.com,Paid Social - Meta,prospecting-lal,false
L005972,2026-02-28 17:45:00,Alicia,Farrell,alicia.farrell@dovetail.com,dovetail.com,Paid Social - Meta,mofu-retarget,false
L005973,2026-02-25 15:45:00,Arun,Castellanos,arun.castellanos@kestrel.com,kestrel.com,Paid Social - Meta,prospecting-lal,false
L005974,2026-02-18 14:45:00,Noor,Moreau,noor.moreau@juniper.com,juniper.com,Paid Social - Meta,prospecting-lal,false
L005975,2026-02-22 20:45:00,Rafael,Novak,rafael.novak@juniper.com,juniper.com,Paid Social - Meta,prospecting-lal,false
L005976,2026-02-09 16:00:00,Marcus,Raghunathan,marcus.raghunathan@harborview.com,harborview.com,Paid Social - Meta,mofu-retarget,false
L005977,2026-02-16 16:30:00,Estelle,Whitfield,estelle.whitfield@brightpath.com,brightpath.com,Paid Social - Meta,prospecting-lal,false
L005978,2026-02-21 16:00:00,Priya,Iyer,priya.iyer@harborview.com,harborview.com,Paid Social - Meta,mofu-retarget,false
L005979,2026-02-27 14:15:00,Noor,Horvat,noor.horvat@northwind.com,northwind.com,Paid Social - Meta,mofu-retarget,false
L005980,2026-02-28 19:45:00,Tomas,Aaltonen,tomas.aaltonen@nimbus.com,nimbus.com,Paid Social - Meta,prospecting-lal,false
L005981,2026-02-28 10:15:00,Darius,Byrne,darius.byrne@ironwood.com,ironwood.com,Paid Social - Meta,lead-form-broad,false
L005982,2026-02-23 14:15:00,Jonas,Haddad,jonas.haddad@saltmarsh.com,saltmarsh.com,Paid Social - Meta,prospecting-lal,false
L005983,2026-02-28 16:15:00,Marcus,Szabo,marcus.szabo@dovetail.com,dovetail.com,Paid Social - Meta,mofu-retarget,false
L005984,2026-02-01 09:45:00,Beatriz,Okonkwo,beatriz.okonkwo@kestrel.com,kestrel.com,Paid Social - Meta,mofu-retarget,false
L005985,2026-02-07 15:45:00,Ingrid,Ferreira,ingrid.ferreira@thornbury.com,thornbury.com,Paid Social - Meta,mofu-retarget,false
L005986,2026-02-01 07:00:00,Priya,Nwosu,priya.nwosu@oakhurst.com,oakhurst.com,Paid Social - Meta,lead-form-broad,false
L005987,2026-02-02 18:30:00,Cormac,Bergstrom,cormac.bergstrom@copperline.com,copperline.com,Paid Social - Meta,lead-form-broad,false
L005988,2026-02-21 17:15:00,Jonas,Castellanos,jonas.castellanos@dovetail.com,dovetail.com,Paid Social - Meta,lead-form-broad,false
L005989,2026-02-06 16:00:00,Marcus,Bergstrom,marcus.bergstrom@saltmarsh.com,saltmarsh.com,Paid Social - Meta,prospecting-lal,false
L005990,2026-02-09 10:15:00,Yusuf,Nwosu,yusuf.nwosu@nimbus.com,nimbus.com,Paid Social - Meta,prospecting-lal,false
L005991,2026-02-05 10:00:00,Estelle,Grant,estelle.grant@quarry.com,quarry.com,Paid Social - Meta,lead-form-broad,false
L005992,2026-02-10 18:45:00,Callum,Aaltonen,callum.aaltonen@ferrous.com,ferrous.com,Paid Social - Meta,mofu-retarget,false
L005993,2026-02-25 15:00:00,Jonas,Zhang,jonas.zhang@tessellate.com,tessellate.com,Paid Social - Meta,mofu-retarget,false
L005994,2026-02-05 17:00:00,Lena,Mulvaney,lena.mulvaney@granitepeak.com,granitepeak.com,Paid Social - Meta,prospecting-lal,false
L005995,2026-02-09 14:00:00,Noor,Bahri,noor.bahri@pinnacle.com,pinnacle.com,Paid Social - Meta,prospecting-lal,false
L005996,2026-02-15 13:30:00,Beatriz,Pires,beatriz.pires@juniper.com,juniper.com,Paid Social - Meta,mofu-retarget,false
L005997,2026-02-09 18:45:00,Renata,Ferreira,renata.ferreira@juniper.com,juniper.com,Paid Social - Meta,prospecting-lal,false
L005998,2026-02-15 14:00:00,Darius,Aaltonen,darius.aaltonen@kestrel.com,kestrel.com,Paid Social - Meta,mofu-retarget,false
L005999,2026-02-28 20:00:00,Grace,Haddad,grace.haddad@redwood.com,redwood.com,Paid Social - Meta,lead-form-broad,false
L006000,2026-02-16 13:00:00,Darius,Farrell,darius.farrell@brightpath.com,brightpath.com,Paid Social - Meta,prospecting-lal,false
L006001,2026-02-07 10:00:00,Siobhan,Haddad,siobhan.haddad@tessellate.com,tessellate.com,Paid Social - Meta,prospecting-lal,false
L006002,2026-02-21 07:00:00,Omar,Zhang,omar.zhang@quarry.com,quarry.com,Paid Social - Meta,lead-form-broad,false
L006003,2026-02-22 07:45:00,Kenji,Iyer,kenji.iyer@anvil.com,anvil.com,Paid Social - Meta,lead-form-broad,false
L006004,2026-02-13 15:00:00,Yusuf,Kavanagh,yusuf.kavanagh@ferrous.com,ferrous.com,Paid Social - Meta,prospecting-lal,false
L006005,2026-02-27 19:30:00,Darius,Horvat,darius.horvat@arclight.com,arclight.com,Paid Social - Meta,lead-form-broad,false
L006006,2026-02-19 14:00:00,Noor,Demir,noor.demir@redwood.com,redwood.com,Paid Social - Meta,lead-form-broad,false
L006007,2026-02-07 15:00:00,Peter,Nwosu,peter.nwosu@juniper.com,juniper.com,Paid Social - Meta,mofu-retarget,false
L006008,2026-02-03 20:15:00,Marcus,Okonkwo,marcus.okonkwo@ironwood.com,ironwood.com,Paid Social - Meta,prospecting-lal,false
L006009,2026-02-20 17:45:00,Hollis,Grant,hollis.grant@quarry.com,quarry.com,Paid Social - Meta,prospecting-lal,false
L006010,2026-02-22 08:15:00,Callum,Szabo,callum.szabo@ridgeline.com,ridgeline.com,Paid Social - Meta,mofu-retarget,false
L006011,2026-02-28 11:45:00,Rafael,Moreau,rafael.moreau@ridgeline.com,ridgeline.com,Paid Social - Meta,prospecting-lal,false
L006012,2026-02-27 11:45:00,Lena,Szabo,lena.szabo@lumen.com,lumen.com,Paid Social - Meta,mofu-retarget,false
L006013,2026-02-15 20:15:00,Alicia,Bahri,alicia.bahri@northwind.com,northwind.com,Paid Social - Meta,prospecting-lal,false
L006014,2026-02-14 15:00:00,Priya,Castellanos,priya.castellanos@redwood.com,redwood.com,Paid Social - Meta,mofu-retarget,false
L006015,2026-02-10 07:00:00,Beatriz,Farrell,beatriz.farrell@quillon.com,quillon.com,Paid Social - Meta,prospecting-lal,false
L006016,2026-02-19 14:30:00,Yusuf,Castellanos,yusuf.castellanos@kestrel.com,kestrel.com,Paid Social - Meta,prospecting-lal,false
L006017,2026-02-22 15:15:00,Elodie,Szabo,elodie.szabo@ironwood.com,ironwood.com,Paid Social - Meta,lead-form-broad,false
L006018,2026-02-22 18:45:00,Adeola,Novak,adeola.novak@quarry.com,quarry.com,Paid Social - Meta,lead-form-broad,false
L006019,2026-02-19 10:30:00,Tomas,Mulvaney,tomas.mulvaney@solvent.com,solvent.com,Paid Social - Meta,lead-form-broad,false
L006020,2026-02-07 08:15:00,Darius,Lindqvist,darius.lindqvist@northwind.com,northwind.com,Paid Social - Meta,mofu-retarget,false
L006021,2026-02-15 20:00:00,Beatriz,Farrell,beatriz.farrell@harborview.com,harborview.com,Paid Social - Meta,lead-form-broad,false
L006022,2026-02-07 13:30:00,Siobhan,Byrne,siobhan.byrne@brightpath.com,brightpath.com,Paid Social - Meta,lead-form-broad,false
L006023,2026-02-10 11:45:00,Mei,Ferreira,mei.ferreira@lumen.com,lumen.com,Paid Social - Meta,mofu-retarget,false
L006024,2026-02-18 19:00:00,Noor,Pires,noor.pires@copperline.com,copperline.com,Paid Social - Meta,mofu-retarget,false
L006025,2026-02-18 13:30:00,Cormac,Bahri,cormac.bahri@tessellate.com,tessellate.com,Paid Social - Meta,prospecting-lal,false
L006026,2026-02-27 18:00:00,Darius,Petrov,darius.petrov@redwood.com,redwood.com,Paid Social - Meta,mofu-retarget,false
L006027,2026-02-18 10:15:00,Margit,Moreau,margit.moreau@redwood.com,redwood.com,Paid Social - Meta,lead-form-broad,false
L006028,2026-02-09 12:45:00,Margit,Raghunathan,margit.raghunathan@thornbury.com,thornbury.com,Paid Social - Meta,mofu-retarget,false
L006029,2026-02-13 18:00:00,Malik,Aaltonen,malik.aaltonen@dovetail.com,dovetail.com,Paid Social - Meta,prospecting-lal,false
L006030,2026-02-25 16:00:00,Hollis,Lindqvist,hollis.lindqvist@brightpath.com,brightpath.com,Paid Social - Meta,mofu-retarget,false
L006031,2026-02-07 11:30:00,Anaya,Vieira,anaya.vieira@harborview.com,harborview.com,Paid Social - Meta,mofu-retarget,false
L006032,2026-02-09 11:00:00,Elodie,Krishnan,elodie.krishnan@foxglove.com,foxglove.com,Paid Social - Meta,lead-form-broad,false
L006033,2026-02-25 16:15:00,Hollis,Castellanos,hollis.castellanos@ferrous.com,ferrous.com,Paid Social - Meta,lead-form-broad,false
L006034,2026-02-11 20:30:00,Siobhan,Petrov,siobhan.petrov@solvent.com,solvent.com,Paid Social - Meta,prospecting-lal,false
L006035,2026-02-21 16:15:00,Rafael,Iyer,rafael.iyer@ridgeline.com,ridgeline.com,Paid Social - Meta,lead-form-broad,false
L006036,2026-02-14 18:15:00,Estelle,Iyer,estelle.iyer@marlowe.com,marlowe.com,Paid Social - Meta,lead-form-broad,false
L006037,2026-02-08 08:45:00,Kenji,Iyer,kenji.iyer@anvil.com,anvil.com,Paid Social - Meta,prospecting-lal,false
L006038,2026-02-08 16:45:00,Omar,Aaltonen,omar.aaltonen@juniper.com,juniper.com,Paid Social - Meta,lead-form-broad,false
L006039,2026-02-04 19:45:00,Kenji,Haddad,kenji.haddad@lumen.com,lumen.com,Paid Social - Meta,mofu-retarget,false
L006040,2026-02-09 09:45:00,Anaya,Haddad,anaya.haddad@tessellate.com,tessellate.com,Paid Social - Meta,lead-form-broad,false
L006041,2026-02-06 07:45:00,Omar,Raghunathan,omar.raghunathan@quarry.com,quarry.com,Paid Social - Meta,mofu-retarget,false
L006042,2026-02-10 14:00:00,Alicia,Mulvaney,alicia.mulvaney@foxglove.com,foxglove.com,Paid Social - Meta,prospecting-lal,false
L006043,2026-02-11 17:15:00,Darius,Moreau,darius.moreau@ridgeline.com,ridgeline.com,Paid Social - Meta,prospecting-lal,false
L006044,2026-02-11 15:00:00,Estelle,Watanabe,estelle.watanabe@anvil.com,anvil.com,Paid Social - Meta,mofu-retarget,false
L006045,2026-02-07 09:15:00,Siobhan,Novak,siobhan.novak@quarry.com,quarry.com,Paid Social - Meta,mofu-retarget,false
L006046,2026-02-07 16:15:00,Anaya,Zhang,anaya.zhang@northwind.com,northwind.com,Paid Social - Meta,lead-form-broad,false
L006047,2026-02-06 11:15:00,Beatriz,Lindqvist,beatriz.lindqvist@foxglove.com,foxglove.com,Paid Social - Meta,lead-form-broad,false
L006048,2026-02-21 17:00:00,Lena,Bergstrom,lena.bergstrom@nimbus.com,nimbus.com,Paid Social - Meta,lead-form-broad,false
L006049,2026-02-08 19:00:00,Peter,Szabo,peter.szabo@brightpath.com,brightpath.com,Paid Social - Meta,lead-form-broad,false
L006050,2026-02-11 17:45:00,Darius,Farrell,darius.farrell@ridgeline.com,ridgeline.com,Paid Social - Meta,lead-form-broad,false
L006051,2026-02-08 07:30:00,Lena,Zhang,lena.zhang@solvent.com,solvent.com,Paid Social - Meta,mofu-retarget,false
L006052,2026-02-07 09:00:00,Margit,Whitfield,margit.whitfield@tessellate.com,tessellate.com,Paid Social - Meta,prospecting-lal,false
L006053,2026-02-04 15:00:00,Priya,Doyle,priya.doyle@halcyon.com,halcyon.com,Paid Social - Meta,lead-form-broad,false
L006054,2026-02-18 08:00:00,Malik,Zhang,malik.zhang@solvent.com,solvent.com,Paid Social - Meta,lead-form-broad,false
L006055,2026-02-22 17:30:00,Cormac,Bahri,cormac.bahri@lumen.com,lumen.com,Paid Social - Meta,mofu-retarget,false
L006056,2026-02-16 12:15:00,Ingrid,Demir,ingrid.demir@thornbury.com,thornbury.com,Paid Social - Meta,prospecting-lal,false
L006057,2026-02-18 07:30:00,Beatriz,Mulvaney,beatriz.mulvaney@juniper.com,juniper.com,Paid Social - Meta,lead-form-broad,false
L006058,2026-02-21 20:15:00,Rafael,Horvat,rafael.horvat@nimbus.com,nimbus.com,Paid Social - Meta,prospecting-lal,false
L006059,2026-02-09 11:00:00,Siobhan,Iyer,siobhan.iyer@juniper.com,juniper.com,Paid Social - Meta,mofu-retarget,false
L006060,2026-02-16 16:30:00,Rafael,Castellanos,rafael.castellanos@juniper.com,juniper.com,Paid Social - Meta,prospecting-lal,false
L006061,2026-02-14 17:15:00,Adeola,Nwosu,adeola.nwosu@ember.com,ember.com,Paid Social - Meta,lead-form-broad,false
L006062,2026-02-02 19:15:00,Ingrid,Bergstrom,ingrid.bergstrom@saltmarsh.com,saltmarsh.com,Paid Social - Meta,lead-form-broad,false
L006063,2026-02-15 14:15:00,Margit,Krishnan,margit.krishnan@halcyon.com,halcyon.com,Paid Social - Meta,prospecting-lal,false
L006064,2026-02-11 08:15:00,Malik,Doyle,malik.doyle@ironwood.com,ironwood.com,Paid Social - Meta,lead-form-broad,false
L006065,2026-02-21 16:00:00,Kenji,Watanabe,kenji.watanabe@ember.com,ember.com,Paid Social - Meta,lead-form-broad,false
L006066,2026-02-05 09:45:00,Mei,Moreau,mei.moreau@nimbus.com,nimbus.com,Paid Social - Meta,mofu-retarget,false
L006067,2026-02-12 10:00:00,Estelle,Moreau,estelle.moreau@ferrous.com,ferrous.com,Paid Social - Meta,mofu-retarget,false
L006068,2026-02-18 08:15:00,Margit,Novak,margit.novak@juniper.com,juniper.com,Paid Social - Meta,mofu-retarget,false
L006069,2026-02-17 18:15:00,Beatriz,Moreau,beatriz.moreau@ironwood.com,ironwood.com,Paid Social - Meta,prospecting-lal,false
L006070,2026-02-27 12:30:00,Darius,Horvat,darius.horvat@saltmarsh.com,saltmarsh.com,Paid Social - Meta,lead-form-broad,false
L006071,2026-02-25 09:00:00,Beatriz,Krishnan,beatriz.krishnan@kestrel.com,kestrel.com,Paid Social - Meta,prospecting-lal,false
L006072,2026-02-25 18:15:00,Omar,Castellanos,omar.castellanos@pinnacle.com,pinnacle.com,Paid Social - Meta,prospecting-lal,false
L006073,2026-02-26 13:00:00,Omar,Watanabe,omar.watanabe@tessellate.com,tessellate.com,Paid Social - Meta,lead-form-broad,false
L006074,2026-02-08 08:45:00,Priya,Krishnan,priya.krishnan@ember.com,ember.com,Paid Social - Meta,lead-form-broad,false
L006075,2026-02-20 20:15:00,Beatriz,Kavanagh,beatriz.kavanagh@copperline.com,copperline.com,Paid Social - Meta,prospecting-lal,false
L006076,2026-02-06 11:15:00,Siobhan,Almeida,siobhan.almeida@ironwood.com,ironwood.com,Paid Social - Meta,lead-form-broad,false
L006077,2026-02-17 17:00:00,Callum,Castellanos,callum.castellanos@saltmarsh.com,saltmarsh.com,Paid Social - Meta,prospecting-lal,false
L006078,2026-02-23 12:30:00,Kenji,Okonkwo,kenji.okonkwo@cascade.com,cascade.com,Paid Social - Meta,lead-form-broad,false
L006079,2026-02-06 19:45:00,Hollis,Iyer,hollis.iyer@cascade.com,cascade.com,Paid Social - Meta,prospecting-lal,false
L006080,2026-02-26 10:45:00,Alicia,Moreau,alicia.moreau@pinnacle.com,pinnacle.com,Paid Social - Meta,lead-form-broad,false
L006081,2026-02-14 15:00:00,Yusuf,Watanabe,yusuf.watanabe@marlowe.com,marlowe.com,Paid Social - Meta,prospecting-lal,false
L006082,2026-02-20 20:30:00,Cormac,Krishnan,cormac.krishnan@saltmarsh.com,saltmarsh.com,Paid Search - Non-Brand,solution-terms,false
L006083,2026-02-15 10:15:00,Jonas,Raghunathan,jonas.raghunathan@kestrel.com,kestrel.com,Paid Search - Non-Brand,category-terms,false
L006084,2026-02-16 14:15:00,Estelle,Pires,estelle.pires@harborview.com,harborview.com,Paid Search - Non-Brand,competitor-terms,false
L006085,2026-02-26 10:00:00,Jonas,Castellanos,jonas.castellanos@saltmarsh.com,saltmarsh.com,Paid Search - Non-Brand,solution-terms,false
L006086,2026-02-09 13:30:00,Grace,Horvat,grace.horvat@arclight.com,arclight.com,Paid Search - Non-Brand,competitor-terms,false
L006087,2026-02-17 18:00:00,Margit,Aaltonen,margit.aaltonen@arclight.com,arclight.com,Paid Search - Non-Brand,competitor-terms,false
L006088,2026-02-13 16:45:00,Marcus,Mulvaney,marcus.mulvaney@ridgeline.com,ridgeline.com,Paid Search - Non-Brand,competitor-terms,false
L006089,2026-02-09 11:15:00,Priya,Raghunathan,priya.raghunathan@harborview.com,harborview.com,Paid Search - Non-Brand,solution-terms,false
L006090,2026-02-10 16:30:00,Alicia,Pires,alicia.pires@nimbus.com,nimbus.com,Paid Search - Non-Brand,solution-terms,false
L006091,2026-02-24 17:15:00,Elodie,Petrov,elodie.petrov@dovetail.com,dovetail.com,Paid Search - Non-Brand,competitor-terms,false
L006092,2026-02-15 18:15:00,Callum,Byrne,callum.byrne@quillon.com,quillon.com,Paid Search - Non-Brand,solution-terms,false
L006093,2026-02-15 07:00:00,Rafael,Grant,rafael.grant@saltmarsh.com,saltmarsh.com,Paid Search - Non-Brand,competitor-terms,false
L006094,2026-02-16 20:45:00,Estelle,Bergstrom,estelle.bergstrom@harborview.com,harborview.com,Paid Search - Non-Brand,solution-terms,false
L006095,2026-02-27 17:00:00,Beatriz,Horvat,beatriz.horvat@copperline.com,copperline.com,Paid Search - Non-Brand,solution-terms,false
L006096,2026-02-14 07:00:00,Callum,Petrov,callum.petrov@solvent.com,solvent.com,Paid Search - Non-Brand,solution-terms,false
L006097,2026-02-27 14:15:00,Adeola,Bahri,adeola.bahri@ridgeline.com,ridgeline.com,Paid Search - Non-Brand,category-terms,false
L006098,2026-02-13 13:45:00,Cormac,Okonkwo,cormac.okonkwo@marlowe.com,marlowe.com,Paid Search - Non-Brand,competitor-terms,false
L006099,2026-02-01 19:30:00,Yusuf,Novak,yusuf.novak@northwind.com,northwind.com,Paid Search - Non-Brand,competitor-terms,false
L006100,2026-02-19 08:45:00,Beatriz,Pires,beatriz.pires@ember.com,ember.com,Paid Search - Non-Brand,category-terms,false
L006101,2026-02-25 16:00:00,Noor,Iyer,noor.iyer@foxglove.com,foxglove.com,Paid Search - Non-Brand,solution-terms,false
L006102,2026-02-13 13:15:00,Anaya,Kavanagh,anaya.kavanagh@dovetail.com,dovetail.com,Paid Search - Non-Brand,category-terms,false
L006103,2026-02-13 07:15:00,Adeola,Whitfield,adeola.whitfield@ridgeline.com,ridgeline.com,Paid Search - Non-Brand,competitor-terms,false
L006104,2026-02-20 18:00:00,Siobhan,Lindqvist,siobhan.lindqvist@kestrel.com,kestrel.com,Paid Search - Non-Brand,category-terms,false
L006105,2026-02-21 19:30:00,Anaya,Lindqvist,anaya.lindqvist@dovetail.com,dovetail.com,Paid Search - Non-Brand,competitor-terms,false
L006106,2026-02-07 14:30:00,Mei,Kavanagh,mei.kavanagh@ferrous.com,ferrous.com,Paid Search - Non-Brand,solution-terms,false
L006107,2026-02-14 13:15:00,Rafael,Raghunathan,rafael.raghunathan@arclight.com,arclight.com,Paid Search - Non-Brand,competitor-terms,false
L006108,2026-02-08 10:00:00,Estelle,Doyle,estelle.doyle@solvent.com,solvent.com,Paid Search - Non-Brand,competitor-terms,false
L006109,2026-02-11 20:15:00,Marcus,Lindqvist,marcus.lindqvist@anvil.com,anvil.com,Paid Search - Non-Brand,solution-terms,false
L006110,2026-02-11 19:00:00,Peter,Szabo,peter.szabo@arclight.com,arclight.com,Paid Search - Non-Brand,competitor-terms,false
L006111,2026-02-23 15:00:00,Priya,Doyle,priya.doyle@marlowe.com,marlowe.com,Paid Search - Non-Brand,category-terms,false
L006112,2026-02-01 14:15:00,Marcus,Ferreira,marcus.ferreira@nimbus.com,nimbus.com,Paid Search - Non-Brand,solution-terms,false
L006113,2026-02-02 08:45:00,Alicia,Petrov,alicia.petrov@brightpath.com,brightpath.com,Paid Search - Non-Brand,category-terms,false
L006114,2026-02-01 14:45:00,Siobhan,Lindqvist,siobhan.lindqvist@ferrous.com,ferrous.com,Paid Search - Non-Brand,competitor-terms,false
L006115,2026-02-12 17:30:00,Omar,Horvat,omar.horvat@anvil.com,anvil.com,Paid Search - Non-Brand,competitor-terms,false
L006116,2026-02-03 10:00:00,Omar,Lindqvist,omar.lindqvist@redwood.com,redwood.com,Paid Search - Non-Brand,competitor-terms,false
L006117,2026-02-21 09:15:00,Marcus,Kavanagh,marcus.kavanagh@halcyon.com,halcyon.com,Paid Search - Non-Brand,category-terms,false
L006118,2026-02-02 07:30:00,Jonas,Farrell,jonas.farrell@halcyon.com,halcyon.com,Paid Search - Non-Brand,solution-terms,false
L006119,2026-02-27 10:00:00,Margit,Aaltonen,margit.aaltonen@quarry.com,quarry.com,Paid Search - Non-Brand,competitor-terms,false
L006120,2026-02-28 12:45:00,Marcus,Zhang,marcus.zhang@anvil.com,anvil.com,Paid Search - Non-Brand,category-terms,true
L006121,2026-02-25 19:45:00,Tomas,Aaltonen,tomas.aaltonen@juniper.com,juniper.com,Paid Search - Non-Brand,competitor-terms,false
L006122,2026-02-04 20:15:00,Lena,Doyle,lena.doyle@lumen.com,lumen.com,Paid Search - Non-Brand,category-terms,false
L006123,2026-02-15 10:15:00,Grace,Nwosu,grace.nwosu@foxglove.com,foxglove.com,Paid Search - Non-Brand,solution-terms,false
L006124,2026-02-26 08:15:00,Renata,Castellanos,renata.castellanos@kestrel.com,kestrel.com,Paid Search - Non-Brand,solution-terms,false
L006125,2026-02-21 17:45:00,Hollis,Demir,hollis.demir@northwind.com,northwind.com,Paid Search - Non-Brand,category-terms,false
L006126,2026-02-11 16:30:00,Ivo,Petrov,ivo.petrov@ember.com,ember.com,Paid Search - Non-Brand,category-terms,false
L006127,2026-02-21 09:00:00,Renata,Petrov,renata.petrov@ember.com,ember.com,Paid Search - Non-Brand,competitor-terms,false
L006128,2026-02-27 14:30:00,Hollis,Okonkwo,hollis.okonkwo@marlowe.com,marlowe.com,Paid Search - Non-Brand,category-terms,false
L006129,2026-02-13 07:30:00,Tomas,Haddad,tomas.haddad@northwind.com,northwind.com,Paid Search - Non-Brand,competitor-terms,false
L006130,2026-02-06 16:45:00,Beatriz,Moreau,beatriz.moreau@copperline.com,copperline.com,Paid Search - Non-Brand,competitor-terms,false
L006131,2026-02-16 09:30:00,Yusuf,Byrne,yusuf.byrne@harborview.com,harborview.com,Paid Search - Non-Brand,category-terms,false
L006132,2026-02-17 14:15:00,Adeola,Krishnan,adeola.krishnan@oakhurst.com,oakhurst.com,Paid Search - Non-Brand,category-terms,false
L006133,2026-02-24 10:30:00,Siobhan,Castellanos,siobhan.castellanos@lumen.com,lumen.com,Paid Search - Non-Brand,category-terms,false
L006134,2026-02-13 12:30:00,Kenji,Okonkwo,kenji.okonkwo@anvil.com,anvil.com,Paid Search - Non-Brand,category-terms,false
L006135,2026-02-06 18:45:00,Grace,Doyle,grace.doyle@anvil.com,anvil.com,Paid Search - Non-Brand,category-terms,false
L006136,2026-02-17 13:45:00,Lena,Nwosu,lena.nwosu@quarry.com,quarry.com,Paid Search - Non-Brand,competitor-terms,false
L006137,2026-02-26 10:45:00,Tomas,Whitfield,tomas.whitfield@dovetail.com,dovetail.com,Paid Search - Non-Brand,category-terms,false
L006138,2026-02-07 12:00:00,Renata,Farrell,renata.farrell@northwind.com,northwind.com,Paid Search - Non-Brand,category-terms,false
L006139,2026-02-24 11:15:00,Mei,Zhang,mei.zhang@kestrel.com,kestrel.com,Paid Search - Non-Brand,competitor-terms,false
L006140,2026-02-19 14:30:00,Jonas,Lindqvist,jonas.lindqvist@anvil.com,anvil.com,Paid Search - Non-Brand,category-terms,false
L006141,2026-02-14 18:45:00,Noor,Pires,noor.pires@foxglove.com,foxglove.com,Paid Search - Non-Brand,category-terms,false
L006142,2026-02-28 09:00:00,Ivo,Bahri,ivo.bahri@cascade.com,cascade.com,Paid Search - Non-Brand,category-terms,false
L006143,2026-02-27 09:45:00,Callum,Almeida,callum.almeida@ridgeline.com,ridgeline.com,Paid Search - Non-Brand,competitor-terms,false
L006144,2026-02-08 14:15:00,Malik,Farrell,malik.farrell@solvent.com,solvent.com,Paid Search - Non-Brand,solution-terms,false
L006145,2026-02-08 16:00:00,Lena,Mulvaney,lena.mulvaney@cascade.com,cascade.com,Paid Search - Non-Brand,category-terms,false
L006146,2026-02-02 11:45:00,Omar,Zhang,omar.zhang@foxglove.com,foxglove.com,Paid Search - Non-Brand,competitor-terms,false
L006147,2026-02-25 12:30:00,Mei,Bahri,mei.bahri@ridgeline.com,ridgeline.com,Paid Search - Non-Brand,competitor-terms,false
L006148,2026-02-06 14:30:00,Elodie,Lindqvist,elodie.lindqvist@tessellate.com,tessellate.com,Paid Search - Non-Brand,category-terms,false
L006149,2026-02-27 12:30:00,Peter,Petrov,peter.petrov@thornbury.com,thornbury.com,Paid Social - LinkedIn,content-download,false
L006150,2026-02-24 20:00:00,Hollis,Farrell,hollis.farrell@foxglove.com,foxglove.com,Paid Social - LinkedIn,abm-tier1,false
L006151,2026-02-28 07:15:00,Margit,Bergstrom,margit.bergstrom@quillon.com,quillon.com,Paid Social - LinkedIn,abm-tier1,false
L006152,2026-02-23 15:00:00,Grace,Byrne,grace.byrne@cascade.com,cascade.com,Paid Social - LinkedIn,abm-tier1,true
L006153,2026-02-10 12:30:00,Priya,Castellanos,priya.castellanos@oakhurst.com,oakhurst.com,Paid Social - LinkedIn,content-download,false
L006154,2026-02-18 16:30:00,Ivo,Almeida,ivo.almeida@quillon.com,quillon.com,Paid Social - LinkedIn,abm-tier1,false
L006155,2026-02-01 09:00:00,Alicia,Whitfield,alicia.whitfield@dovetail.com,dovetail.com,Paid Social - LinkedIn,abm-tier1,true
L006156,2026-02-06 10:00:00,Ivo,Bergstrom,ivo.bergstrom@halcyon.com,halcyon.com,Paid Social - LinkedIn,abm-tier1,false
L006157,2026-02-27 17:45:00,Renata,Aaltonen,renata.aaltonen@meridian.com,meridian.com,Paid Social - LinkedIn,jobtitle-targeting,false
L006158,2026-02-18 08:45:00,Siobhan,Iyer,siobhan.iyer@harborview.com,harborview.com,Paid Social - LinkedIn,jobtitle-targeting,false
L006159,2026-02-05 15:00:00,Beatriz,Almeida,beatriz.almeida@kestrel.com,kestrel.com,Paid Social - LinkedIn,content-download,true
L006160,2026-02-01 09:00:00,Peter,Demir,peter.demir@pinnacle.com,pinnacle.com,Paid Social - LinkedIn,abm-tier1,false
L006161,2026-02-25 15:30:00,Arun,Bergstrom,arun.bergstrom@cascade.com,cascade.com,Paid Social - LinkedIn,content-download,false
L006162,2026-02-28 20:30:00,Grace,Mulvaney,grace.mulvaney@anvil.com,anvil.com,Paid Social - LinkedIn,abm-tier1,false
L006163,2026-02-18 18:30:00,Tomas,Watanabe,tomas.watanabe@ironwood.com,ironwood.com,Paid Social - LinkedIn,abm-tier1,false
L006164,2026-02-18 07:45:00,Anaya,Zhang,anaya.zhang@ironwood.com,ironwood.com,Paid Social - LinkedIn,jobtitle-targeting,false
L006165,2026-02-03 10:15:00,Rafael,Nwosu,rafael.nwosu@solvent.com,solvent.com,Paid Social - LinkedIn,content-download,false
L006166,2026-02-20 20:15:00,Omar,Lindqvist,omar.lindqvist@tessellate.com,tessellate.com,Paid Social - LinkedIn,abm-tier1,false
L006167,2026-02-05 17:00:00,Renata,Szabo,renata.szabo@cascade.com,cascade.com,Paid Social - LinkedIn,abm-tier1,true
L006168,2026-02-13 18:00:00,Grace,Vieira,grace.vieira@brightpath.com,brightpath.com,Paid Social - LinkedIn,abm-tier1,false
L006169,2026-02-10 10:45:00,Tomas,Aaltonen,tomas.aaltonen@solvent.com,solvent.com,Paid Social - LinkedIn,abm-tier1,false
L006170,2026-02-23 08:15:00,Beatriz,Szabo,beatriz.szabo@marlowe.com,marlowe.com,Paid Social - LinkedIn,content-download,false
L006171,2026-02-12 14:15:00,Callum,Novak,callum.novak@arclight.com,arclight.com,Paid Social - LinkedIn,content-download,false
L006172,2026-02-28 14:15:00,Kenji,Horvat,kenji.horvat@pinnacle.com,pinnacle.com,Paid Social - LinkedIn,content-download,false
L006173,2026-02-10 12:15:00,Tomas,Watanabe,tomas.watanabe@northwind.com,northwind.com,Paid Social - LinkedIn,jobtitle-targeting,false
L006174,2026-02-26 14:00:00,Grace,Watanabe,grace.watanabe@juniper.com,juniper.com,Paid Social - LinkedIn,abm-tier1,false
L006175,2026-02-24 11:15:00,Rafael,Zhang,rafael.zhang@granitepeak.com,granitepeak.com,Paid Social - LinkedIn,content-download,false
L006176,2026-02-09 19:45:00,Arun,Haddad,arun.haddad@lumen.com,lumen.com,Paid Social - LinkedIn,jobtitle-targeting,false
L006177,2026-02-10 08:15:00,Jonas,Nwosu,jonas.nwosu@cascade.com,cascade.com,Paid Social - LinkedIn,content-download,false
L006178,2026-02-16 07:00:00,Yusuf,Whitfield,yusuf.whitfield@anvil.com,anvil.com,Paid Social - LinkedIn,content-download,false
L006179,2026-02-19 14:45:00,Lena,Aaltonen,lena.aaltonen@foxglove.com,foxglove.com,Paid Social - LinkedIn,content-download,false
L006180,2026-02-01 18:00:00,Hollis,Doyle,hollis.doyle@brightpath.com,brightpath.com,Organic / Direct,none,false
L006181,2026-02-11 17:30:00,Priya,Watanabe,priya.watanabe@ridgeline.com,ridgeline.com,Organic / Direct,none,false
L006182,2026-02-17 18:30:00,Ivo,Farrell,ivo.farrell@foxglove.com,foxglove.com,Organic / Direct,none,false
L006183,2026-02-09 08:30:00,Anaya,Pires,anaya.pires@foxglove.com,foxglove.com,Organic / Direct,none,false
L006184,2026-02-07 19:00:00,Tomas,Vieira,tomas.vieira@brightpath.com,brightpath.com,Organic / Direct,none,false
L006185,2026-02-03 18:15:00,Tomas,Okonkwo,tomas.okonkwo@redwood.com,redwood.com,Organic / Direct,none,false
L006186,2026-02-01 09:15:00,Beatriz,Szabo,beatriz.szabo@thornbury.com,thornbury.com,Organic / Direct,none,false
L006187,2026-02-20 08:45:00,Darius,Almeida,darius.almeida@brightpath.com,brightpath.com,Organic / Direct,none,false
L006188,2026-02-22 19:45:00,Omar,Vieira,omar.vieira@brightpath.com,brightpath.com,Organic / Direct,none,false
L006189,2026-02-24 11:00:00,Yusuf,Raghunathan,yusuf.raghunathan@arclight.com,arclight.com,Organic / Direct,none,true
L006190,2026-02-12 10:15:00,Omar,Bahri,omar.bahri@marlowe.com,marlowe.com,Organic / Direct,none,false
L006191,2026-02-07 10:45:00,Mei,Moreau,mei.moreau@marlowe.com,marlowe.com,Organic / Direct,none,false
L006192,2026-02-14 11:30:00,Jonas,Doyle,jonas.doyle@anvil.com,anvil.com,Organic / Direct,none,false
L006193,2026-02-23 17:45:00,Lena,Almeida,lena.almeida@meridian.com,meridian.com,Organic / Direct,none,false
L006194,2026-02-16 11:00:00,Renata,Moreau,renata.moreau@copperline.com,copperline.com,Organic / Direct,none,false
L006195,2026-02-07 17:00:00,Siobhan,Horvat,siobhan.horvat@harborview.com,harborview.com,Organic / Direct,none,false
L006196,2026-02-15 12:30:00,Priya,Castellanos,priya.castellanos@quarry.com,quarry.com,Organic / Direct,none,false
L006197,2026-02-03 18:45:00,Priya,Mulvaney,priya.mulvaney@ember.com,ember.com,Organic / Direct,none,false
L006198,2026-02-20 11:45:00,Alicia,Ferreira,alicia.ferreira@quarry.com,quarry.com,Organic / Direct,none,false
L006199,2026-02-11 16:15:00,Callum,Grant,callum.grant@halcyon.com,halcyon.com,Organic / Direct,none,false
L006200,2026-02-03 17:15:00,Marcus,Bahri,marcus.bahri@arclight.com,arclight.com,Organic / Direct,none,false
L006201,2026-02-12 16:30:00,Siobhan,Okonkwo,siobhan.okonkwo@harborview.com,harborview.com,Organic / Direct,none,false
L006202,2026-02-22 14:30:00,Ingrid,Pires,ingrid.pires@harborview.com,harborview.com,Organic / Direct,none,true
L006203,2026-02-13 20:00:00,Arun,Farrell,arun.farrell@meridian.com,meridian.com,Organic / Direct,none,false
L006204,2026-02-13 12:15:00,Ingrid,Farrell,ingrid.farrell@lumen.com,lumen.com,Organic / Direct,none,false
L006205,2026-02-08 18:45:00,Elodie,Doyle,elodie.doyle@copperline.com,copperline.com,Organic / Direct,none,false
L006206,2026-02-03 10:30:00,Darius,Lindqvist,darius.lindqvist@quillon.com,quillon.com,Organic / Direct,none,false
L006207,2026-02-09 19:45:00,Priya,Moreau,priya.moreau@northwind.com,northwind.com,Organic / Direct,none,false
L006208,2026-02-04 09:15:00,Siobhan,Kavanagh,siobhan.kavanagh@solvent.com,solvent.com,Organic / Direct,none,false
L006209,2026-02-13 08:45:00,Elodie,Haddad,elodie.haddad@granitepeak.com,granitepeak.com,Organic / Direct,none,false
L006210,2026-03-04 13:45:00,Kenji,Whitfield,kenji.whitfield@redwood.com,redwood.com,Display - Programmatic,retarget-display,false
L006211,2026-03-15 10:30:00,Peter,Farrell,peter.farrell@ember.com,ember.com,Display - Programmatic,retarget-display,false
L006212,2026-03-16 12:45:00,Estelle,Almeida,estelle.almeida@thornbury.com,thornbury.com,Display - Programmatic,contextual-b2b,false
L006213,2026-03-17 20:15:00,Kenji,Petrov,kenji.petrov@dovetail.com,dovetail.com,Display - Programmatic,retarget-display,false
L006214,2026-03-20 13:00:00,Yusuf,Ferreira,yusuf.ferreira@copperline.com,copperline.com,Display - Programmatic,contextual-b2b,false
L006215,2026-03-29 13:00:00,Jonas,Byrne,jonas.byrne@granitepeak.com,granitepeak.com,Display - Programmatic,contextual-b2b,false
L006216,2026-03-18 20:00:00,Tomas,Horvat,tomas.horvat@quarry.com,quarry.com,Display - Programmatic,contextual-b2b,false
L006217,2026-03-27 20:15:00,Elodie,Ferreira,elodie.ferreira@northwind.com,northwind.com,Display - Programmatic,contextual-b2b,false
L006218,2026-03-30 16:30:00,Priya,Ferreira,priya.ferreira@copperline.com,copperline.com,Display - Programmatic,contextual-b2b,false
L006219,2026-03-19 19:15:00,Yusuf,Aaltonen,yusuf.aaltonen@meridian.com,meridian.com,Display - Programmatic,contextual-b2b,false
L006220,2026-03-10 20:15:00,Cormac,Almeida,cormac.almeida@granitepeak.com,granitepeak.com,Display - Programmatic,contextual-b2b,false
L006221,2026-03-25 16:45:00,Darius,Kavanagh,darius.kavanagh@dovetail.com,dovetail.com,Display - Programmatic,contextual-b2b,false
L006222,2026-03-25 13:45:00,Anaya,Nwosu,anaya.nwosu@granitepeak.com,granitepeak.com,Display - Programmatic,contextual-b2b,false
L006223,2026-03-29 16:00:00,Cormac,Iyer,cormac.iyer@copperline.com,copperline.com,Display - Programmatic,contextual-b2b,false
L006224,2026-03-17 11:45:00,Siobhan,Okonkwo,siobhan.okonkwo@kestrel.com,kestrel.com,Display - Programmatic,contextual-b2b,false
L006225,2026-03-11 10:45:00,Ivo,Grant,ivo.grant@solvent.com,solvent.com,Display - Programmatic,contextual-b2b,false
L006226,2026-03-01 16:30:00,Grace,Haddad,grace.haddad@nimbus.com,nimbus.com,Display - Programmatic,retarget-display,false
L006227,2026-03-23 07:15:00,Rafael,Byrne,rafael.byrne@ironwood.com,ironwood.com,Display - Programmatic,contextual-b2b,false
L006228,2026-03-14 16:15:00,Ivo,Farrell,ivo.farrell@ridgeline.com,ridgeline.com,Display - Programmatic,contextual-b2b,false
L006229,2026-03-10 12:15:00,Kenji,Aaltonen,kenji.aaltonen@foxglove.com,foxglove.com,Display - Programmatic,retarget-display,false
L006230,2026-03-11 07:45:00,Grace,Iyer,grace.iyer@northwind.com,northwind.com,Display - Programmatic,contextual-b2b,false
L006231,2026-03-11 10:00:00,Hollis,Pires,hollis.pires@marlowe.com,marlowe.com,Display - Programmatic,retarget-display,false
L006232,2026-03-19 07:30:00,Omar,Haddad,omar.haddad@saltmarsh.com,saltmarsh.com,Display - Programmatic,contextual-b2b,false
L006233,2026-03-11 08:45:00,Adeola,Petrov,adeola.petrov@quarry.com,quarry.com,Display - Programmatic,contextual-b2b,false
L006234,2026-03-08 20:45:00,Anaya,Novak,anaya.novak@saltmarsh.com,saltmarsh.com,Display - Programmatic,retarget-display,false
L006235,2026-03-28 10:15:00,Anaya,Mulvaney,anaya.mulvaney@dovetail.com,dovetail.com,Display - Programmatic,retarget-display,false
L006236,2026-03-24 10:15:00,Peter,Byrne,peter.byrne@lumen.com,lumen.com,Display - Programmatic,contextual-b2b,false
L006237,2026-03-24 08:45:00,Arun,Vieira,arun.vieira@ridgeline.com,ridgeline.com,Display - Programmatic,contextual-b2b,false
L006238,2026-03-04 07:45:00,Marcus,Vieira,marcus.vieira@dovetail.com,dovetail.com,Display - Programmatic,contextual-b2b,false
L006239,2026-03-02 13:45:00,Cormac,Doyle,cormac.doyle@cascade.com,cascade.com,Display - Programmatic,retarget-display,false
L006240,2026-03-31 18:45:00,Elodie,Horvat,elodie.horvat@nimbus.com,nimbus.com,Display - Programmatic,contextual-b2b,false
L006241,2026-03-21 08:00:00,Cormac,Mulvaney,cormac.mulvaney@lumen.com,lumen.com,Display - Programmatic,contextual-b2b,false
L006242,2026-03-09 17:00:00,Lena,Nwosu,lena.nwosu@cascade.com,cascade.com,Display - Programmatic,retarget-display,false
L006243,2026-03-23 12:45:00,Darius,Raghunathan,darius.raghunathan@thornbury.com,thornbury.com,Display - Programmatic,retarget-display,false
L006244,2026-03-31 16:45:00,Adeola,Demir,adeola.demir@ferrous.com,ferrous.com,Display - Programmatic,retarget-display,false
L006245,2026-03-17 19:15:00,Callum,Byrne,callum.byrne@ironwood.com,ironwood.com,Display - Programmatic,retarget-display,false
L006246,2026-03-17 11:45:00,Marcus,Moreau,marcus.moreau@redwood.com,redwood.com,Display - Programmatic,retarget-display,false
L006247,2026-03-28 18:00:00,Peter,Iyer,peter.iyer@lumen.com,lumen.com,Display - Programmatic,retarget-display,false
L006248,2026-03-09 10:00:00,Elodie,Doyle,elodie.doyle@lumen.com,lumen.com,Display - Programmatic,retarget-display,false
L006249,2026-03-26 19:00:00,Estelle,Bergstrom,estelle.bergstrom@marlowe.com,marlowe.com,Display - Programmatic,retarget-display,false
L006250,2026-03-15 18:15:00,Marcus,Kavanagh,marcus.kavanagh@marlowe.com,marlowe.com,Display - Programmatic,retarget-display,false
L006251,2026-03-05 11:45:00,Tomas,Haddad,tomas.haddad@ridgeline.com,ridgeline.com,Display - Programmatic,contextual-b2b,false
L006252,2026-03-20 08:15:00,Yusuf,Watanabe,yusuf.watanabe@granitepeak.com,granitepeak.com,Display - Programmatic,retarget-display,false
L006253,2026-03-01 07:15:00,Jonas,Haddad,jonas.haddad@ferrous.com,ferrous.com,Display - Programmatic,retarget-display,false
L006254,2026-03-05 20:00:00,Tomas,Watanabe,tomas.watanabe@brightpath.com,brightpath.com,Display - Programmatic,retarget-display,false
L006255,2026-03-21 09:15:00,Estelle,Pires,estelle.pires@meridian.com,meridian.com,Display - Programmatic,retarget-display,false
L006256,2026-03-06 15:15:00,Arun,Farrell,arun.farrell@harborview.com,harborview.com,Display - Programmatic,retarget-display,false
L006257,2026-03-29 13:45:00,Malik,Whitfield,malik.whitfield@oakhurst.com,oakhurst.com,Display - Programmatic,contextual-b2b,false
L006258,2026-03-30 07:30:00,Peter,Watanabe,peter.watanabe@harborview.com,harborview.com,Display - Programmatic,retarget-display,false
L006259,2026-03-18 14:45:00,Yusuf,Pires,yusuf.pires@dovetail.com,dovetail.com,Display - Programmatic,retarget-display,false
L006260,2026-03-04 14:30:00,Rafael,Petrov,rafael.petrov@oakhurst.com,oakhurst.com,Display - Programmatic,contextual-b2b,false
L006261,2026-03-02 10:15:00,Marcus,Petrov,marcus.petrov@kestrel.com,kestrel.com,Display - Programmatic,contextual-b2b,false
L006262,2026-03-17 13:30:00,Peter,Lindqvist,peter.lindqvist@saltmarsh.com,saltmarsh.com,Display - Programmatic,contextual-b2b,false
L006263,2026-03-17 08:45:00,Jonas,Whitfield,jonas.whitfield@cascade.com,cascade.com,Display - Programmatic,retarget-display,false
L006264,2026-03-15 09:30:00,Marcus,Grant,marcus.grant@redwood.com,redwood.com,Display - Programmatic,contextual-b2b,false
L006265,2026-03-27 12:00:00,Callum,Castellanos,callum.castellanos@redwood.com,redwood.com,Display - Programmatic,retarget-display,false
L006266,2026-03-30 13:45:00,Mei,Krishnan,mei.krishnan@harborview.com,harborview.com,Display - Programmatic,contextual-b2b,false
L006267,2026-03-27 08:30:00,Peter,Horvat,peter.horvat@meridian.com,meridian.com,Display - Programmatic,contextual-b2b,false
L006268,2026-03-21 17:15:00,Malik,Farrell,malik.farrell@oakhurst.com,oakhurst.com,Display - Programmatic,contextual-b2b,false
L006269,2026-03-24 13:15:00,Arun,Krishnan,arun.krishnan@nimbus.com,nimbus.com,Display - Programmatic,contextual-b2b,false
L006270,2026-03-30 12:15:00,Arun,Horvat,arun.horvat@anvil.com,anvil.com,Display - Programmatic,retarget-display,false
L006271,2026-03-14 20:00:00,Ivo,Nwosu,ivo.nwosu@lumen.com,lumen.com,Display - Programmatic,contextual-b2b,false
L006272,2026-03-29 16:45:00,Hollis,Grant,hollis.grant@redwood.com,redwood.com,Display - Programmatic,retarget-display,false
L006273,2026-03-09 13:00:00,Ingrid,Aaltonen,ingrid.aaltonen@tessellate.com,tessellate.com,Display - Programmatic,contextual-b2b,false
L006274,2026-03-02 12:30:00,Cormac,Kavanagh,cormac.kavanagh@ironwood.com,ironwood.com,Display - Programmatic,retarget-display,false
L006275,2026-03-28 10:00:00,Rafael,Okonkwo,rafael.okonkwo@halcyon.com,halcyon.com,Display - Programmatic,contextual-b2b,false
L006276,2026-03-26 14:45:00,Callum,Raghunathan,callum.raghunathan@granitepeak.com,granitepeak.com,Display - Programmatic,retarget-display,false
L006277,2026-03-03 16:15:00,Noor,Moreau,noor.moreau@copperline.com,copperline.com,Display - Programmatic,retarget-display,false
L006278,2026-03-16 16:30:00,Malik,Raghunathan,malik.raghunathan@nimbus.com,nimbus.com,Display - Programmatic,retarget-display,false
L006279,2026-03-15 19:15:00,Rafael,Almeida,rafael.almeida@nimbus.com,nimbus.com,Display - Programmatic,contextual-b2b,false
L006280,2026-03-22 12:00:00,Malik,Mulvaney,malik.mulvaney@ferrous.com,ferrous.com,Display - Programmatic,contextual-b2b,false
L006281,2026-03-15 18:45:00,Yusuf,Pires,yusuf.pires@juniper.com,juniper.com,Display - Programmatic,retarget-display,false
L006282,2026-03-28 15:00:00,Alicia,Castellanos,alicia.castellanos@halcyon.com,halcyon.com,Display - Programmatic,retarget-display,false
L006283,2026-03-17 07:30:00,Priya,Zhang,priya.zhang@quillon.com,quillon.com,Display - Programmatic,retarget-display,false
L006284,2026-03-31 18:00:00,Callum,Szabo,callum.szabo@redwood.com,redwood.com,Display - Programmatic,contextual-b2b,false
L006285,2026-03-28 17:30:00,Grace,Watanabe,grace.watanabe@arclight.com,arclight.com,Display - Programmatic,retarget-display,false
L006286,2026-03-21 09:00:00,Hollis,Almeida,hollis.almeida@redwood.com,redwood.com,Display - Programmatic,retarget-display,false
L006287,2026-03-09 18:00:00,Jonas,Farrell,jonas.farrell@ironwood.com,ironwood.com,Display - Programmatic,retarget-display,false
L006288,2026-03-05 08:00:00,Ingrid,Petrov,ingrid.petrov@saltmarsh.com,saltmarsh.com,Display - Programmatic,contextual-b2b,false
L006289,2026-03-13 11:45:00,Marcus,Haddad,marcus.haddad@solvent.com,solvent.com,Paid Search - Brand,brand-phrase,false
L006290,2026-03-26 15:45:00,Priya,Byrne,priya.byrne@lumen.com,lumen.com,Paid Search - Brand,brand-exact,false
L006291,2026-03-16 13:30:00,Lena,Farrell,lena.farrell@marlowe.com,marlowe.com,Paid Search - Brand,brand-phrase,false
L006292,2026-03-29 09:30:00,Lena,Almeida,lena.almeida@saltmarsh.com,saltmarsh.com,Paid Search - Brand,brand-phrase,true
L006293,2026-03-18 20:00:00,Jonas,Okonkwo,jonas.okonkwo@pinnacle.com,pinnacle.com,Paid Search - Brand,brand-exact,false
L006294,2026-03-03 09:45:00,Ingrid,Szabo,ingrid.szabo@brightpath.com,brightpath.com,Paid Search - Brand,brand-exact,false
L006295,2026-03-16 11:00:00,Malik,Petrov,malik.petrov@copperline.com,copperline.com,Paid Search - Brand,brand-phrase,false
L006296,2026-03-30 13:30:00,Callum,Doyle,callum.doyle@cascade.com,cascade.com,Paid Search - Brand,brand-exact,false
L006297,2026-03-04 13:15:00,Noor,Byrne,noor.byrne@copperline.com,copperline.com,Paid Search - Brand,brand-exact,false
L006298,2026-03-05 16:15:00,Ingrid,Moreau,ingrid.moreau@oakhurst.com,oakhurst.com,Paid Search - Brand,brand-phrase,false
L006299,2026-03-31 16:45:00,Priya,Byrne,priya.byrne@ferrous.com,ferrous.com,Paid Search - Brand,brand-phrase,false
L006300,2026-03-09 12:15:00,Omar,Vieira,omar.vieira@quarry.com,quarry.com,Paid Search - Brand,brand-exact,false
L006301,2026-03-25 11:45:00,Marcus,Pires,marcus.pires@ironwood.com,ironwood.com,Paid Search - Brand,brand-exact,true
L006302,2026-03-06 18:45:00,Beatriz,Raghunathan,beatriz.raghunathan@oakhurst.com,oakhurst.com,Paid Search - Brand,brand-phrase,true
L006303,2026-03-28 19:45:00,Alicia,Ferreira,alicia.ferreira@solvent.com,solvent.com,Paid Search - Brand,brand-phrase,false
L006304,2026-03-23 10:30:00,Renata,Nwosu,renata.nwosu@copperline.com,copperline.com,Paid Search - Brand,brand-phrase,false
L006305,2026-03-05 18:00:00,Kenji,Almeida,kenji.almeida@quarry.com,quarry.com,Paid Search - Brand,brand-exact,false
L006306,2026-03-26 16:15:00,Jonas,Szabo,jonas.szabo@copperline.com,copperline.com,Paid Search - Brand,brand-exact,false
L006307,2026-03-01 08:45:00,Ivo,Petrov,ivo.petrov@quillon.com,quillon.com,Paid Search - Brand,brand-exact,false
L006308,2026-03-11 18:45:00,Margit,Raghunathan,margit.raghunathan@granitepeak.com,granitepeak.com,Paid Search - Brand,brand-phrase,false
L006309,2026-03-01 09:30:00,Jonas,Horvat,jonas.horvat@meridian.com,meridian.com,Paid Search - Brand,brand-exact,false
L006310,2026-03-25 07:30:00,Callum,Bergstrom,callum.bergstrom@saltmarsh.com,saltmarsh.com,Paid Search - Brand,brand-exact,false
L006311,2026-03-31 20:45:00,Mei,Okonkwo,mei.okonkwo@northwind.com,northwind.com,Paid Search - Brand,brand-exact,false
L006312,2026-03-16 15:30:00,Yusuf,Krishnan,yusuf.krishnan@northwind.com,northwind.com,Paid Search - Brand,brand-exact,false
L006313,2026-03-05 08:15:00,Grace,Doyle,grace.doyle@marlowe.com,marlowe.com,Paid Search - Brand,brand-exact,false
L006314,2026-03-07 08:30:00,Yusuf,Szabo,yusuf.szabo@ridgeline.com,ridgeline.com,Paid Search - Brand,brand-phrase,false
L006315,2026-03-02 17:15:00,Jonas,Doyle,jonas.doyle@thornbury.com,thornbury.com,Paid Search - Brand,brand-exact,false
L006316,2026-03-28 16:15:00,Darius,Petrov,darius.petrov@ridgeline.com,ridgeline.com,Paid Search - Brand,brand-phrase,false
L006317,2026-03-27 08:15:00,Kenji,Raghunathan,kenji.raghunathan@foxglove.com,foxglove.com,Paid Search - Brand,brand-phrase,false
L006318,2026-03-26 17:45:00,Alicia,Almeida,alicia.almeida@quarry.com,quarry.com,Paid Search - Brand,brand-phrase,false
L006319,2026-03-16 11:30:00,Callum,Moreau,callum.moreau@ridgeline.com,ridgeline.com,Paid Search - Brand,brand-exact,false
L006320,2026-03-13 11:30:00,Omar,Okonkwo,omar.okonkwo@tessellate.com,tessellate.com,Paid Search - Brand,brand-exact,false
L006321,2026-03-17 16:00:00,Anaya,Almeida,anaya.almeida@arclight.com,arclight.com,Paid Search - Brand,brand-exact,false
L006322,2026-03-09 08:45:00,Mei,Doyle,mei.doyle@northwind.com,northwind.com,Paid Search - Brand,brand-exact,false
L006323,2026-03-21 14:00:00,Marcus,Byrne,marcus.byrne@saltmarsh.com,saltmarsh.com,Paid Search - Brand,brand-phrase,false
L006324,2026-03-25 12:45:00,Margit,Vieira,margit.vieira@copperline.com,copperline.com,Paid Search - Brand,brand-exact,true
L006325,2026-03-14 18:15:00,Darius,Castellanos,darius.castellanos@meridian.com,meridian.com,Paid Search - Brand,brand-phrase,false
L006326,2026-03-16 14:00:00,Lena,Ferreira,lena.ferreira@redwood.com,redwood.com,Paid Search - Brand,brand-exact,false
L006327,2026-03-15 19:15:00,Margit,Novak,margit.novak@ferrous.com,ferrous.com,Paid Search - Brand,brand-phrase,false
L006328,2026-03-10 17:45:00,Priya,Vieira,priya.vieira@tessellate.com,tessellate.com,Paid Search - Brand,brand-phrase,false
L006329,2026-03-19 19:45:00,Omar,Ferreira,omar.ferreira@marlowe.com,marlowe.com,Paid Search - Brand,brand-exact,false
L006330,2026-03-12 12:15:00,Adeola,Pires,adeola.pires@dovetail.com,dovetail.com,Paid Search - Brand,brand-exact,true
L006331,2026-03-15 11:45:00,Elodie,Nwosu,elodie.nwosu@thornbury.com,thornbury.com,Paid Search - Brand,brand-phrase,false
L006332,2026-03-18 17:15:00,Elodie,Szabo,elodie.szabo@marlowe.com,marlowe.com,Paid Search - Brand,brand-phrase,false
L006333,2026-03-09 20:45:00,Darius,Petrov,darius.petrov@oakhurst.com,oakhurst.com,Paid Search - Brand,brand-phrase,false
L006334,2026-03-10 12:30:00,Yusuf,Zhang,yusuf.zhang@foxglove.com,foxglove.com,Paid Search - Brand,brand-exact,false
L006335,2026-03-26 14:45:00,Anaya,Haddad,anaya.haddad@brightpath.com,brightpath.com,Paid Search - Brand,brand-phrase,false
L006336,2026-03-16 20:00:00,Alicia,Krishnan,alicia.krishnan@copperline.com,copperline.com,Paid Search - Brand,brand-exact,false
L006337,2026-03-10 17:45:00,Omar,Almeida,omar.almeida@quillon.com,quillon.com,Paid Search - Brand,brand-phrase,false
L006338,2026-03-31 10:15:00,Lena,Aaltonen,lena.aaltonen@anvil.com,anvil.com,Paid Search - Brand,brand-phrase,false
L006339,2026-03-31 08:15:00,Rafael,Farrell,rafael.farrell@arclight.com,arclight.com,Paid Search - Brand,brand-exact,false
L006340,2026-03-21 09:30:00,Lena,Grant,lena.grant@nimbus.com,nimbus.com,Paid Search - Brand,brand-phrase,false
L006341,2026-03-27 19:00:00,Cormac,Okonkwo,cormac.okonkwo@pinnacle.com,pinnacle.com,Paid Search - Brand,brand-exact,false
L006342,2026-03-13 20:30:00,Malik,Horvat,malik.horvat@juniper.com,juniper.com,Paid Search - Brand,brand-phrase,false
L006343,2026-03-18 19:15:00,Estelle,Iyer,estelle.iyer@northwind.com,northwind.com,Paid Search - Brand,brand-exact,false
L006344,2026-03-21 13:15:00,Noor,Novak,noor.novak@kestrel.com,kestrel.com,Paid Search - Brand,brand-exact,false
L006345,2026-03-02 07:15:00,Beatriz,Novak,beatriz.novak@juniper.com,juniper.com,Paid Search - Brand,brand-phrase,true
L006346,2026-03-05 07:00:00,Darius,Doyle,darius.doyle@thornbury.com,thornbury.com,Paid Search - Brand,brand-phrase,false
L006347,2026-03-07 19:00:00,Noor,Ferreira,noor.ferreira@foxglove.com,foxglove.com,Paid Search - Brand,brand-phrase,false
L006348,2026-03-01 14:00:00,Noor,Almeida,noor.almeida@anvil.com,anvil.com,Paid Search - Brand,brand-exact,false
L006349,2026-03-15 12:00:00,Marcus,Demir,marcus.demir@juniper.com,juniper.com,Paid Search - Brand,brand-phrase,false
L006350,2026-03-11 07:15:00,Lena,Vieira,lena.vieira@brightpath.com,brightpath.com,Paid Social - Meta,mofu-retarget,false
L006351,2026-03-21 16:30:00,Lena,Demir,lena.demir@kestrel.com,kestrel.com,Paid Social - Meta,mofu-retarget,false
L006352,2026-03-06 17:45:00,Adeola,Raghunathan,adeola.raghunathan@ironwood.com,ironwood.com,Paid Social - Meta,lead-form-broad,false
L006353,2026-03-05 17:00:00,Arun,Zhang,arun.zhang@meridian.com,meridian.com,Paid Social - Meta,lead-form-broad,false
L006354,2026-03-12 19:30:00,Tomas,Moreau,tomas.moreau@granitepeak.com,granitepeak.com,Paid Social - Meta,lead-form-broad,false
L006355,2026-03-31 12:15:00,Beatriz,Kavanagh,beatriz.kavanagh@copperline.com,copperline.com,Paid Social - Meta,lead-form-broad,false
L006356,2026-03-28 12:45:00,Omar,Ferreira,omar.ferreira@ironwood.com,ironwood.com,Paid Social - Meta,prospecting-lal,false
L006357,2026-03-07 15:30:00,Alicia,Watanabe,alicia.watanabe@ridgeline.com,ridgeline.com,Paid Social - Meta,prospecting-lal,false
L006358,2026-03-17 10:00:00,Priya,Horvat,priya.horvat@harborview.com,harborview.com,Paid Social - Meta,mofu-retarget,false
L006359,2026-03-04 20:30:00,Lena,Whitfield,lena.whitfield@marlowe.com,marlowe.com,Paid Social - Meta,mofu-retarget,false
L006360,2026-03-24 17:00:00,Alicia,Okonkwo,alicia.okonkwo@ferrous.com,ferrous.com,Paid Social - Meta,lead-form-broad,false
L006361,2026-03-10 15:30:00,Cormac,Grant,cormac.grant@dovetail.com,dovetail.com,Paid Social - Meta,prospecting-lal,false
L006362,2026-03-30 13:30:00,Renata,Whitfield,renata.whitfield@quillon.com,quillon.com,Paid Social - Meta,lead-form-broad,false
L006363,2026-03-24 19:15:00,Cormac,Moreau,cormac.moreau@marlowe.com,marlowe.com,Paid Social - Meta,prospecting-lal,false
L006364,2026-03-13 07:30:00,Yusuf,Nwosu,yusuf.nwosu@harborview.com,harborview.com,Paid Social - Meta,mofu-retarget,true
L006365,2026-03-10 12:30:00,Margit,Nwosu,margit.nwosu@juniper.com,juniper.com,Paid Social - Meta,mofu-retarget,false
L006366,2026-03-23 18:00:00,Omar,Byrne,omar.byrne@thornbury.com,thornbury.com,Paid Social - Meta,prospecting-lal,false
L006367,2026-03-08 07:45:00,Grace,Petrov,grace.petrov@cascade.com,cascade.com,Paid Social - Meta,mofu-retarget,false
L006368,2026-03-16 08:00:00,Callum,Whitfield,callum.whitfield@anvil.com,anvil.com,Paid Social - Meta,prospecting-lal,false
L006369,2026-03-21 17:45:00,Adeola,Horvat,adeola.horvat@meridian.com,meridian.com,Paid Social - Meta,lead-form-broad,false
L006370,2026-03-07 18:15:00,Marcus,Lindqvist,marcus.lindqvist@anvil.com,anvil.com,Paid Social - Meta,lead-form-broad,false
L006371,2026-03-24 11:30:00,Ivo,Pires,ivo.pires@oakhurst.com,oakhurst.com,Paid Social - Meta,mofu-retarget,false
L006372,2026-03-23 14:30:00,Marcus,Almeida,marcus.almeida@meridian.com,meridian.com,Paid Social - Meta,prospecting-lal,false
L006373,2026-03-24 19:15:00,Siobhan,Watanabe,siobhan.watanabe@quarry.com,quarry.com,Paid Social - Meta,prospecting-lal,false
L006374,2026-03-11 08:15:00,Margit,Aaltonen,margit.aaltonen@pinnacle.com,pinnacle.com,Paid Social - Meta,mofu-retarget,false
L006375,2026-03-03 18:15:00,Mei,Szabo,mei.szabo@quillon.com,quillon.com,Paid Social - Meta,prospecting-lal,false
L006376,2026-03-14 18:00:00,Marcus,Ferreira,marcus.ferreira@thornbury.com,thornbury.com,Paid Social - Meta,lead-form-broad,false
L006377,2026-03-15 19:45:00,Jonas,Moreau,jonas.moreau@northwind.com,northwind.com,Paid Social - Meta,prospecting-lal,false
L006378,2026-03-15 18:15:00,Tomas,Pires,tomas.pires@juniper.com,juniper.com,Paid Social - Meta,prospecting-lal,false
L006379,2026-03-29 19:15:00,Yusuf,Castellanos,yusuf.castellanos@kestrel.com,kestrel.com,Paid Social - Meta,mofu-retarget,false
L006380,2026-03-22 18:45:00,Darius,Pires,darius.pires@redwood.com,redwood.com,Paid Social - Meta,prospecting-lal,false
L006381,2026-03-01 15:00:00,Callum,Byrne,callum.byrne@tessellate.com,tessellate.com,Paid Social - Meta,lead-form-broad,false
L006382,2026-03-01 07:15:00,Hollis,Ferreira,hollis.ferreira@quillon.com,quillon.com,Paid Social - Meta,prospecting-lal,false
L006383,2026-03-28 19:15:00,Omar,Ferreira,omar.ferreira@ridgeline.com,ridgeline.com,Paid Social - Meta,lead-form-broad,false
L006384,2026-03-20 09:45:00,Elodie,Watanabe,elodie.watanabe@brightpath.com,brightpath.com,Paid Social - Meta,mofu-retarget,false
L006385,2026-03-26 14:15:00,Marcus,Byrne,marcus.byrne@marlowe.com,marlowe.com,Paid Social - Meta,prospecting-lal,false
L006386,2026-03-14 14:45:00,Peter,Whitfield,peter.whitfield@saltmarsh.com,saltmarsh.com,Paid Social - Meta,prospecting-lal,false
L006387,2026-03-08 16:00:00,Kenji,Bahri,kenji.bahri@northwind.com,northwind.com,Paid Social - Meta,mofu-retarget,false
L006388,2026-03-24 14:30:00,Adeola,Demir,adeola.demir@ridgeline.com,ridgeline.com,Paid Social - Meta,prospecting-lal,false
L006389,2026-03-04 20:15:00,Alicia,Watanabe,alicia.watanabe@kestrel.com,kestrel.com,Paid Social - Meta,lead-form-broad,false
L006390,2026-03-08 20:30:00,Elodie,Zhang,elodie.zhang@redwood.com,redwood.com,Paid Social - Meta,mofu-retarget,false
L006391,2026-03-01 13:15:00,Hollis,Byrne,hollis.byrne@harborview.com,harborview.com,Paid Social - Meta,prospecting-lal,false
L006392,2026-03-28 20:30:00,Tomas,Byrne,tomas.byrne@brightpath.com,brightpath.com,Paid Social - Meta,mofu-retarget,true
L006393,2026-03-12 07:30:00,Mei,Moreau,mei.moreau@kestrel.com,kestrel.com,Paid Social - Meta,prospecting-lal,false
L006394,2026-03-20 09:45:00,Malik,Iyer,malik.iyer@solvent.com,solvent.com,Paid Social - Meta,prospecting-lal,false
L006395,2026-03-21 19:45:00,Jonas,Farrell,jonas.farrell@lumen.com,lumen.com,Paid Social - Meta,mofu-retarget,false
L006396,2026-03-20 13:30:00,Cormac,Grant,cormac.grant@nimbus.com,nimbus.com,Paid Social - Meta,lead-form-broad,false
L006397,2026-03-10 07:15:00,Renata,Kavanagh,renata.kavanagh@pinnacle.com,pinnacle.com,Paid Social - Meta,prospecting-lal,false
L006398,2026-03-17 10:00:00,Yusuf,Farrell,yusuf.farrell@ember.com,ember.com,Paid Social - Meta,mofu-retarget,false
L006399,2026-03-28 20:45:00,Hollis,Doyle,hollis.doyle@marlowe.com,marlowe.com,Paid Social - Meta,mofu-retarget,false
L006400,2026-03-03 14:45:00,Omar,Nwosu,omar.nwosu@meridian.com,meridian.com,Paid Social - Meta,lead-form-broad,false
L006401,2026-03-21 08:15:00,Renata,Horvat,renata.horvat@harborview.com,harborview.com,Paid Social - Meta,mofu-retarget,false
L006402,2026-03-30 08:30:00,Ingrid,Nwosu,ingrid.nwosu@quarry.com,quarry.com,Paid Social - Meta,lead-form-broad,false
L006403,2026-03-30 12:30:00,Tomas,Krishnan,tomas.krishnan@juniper.com,juniper.com,Paid Social - Meta,prospecting-lal,false
L006404,2026-03-27 19:30:00,Ingrid,Kavanagh,ingrid.kavanagh@nimbus.com,nimbus.com,Paid Social - Meta,prospecting-lal,false
L006405,2026-03-19 10:00:00,Cormac,Szabo,cormac.szabo@quillon.com,quillon.com,Paid Social - Meta,prospecting-lal,false
L006406,2026-03-14 19:45:00,Lena,Horvat,lena.horvat@lumen.com,lumen.com,Paid Social - Meta,prospecting-lal,false
L006407,2026-03-27 12:45:00,Marcus,Grant,marcus.grant@nimbus.com,nimbus.com,Paid Social - Meta,lead-form-broad,false
L006408,2026-03-01 19:30:00,Anaya,Iyer,anaya.iyer@ember.com,ember.com,Paid Social - Meta,prospecting-lal,false
L006409,2026-03-20 20:00:00,Hollis,Vieira,hollis.vieira@oakhurst.com,oakhurst.com,Paid Social - Meta,lead-form-broad,true
L006410,2026-03-12 13:00:00,Yusuf,Vieira,yusuf.vieira@ember.com,ember.com,Paid Social - Meta,mofu-retarget,false
L006411,2026-03-06 14:15:00,Arun,Vieira,arun.vieira@lumen.com,lumen.com,Paid Social - Meta,mofu-retarget,false
L006412,2026-03-25 12:15:00,Rafael,Farrell,rafael.farrell@arclight.com,arclight.com,Paid Social - Meta,prospecting-lal,false
L006413,2026-03-31 11:15:00,Peter,Petrov,peter.petrov@brightpath.com,brightpath.com,Paid Social - Meta,prospecting-lal,false
L006414,2026-03-06 08:15:00,Elodie,Pires,elodie.pires@cascade.com,cascade.com,Paid Social - Meta,mofu-retarget,false
L006415,2026-03-05 17:30:00,Lena,Mulvaney,lena.mulvaney@nimbus.com,nimbus.com,Paid Social - Meta,lead-form-broad,false
L006416,2026-03-18 20:30:00,Malik,Whitfield,malik.whitfield@cascade.com,cascade.com,Paid Social - Meta,lead-form-broad,false
L006417,2026-03-21 15:30:00,Kenji,Novak,kenji.novak@copperline.com,copperline.com,Paid Social - Meta,lead-form-broad,false
L006418,2026-03-19 13:15:00,Darius,Kavanagh,darius.kavanagh@foxglove.com,foxglove.com,Paid Social - Meta,lead-form-broad,false
L006419,2026-03-04 17:15:00,Anaya,Doyle,anaya.doyle@quarry.com,quarry.com,Paid Social - Meta,lead-form-broad,false
L006420,2026-03-06 18:00:00,Cormac,Castellanos,cormac.castellanos@ironwood.com,ironwood.com,Paid Social - Meta,mofu-retarget,false
L006421,2026-03-10 19:00:00,Elodie,Bergstrom,elodie.bergstrom@brightpath.com,brightpath.com,Paid Social - Meta,mofu-retarget,false
L006422,2026-03-10 08:30:00,Margit,Kavanagh,margit.kavanagh@juniper.com,juniper.com,Paid Social - Meta,mofu-retarget,false
L006423,2026-03-02 09:00:00,Malik,Petrov,malik.petrov@kestrel.com,kestrel.com,Paid Social - Meta,mofu-retarget,false
L006424,2026-03-26 20:30:00,Renata,Kavanagh,renata.kavanagh@northwind.com,northwind.com,Paid Social - Meta,prospecting-lal,false
L006425,2026-03-17 10:15:00,Rafael,Pires,rafael.pires@kestrel.com,kestrel.com,Paid Social - Meta,lead-form-broad,false
L006426,2026-03-07 20:00:00,Malik,Pires,malik.pires@arclight.com,arclight.com,Paid Social - Meta,lead-form-broad,false
L006427,2026-03-30 14:30:00,Adeola,Okonkwo,adeola.okonkwo@meridian.com,meridian.com,Paid Social - Meta,mofu-retarget,false
L006428,2026-03-07 19:00:00,Elodie,Bahri,elodie.bahri@arclight.com,arclight.com,Paid Social - Meta,lead-form-broad,false
L006429,2026-03-16 16:45:00,Malik,Byrne,malik.byrne@granitepeak.com,granitepeak.com,Paid Social - Meta,mofu-retarget,false
L006430,2026-03-09 13:15:00,Alicia,Szabo,alicia.szabo@solvent.com,solvent.com,Paid Social - Meta,lead-form-broad,false
L006431,2026-03-06 19:15:00,Callum,Watanabe,callum.watanabe@marlowe.com,marlowe.com,Paid Social - Meta,mofu-retarget,false
L006432,2026-03-05 17:00:00,Grace,Nwosu,grace.nwosu@foxglove.com,foxglove.com,Paid Social - Meta,prospecting-lal,true
L006433,2026-03-20 15:15:00,Hollis,Vieira,hollis.vieira@ember.com,ember.com,Paid Social - Meta,mofu-retarget,false
L006434,2026-03-28 18:00:00,Margit,Doyle,margit.doyle@kestrel.com,kestrel.com,Paid Social - Meta,mofu-retarget,false
L006435,2026-03-20 18:00:00,Hollis,Lindqvist,hollis.lindqvist@cascade.com,cascade.com,Paid Social - Meta,mofu-retarget,false
L006436,2026-03-05 17:15:00,Tomas,Mulvaney,tomas.mulvaney@cascade.com,cascade.com,Paid Social - Meta,prospecting-lal,false
L006437,2026-03-08 10:00:00,Renata,Iyer,renata.iyer@marlowe.com,marlowe.com,Paid Social - Meta,mofu-retarget,false
L006438,2026-03-20 14:45:00,Callum,Nwosu,callum.nwosu@lumen.com,lumen.com,Paid Social - Meta,lead-form-broad,false
L006439,2026-03-28 12:00:00,Noor,Zhang,noor.zhang@ferrous.com,ferrous.com,Paid Social - Meta,mofu-retarget,false
L006440,2026-03-05 18:45:00,Malik,Mulvaney,malik.mulvaney@pinnacle.com,pinnacle.com,Paid Social - Meta,lead-form-broad,false
L006441,2026-03-02 19:45:00,Beatriz,Bergstrom,beatriz.bergstrom@northwind.com,northwind.com,Paid Social - Meta,lead-form-broad,false
L006442,2026-03-21 14:15:00,Lena,Doyle,lena.doyle@copperline.com,copperline.com,Paid Social - Meta,mofu-retarget,false
L006443,2026-03-07 19:30:00,Yusuf,Demir,yusuf.demir@brightpath.com,brightpath.com,Paid Social - Meta,lead-form-broad,false
L006444,2026-03-17 13:45:00,Jonas,Grant,jonas.grant@foxglove.com,foxglove.com,Paid Social - Meta,lead-form-broad,false
L006445,2026-03-08 08:45:00,Priya,Raghunathan,priya.raghunathan@redwood.com,redwood.com,Paid Social - Meta,mofu-retarget,false
L006446,2026-03-31 13:00:00,Tomas,Pires,tomas.pires@northwind.com,northwind.com,Paid Social - Meta,prospecting-lal,false
L006447,2026-03-22 09:00:00,Peter,Horvat,peter.horvat@nimbus.com,nimbus.com,Paid Social - Meta,mofu-retarget,false
L006448,2026-03-26 10:00:00,Margit,Castellanos,margit.castellanos@marlowe.com,marlowe.com,Paid Social - Meta,mofu-retarget,true
L006449,2026-03-25 17:45:00,Mei,Farrell,mei.farrell@thornbury.com,thornbury.com,Paid Social - Meta,lead-form-broad,false
L006450,2026-03-26 08:30:00,Malik,Grant,malik.grant@solvent.com,solvent.com,Paid Social - Meta,mofu-retarget,false
L006451,2026-03-08 19:45:00,Grace,Castellanos,grace.castellanos@tessellate.com,tessellate.com,Paid Social - Meta,mofu-retarget,false
L006452,2026-03-29 16:15:00,Priya,Whitfield,priya.whitfield@pinnacle.com,pinnacle.com,Paid Social - Meta,prospecting-lal,false
L006453,2026-03-30 13:15:00,Arun,Nwosu,arun.nwosu@foxglove.com,foxglove.com,Paid Social - Meta,mofu-retarget,false
L006454,2026-03-26 20:30:00,Priya,Farrell,priya.farrell@oakhurst.com,oakhurst.com,Paid Social - Meta,lead-form-broad,false
L006455,2026-03-23 20:15:00,Omar,Krishnan,omar.krishnan@marlowe.com,marlowe.com,Paid Social - Meta,lead-form-broad,false
L006456,2026-03-10 11:00:00,Malik,Szabo,malik.szabo@quillon.com,quillon.com,Paid Social - Meta,prospecting-lal,false
L006457,2026-03-15 16:30:00,Malik,Doyle,malik.doyle@thornbury.com,thornbury.com,Paid Social - Meta,lead-form-broad,false
L006458,2026-03-06 07:00:00,Tomas,Vieira,tomas.vieira@anvil.com,anvil.com,Paid Social - Meta,mofu-retarget,false
L006459,2026-03-16 15:30:00,Cormac,Doyle,cormac.doyle@ridgeline.com,ridgeline.com,Paid Social - Meta,prospecting-lal,false
L006460,2026-03-02 10:30:00,Arun,Pires,arun.pires@oakhurst.com,oakhurst.com,Paid Social - Meta,lead-form-broad,false
L006461,2026-03-17 11:00:00,Arun,Bahri,arun.bahri@ember.com,ember.com,Paid Social - Meta,mofu-retarget,false
L006462,2026-03-15 20:00:00,Alicia,Demir,alicia.demir@redwood.com,redwood.com,Paid Social - Meta,mofu-retarget,false
L006463,2026-03-15 19:15:00,Omar,Byrne,omar.byrne@meridian.com,meridian.com,Paid Social - Meta,mofu-retarget,false
L006464,2026-03-30 14:15:00,Noor,Whitfield,noor.whitfield@ember.com,ember.com,Paid Social - Meta,lead-form-broad,false
L006465,2026-03-26 08:45:00,Estelle,Lindqvist,estelle.lindqvist@northwind.com,northwind.com,Paid Social - Meta,prospecting-lal,false
L006466,2026-03-09 17:30:00,Tomas,Krishnan,tomas.krishnan@meridian.com,meridian.com,Paid Social - Meta,lead-form-broad,false
L006467,2026-03-15 11:15:00,Lena,Farrell,lena.farrell@copperline.com,copperline.com,Paid Social - Meta,lead-form-broad,false
L006468,2026-03-23 14:15:00,Elodie,Iyer,elodie.iyer@oakhurst.com,oakhurst.com,Paid Social - Meta,prospecting-lal,false
L006469,2026-03-11 13:30:00,Cormac,Haddad,cormac.haddad@juniper.com,juniper.com,Paid Social - Meta,mofu-retarget,false
L006470,2026-03-26 14:45:00,Callum,Kavanagh,callum.kavanagh@marlowe.com,marlowe.com,Paid Social - Meta,mofu-retarget,false
L006471,2026-03-19 12:15:00,Omar,Raghunathan,omar.raghunathan@ironwood.com,ironwood.com,Paid Social - Meta,lead-form-broad,false
L006472,2026-03-05 17:00:00,Omar,Doyle,omar.doyle@arclight.com,arclight.com,Paid Social - Meta,prospecting-lal,false
L006473,2026-03-14 20:30:00,Kenji,Zhang,kenji.zhang@halcyon.com,halcyon.com,Paid Social - Meta,prospecting-lal,false
L006474,2026-03-10 15:45:00,Jonas,Bahri,jonas.bahri@dovetail.com,dovetail.com,Paid Social - Meta,prospecting-lal,false
L006475,2026-03-23 07:30:00,Malik,Mulvaney,malik.mulvaney@meridian.com,meridian.com,Paid Social - Meta,mofu-retarget,false
L006476,2026-03-24 17:00:00,Elodie,Horvat,elodie.horvat@ironwood.com,ironwood.com,Paid Social - Meta,mofu-retarget,true
L006477,2026-03-31 09:00:00,Lena,Almeida,lena.almeida@halcyon.com,halcyon.com,Paid Social - Meta,lead-form-broad,false
L006478,2026-03-13 08:15:00,Ingrid,Farrell,ingrid.farrell@arclight.com,arclight.com,Paid Social - Meta,lead-form-broad,false
L006479,2026-03-02 12:15:00,Kenji,Castellanos,kenji.castellanos@redwood.com,redwood.com,Paid Social - Meta,mofu-retarget,false
L006480,2026-03-16 14:00:00,Lena,Okonkwo,lena.okonkwo@juniper.com,juniper.com,Paid Social - Meta,lead-form-broad,false
L006481,2026-03-26 15:30:00,Beatriz,Watanabe,beatriz.watanabe@halcyon.com,halcyon.com,Paid Social - Meta,prospecting-lal,false
L006482,2026-03-06 20:45:00,Yusuf,Doyle,yusuf.doyle@lumen.com,lumen.com,Paid Social - Meta,lead-form-broad,false
L006483,2026-03-26 19:45:00,Noor,Petrov,noor.petrov@copperline.com,copperline.com,Paid Social - Meta,lead-form-broad,false
L006484,2026-03-29 19:30:00,Malik,Pires,malik.pires@ridgeline.com,ridgeline.com,Paid Social - Meta,lead-form-broad,false
L006485,2026-03-10 07:30:00,Malik,Kavanagh,malik.kavanagh@ferrous.com,ferrous.com,Paid Social - Meta,mofu-retarget,false
L006486,2026-03-04 09:45:00,Tomas,Kavanagh,tomas.kavanagh@ferrous.com,ferrous.com,Paid Social - Meta,prospecting-lal,false
L006487,2026-03-08 10:45:00,Malik,Whitfield,malik.whitfield@meridian.com,meridian.com,Paid Social - Meta,lead-form-broad,false
L006488,2026-03-14 19:30:00,Marcus,Vieira,marcus.vieira@lumen.com,lumen.com,Paid Social - Meta,mofu-retarget,true
L006489,2026-03-24 16:45:00,Peter,Petrov,peter.petrov@granitepeak.com,granitepeak.com,Paid Social - Meta,prospecting-lal,false
L006490,2026-03-25 12:15:00,Margit,Iyer,margit.iyer@thornbury.com,thornbury.com,Paid Social - Meta,mofu-retarget,false
L006491,2026-03-27 10:00:00,Adeola,Novak,adeola.novak@solvent.com,solvent.com,Paid Social - Meta,prospecting-lal,false
L006492,2026-03-26 18:00:00,Arun,Lindqvist,arun.lindqvist@ferrous.com,ferrous.com,Paid Social - Meta,prospecting-lal,false
L006493,2026-03-02 19:00:00,Ivo,Watanabe,ivo.watanabe@pinnacle.com,pinnacle.com,Paid Social - Meta,mofu-retarget,false
L006494,2026-03-30 19:15:00,Adeola,Mulvaney,adeola.mulvaney@ferrous.com,ferrous.com,Paid Social - Meta,prospecting-lal,false
L006495,2026-03-31 18:30:00,Arun,Vieira,arun.vieira@foxglove.com,foxglove.com,Paid Social - Meta,prospecting-lal,false
L006496,2026-03-19 15:00:00,Estelle,Ferreira,estelle.ferreira@saltmarsh.com,saltmarsh.com,Paid Social - Meta,mofu-retarget,false
L006497,2026-03-07 10:00:00,Jonas,Iyer,jonas.iyer@nimbus.com,nimbus.com,Paid Social - Meta,prospecting-lal,false
L006498,2026-03-27 15:00:00,Tomas,Szabo,tomas.szabo@brightpath.com,brightpath.com,Paid Social - Meta,lead-form-broad,false
L006499,2026-03-09 09:30:00,Marcus,Grant,marcus.grant@tessellate.com,tessellate.com,Paid Social - Meta,lead-form-broad,false
L006500,2026-03-26 16:00:00,Adeola,Haddad,adeola.haddad@copperline.com,copperline.com,Paid Social - Meta,mofu-retarget,false
L006501,2026-03-03 17:30:00,Siobhan,Lindqvist,siobhan.lindqvist@arclight.com,arclight.com,Paid Social - Meta,lead-form-broad,false
L006502,2026-03-09 13:45:00,Siobhan,Demir,siobhan.demir@halcyon.com,halcyon.com,Paid Social - Meta,mofu-retarget,false
L006503,2026-03-05 09:45:00,Estelle,Grant,estelle.grant@copperline.com,copperline.com,Paid Social - Meta,prospecting-lal,false
L006504,2026-03-14 13:45:00,Margit,Mulvaney,margit.mulvaney@redwood.com,redwood.com,Paid Social - Meta,prospecting-lal,false
L006505,2026-03-25 15:15:00,Lena,Szabo,lena.szabo@copperline.com,copperline.com,Paid Social - Meta,prospecting-lal,false
L006506,2026-03-24 14:00:00,Tomas,Okonkwo,tomas.okonkwo@nimbus.com,nimbus.com,Paid Social - Meta,lead-form-broad,false
L006507,2026-03-13 10:00:00,Renata,Haddad,renata.haddad@harborview.com,harborview.com,Paid Social - Meta,prospecting-lal,false
L006508,2026-03-24 16:45:00,Jonas,Novak,jonas.novak@ferrous.com,ferrous.com,Paid Social - Meta,mofu-retarget,false
L006509,2026-03-23 17:00:00,Alicia,Whitfield,alicia.whitfield@halcyon.com,halcyon.com,Paid Social - Meta,mofu-retarget,false
L006510,2026-03-13 08:45:00,Hollis,Castellanos,hollis.castellanos@solvent.com,solvent.com,Paid Social - Meta,mofu-retarget,false
L006511,2026-03-30 20:00:00,Elodie,Moreau,elodie.moreau@pinnacle.com,pinnacle.com,Paid Social - Meta,prospecting-lal,false
L006512,2026-03-12 20:45:00,Grace,Whitfield,grace.whitfield@quillon.com,quillon.com,Paid Social - Meta,prospecting-lal,false
L006513,2026-03-18 20:15:00,Noor,Kavanagh,noor.kavanagh@pinnacle.com,pinnacle.com,Paid Social - Meta,lead-form-broad,false
L006514,2026-03-01 13:15:00,Mei,Kavanagh,mei.kavanagh@redwood.com,redwood.com,Paid Social - Meta,lead-form-broad,false
L006515,2026-03-10 18:45:00,Malik,Iyer,malik.iyer@quillon.com,quillon.com,Paid Social - Meta,prospecting-lal,false
L006516,2026-03-14 09:00:00,Peter,Krishnan,peter.krishnan@juniper.com,juniper.com,Paid Social - Meta,lead-form-broad,false
L006517,2026-03-20 12:30:00,Ingrid,Zhang,ingrid.zhang@tessellate.com,tessellate.com,Paid Social - Meta,mofu-retarget,false
L006518,2026-03-08 10:45:00,Ivo,Zhang,ivo.zhang@kestrel.com,kestrel.com,Paid Social - Meta,lead-form-broad,false
L006519,2026-03-10 19:45:00,Rafael,Ferreira,rafael.ferreira@ferrous.com,ferrous.com,Paid Social - Meta,lead-form-broad,false
L006520,2026-03-11 19:15:00,Cormac,Castellanos,cormac.castellanos@thornbury.com,thornbury.com,Paid Social - Meta,prospecting-lal,false
L006521,2026-03-22 10:00:00,Rafael,Doyle,rafael.doyle@saltmarsh.com,saltmarsh.com,Paid Social - Meta,mofu-retarget,false
L006522,2026-03-10 14:00:00,Hollis,Novak,hollis.novak@juniper.com,juniper.com,Paid Social - Meta,prospecting-lal,false
L006523,2026-03-17 08:30:00,Margit,Almeida,margit.almeida@quillon.com,quillon.com,Paid Social - Meta,mofu-retarget,false
L006524,2026-03-06 12:30:00,Margit,Bergstrom,margit.bergstrom@oakhurst.com,oakhurst.com,Paid Social - Meta,prospecting-lal,false
L006525,2026-03-29 20:15:00,Renata,Castellanos,renata.castellanos@cascade.com,cascade.com,Paid Social - Meta,mofu-retarget,false
L006526,2026-03-21 16:00:00,Omar,Iyer,omar.iyer@solvent.com,solvent.com,Paid Social - Meta,lead-form-broad,false
L006527,2026-03-15 08:30:00,Priya,Watanabe,priya.watanabe@nimbus.com,nimbus.com,Paid Social - Meta,lead-form-broad,false
L006528,2026-03-03 15:30:00,Peter,Mulvaney,peter.mulvaney@meridian.com,meridian.com,Paid Social - Meta,prospecting-lal,false
L006529,2026-03-15 08:30:00,Peter,Bergstrom,peter.bergstrom@northwind.com,northwind.com,Paid Social - Meta,prospecting-lal,false
L006530,2026-03-09 08:45:00,Mei,Kavanagh,mei.kavanagh@oakhurst.com,oakhurst.com,Paid Social - Meta,prospecting-lal,false
L006531,2026-03-30 16:45:00,Alicia,Raghunathan,alicia.raghunathan@brightpath.com,brightpath.com,Paid Social - Meta,mofu-retarget,false
L006532,2026-03-11 20:30:00,Beatriz,Vieira,beatriz.vieira@cascade.com,cascade.com,Paid Social - Meta,lead-form-broad,false
L006533,2026-03-17 09:45:00,Alicia,Demir,alicia.demir@oakhurst.com,oakhurst.com,Paid Social - Meta,mofu-retarget,false
L006534,2026-03-03 17:15:00,Cormac,Mulvaney,cormac.mulvaney@marlowe.com,marlowe.com,Paid Social - Meta,mofu-retarget,false
L006535,2026-03-25 10:45:00,Peter,Pires,peter.pires@brightpath.com,brightpath.com,Paid Social - Meta,lead-form-broad,false
L006536,2026-03-04 15:15:00,Darius,Doyle,darius.doyle@brightpath.com,brightpath.com,Paid Social - Meta,prospecting-lal,false
L006537,2026-03-24 07:45:00,Marcus,Vieira,marcus.vieira@granitepeak.com,granitepeak.com,Paid Social - Meta,lead-form-broad,false
L006538,2026-03-21 17:30:00,Priya,Bahri,priya.bahri@saltmarsh.com,saltmarsh.com,Paid Social - Meta,prospecting-lal,false
L006539,2026-03-18 18:15:00,Marcus,Vieira,marcus.vieira@anvil.com,anvil.com,Paid Social - Meta,lead-form-broad,false
L006540,2026-03-22 20:45:00,Siobhan,Horvat,siobhan.horvat@marlowe.com,marlowe.com,Paid Social - Meta,prospecting-lal,false
L006541,2026-03-24 07:15:00,Mei,Haddad,mei.haddad@ridgeline.com,ridgeline.com,Paid Social - Meta,lead-form-broad,false
L006542,2026-03-16 20:45:00,Grace,Szabo,grace.szabo@pinnacle.com,pinnacle.com,Paid Social - Meta,mofu-retarget,false
L006543,2026-03-17 15:30:00,Ivo,Szabo,ivo.szabo@copperline.com,copperline.com,Paid Social - Meta,prospecting-lal,false
L006544,2026-03-05 17:30:00,Malik,Kavanagh,malik.kavanagh@copperline.com,copperline.com,Paid Social - Meta,prospecting-lal,false
L006545,2026-03-27 07:00:00,Mei,Okonkwo,mei.okonkwo@meridian.com,meridian.com,Paid Social - Meta,mofu-retarget,false
L006546,2026-03-05 17:45:00,Arun,Raghunathan,arun.raghunathan@nimbus.com,nimbus.com,Paid Social - Meta,lead-form-broad,false
L006547,2026-03-24 18:15:00,Siobhan,Petrov,siobhan.petrov@pinnacle.com,pinnacle.com,Paid Social - Meta,mofu-retarget,false
L006548,2026-03-08 12:00:00,Marcus,Zhang,marcus.zhang@copperline.com,copperline.com,Paid Social - Meta,prospecting-lal,false
L006549,2026-03-01 12:45:00,Priya,Haddad,priya.haddad@solvent.com,solvent.com,Paid Social - Meta,lead-form-broad,false
L006550,2026-03-13 16:30:00,Cormac,Mulvaney,cormac.mulvaney@oakhurst.com,oakhurst.com,Paid Social - Meta,mofu-retarget,false
L006551,2026-03-30 13:00:00,Callum,Horvat,callum.horvat@quarry.com,quarry.com,Paid Social - Meta,mofu-retarget,true
L006552,2026-03-12 20:45:00,Elodie,Nwosu,elodie.nwosu@saltmarsh.com,saltmarsh.com,Paid Social - Meta,lead-form-broad,false
L006553,2026-03-16 09:30:00,Ivo,Iyer,ivo.iyer@northwind.com,northwind.com,Paid Social - Meta,lead-form-broad,false
L006554,2026-03-23 11:15:00,Grace,Bergstrom,grace.bergstrom@lumen.com,lumen.com,Paid Social - Meta,lead-form-broad,false
L006555,2026-03-05 17:00:00,Lena,Krishnan,lena.krishnan@ferrous.com,ferrous.com,Paid Search - Non-Brand,solution-terms,false
L006556,2026-03-10 07:30:00,Mei,Pires,mei.pires@halcyon.com,halcyon.com,Paid Search - Non-Brand,solution-terms,true
L006557,2026-03-18 12:15:00,Ingrid,Nwosu,ingrid.nwosu@solvent.com,solvent.com,Paid Search - Non-Brand,category-terms,false
L006558,2026-03-08 17:30:00,Anaya,Aaltonen,anaya.aaltonen@halcyon.com,halcyon.com,Paid Search - Non-Brand,competitor-terms,false
L006559,2026-03-22 07:30:00,Margit,Almeida,margit.almeida@oakhurst.com,oakhurst.com,Paid Search - Non-Brand,category-terms,false
L006560,2026-03-23 12:45:00,Priya,Farrell,priya.farrell@oakhurst.com,oakhurst.com,Paid Search - Non-Brand,solution-terms,false
L006561,2026-03-12 20:15:00,Renata,Horvat,renata.horvat@halcyon.com,halcyon.com,Paid Search - Non-Brand,competitor-terms,false
L006562,2026-03-19 12:30:00,Tomas,Watanabe,tomas.watanabe@copperline.com,copperline.com,Paid Search - Non-Brand,category-terms,false
L006563,2026-03-20 16:45:00,Mei,Bergstrom,mei.bergstrom@quarry.com,quarry.com,Paid Search - Non-Brand,competitor-terms,false
L006564,2026-03-29 17:00:00,Grace,Petrov,grace.petrov@ironwood.com,ironwood.com,Paid Search - Non-Brand,category-terms,false
L006565,2026-03-16 15:30:00,Darius,Lindqvist,darius.lindqvist@cascade.com,cascade.com,Paid Search - Non-Brand,category-terms,false
L006566,2026-03-18 08:45:00,Omar,Bahri,omar.bahri@harborview.com,harborview.com,Paid Search - Non-Brand,category-terms,false
L006567,2026-03-06 19:30:00,Darius,Zhang,darius.zhang@redwood.com,redwood.com,Paid Search - Non-Brand,category-terms,false
L006568,2026-03-02 13:00:00,Tomas,Iyer,tomas.iyer@oakhurst.com,oakhurst.com,Paid Search - Non-Brand,category-terms,false
L006569,2026-03-23 12:30:00,Arun,Bergstrom,arun.bergstrom@dovetail.com,dovetail.com,Paid Search - Non-Brand,solution-terms,false
L006570,2026-03-19 09:00:00,Alicia,Nwosu,alicia.nwosu@pinnacle.com,pinnacle.com,Paid Search - Non-Brand,solution-terms,false
L006571,2026-03-21 17:15:00,Adeola,Farrell,adeola.farrell@foxglove.com,foxglove.com,Paid Search - Non-Brand,competitor-terms,false
L006572,2026-03-12 10:30:00,Peter,Ferreira,peter.ferreira@oakhurst.com,oakhurst.com,Paid Search - Non-Brand,category-terms,false
L006573,2026-03-17 20:30:00,Priya,Grant,priya.grant@juniper.com,juniper.com,Paid Search - Non-Brand,solution-terms,false
L006574,2026-03-18 16:45:00,Siobhan,Demir,siobhan.demir@harborview.com,harborview.com,Paid Search - Non-Brand,competitor-terms,false
L006575,2026-03-25 10:30:00,Cormac,Okonkwo,cormac.okonkwo@lumen.com,lumen.com,Paid Search - Non-Brand,competitor-terms,false
L006576,2026-03-25 14:30:00,Marcus,Bahri,marcus.bahri@cascade.com,cascade.com,Paid Search - Non-Brand,solution-terms,false
L006577,2026-03-10 07:45:00,Priya,Horvat,priya.horvat@kestrel.com,kestrel.com,Paid Search - Non-Brand,competitor-terms,false
L006578,2026-03-26 13:45:00,Peter,Byrne,peter.byrne@oakhurst.com,oakhurst.com,Paid Search - Non-Brand,category-terms,false
L006579,2026-03-23 10:15:00,Hollis,Zhang,hollis.zhang@saltmarsh.com,saltmarsh.com,Paid Search - Non-Brand,competitor-terms,false
L006580,2026-03-23 15:15:00,Peter,Iyer,peter.iyer@saltmarsh.com,saltmarsh.com,Paid Search - Non-Brand,category-terms,false
L006581,2026-03-14 17:45:00,Mei,Vieira,mei.vieira@oakhurst.com,oakhurst.com,Paid Search - Non-Brand,competitor-terms,false
L006582,2026-03-09 09:00:00,Malik,Aaltonen,malik.aaltonen@arclight.com,arclight.com,Paid Search - Non-Brand,category-terms,false
L006583,2026-03-24 13:45:00,Darius,Moreau,darius.moreau@kestrel.com,kestrel.com,Paid Search - Non-Brand,category-terms,false
L006584,2026-03-26 07:00:00,Malik,Farrell,malik.farrell@copperline.com,copperline.com,Paid Search - Non-Brand,category-terms,false
L006585,2026-03-06 16:15:00,Yusuf,Novak,yusuf.novak@cascade.com,cascade.com,Paid Search - Non-Brand,category-terms,false
L006586,2026-03-06 13:15:00,Yusuf,Bergstrom,yusuf.bergstrom@ironwood.com,ironwood.com,Paid Search - Non-Brand,competitor-terms,false
L006587,2026-03-12 09:30:00,Marcus,Farrell,marcus.farrell@oakhurst.com,oakhurst.com,Paid Search - Non-Brand,category-terms,true
L006588,2026-03-01 16:00:00,Jonas,Szabo,jonas.szabo@tessellate.com,tessellate.com,Paid Search - Non-Brand,category-terms,false
L006589,2026-03-01 13:30:00,Anaya,Horvat,anaya.horvat@ridgeline.com,ridgeline.com,Paid Search - Non-Brand,category-terms,false
L006590,2026-03-24 10:30:00,Lena,Watanabe,lena.watanabe@anvil.com,anvil.com,Paid Search - Non-Brand,solution-terms,false
L006591,2026-03-29 19:15:00,Margit,Raghunathan,margit.raghunathan@arclight.com,arclight.com,Paid Search - Non-Brand,solution-terms,false
L006592,2026-03-18 14:45:00,Arun,Castellanos,arun.castellanos@cascade.com,cascade.com,Paid Search - Non-Brand,category-terms,false
L006593,2026-03-11 09:30:00,Hollis,Pires,hollis.pires@foxglove.com,foxglove.com,Paid Search - Non-Brand,category-terms,false
L006594,2026-03-02 14:45:00,Hollis,Horvat,hollis.horvat@arclight.com,arclight.com,Paid Search - Non-Brand,solution-terms,true
L006595,2026-03-31 20:30:00,Cormac,Iyer,cormac.iyer@dovetail.com,dovetail.com,Paid Search - Non-Brand,category-terms,false
L006596,2026-03-18 09:45:00,Mei,Watanabe,mei.watanabe@saltmarsh.com,saltmarsh.com,Paid Search - Non-Brand,solution-terms,false
L006597,2026-03-06 18:45:00,Peter,Castellanos,peter.castellanos@harborview.com,harborview.com,Paid Search - Non-Brand,category-terms,false
L006598,2026-03-31 18:45:00,Callum,Vieira,callum.vieira@arclight.com,arclight.com,Paid Search - Non-Brand,solution-terms,false
L006599,2026-03-13 13:30:00,Siobhan,Horvat,siobhan.horvat@ironwood.com,ironwood.com,Paid Search - Non-Brand,solution-terms,false
L006600,2026-03-16 16:00:00,Rafael,Byrne,rafael.byrne@solvent.com,solvent.com,Paid Search - Non-Brand,competitor-terms,true
L006601,2026-03-10 18:15:00,Omar,Szabo,omar.szabo@nimbus.com,nimbus.com,Paid Search - Non-Brand,category-terms,false
L006602,2026-03-31 17:15:00,Siobhan,Mulvaney,siobhan.mulvaney@lumen.com,lumen.com,Paid Search - Non-Brand,competitor-terms,false
L006603,2026-03-16 08:15:00,Arun,Moreau,arun.moreau@thornbury.com,thornbury.com,Paid Search - Non-Brand,competitor-terms,false
L006604,2026-03-28 12:30:00,Yusuf,Krishnan,yusuf.krishnan@copperline.com,copperline.com,Paid Search - Non-Brand,category-terms,false
L006605,2026-03-23 20:30:00,Yusuf,Mulvaney,yusuf.mulvaney@redwood.com,redwood.com,Paid Search - Non-Brand,competitor-terms,false
L006606,2026-03-27 08:30:00,Ingrid,Moreau,ingrid.moreau@anvil.com,anvil.com,Paid Search - Non-Brand,solution-terms,false
L006607,2026-03-24 10:15:00,Hollis,Byrne,hollis.byrne@copperline.com,copperline.com,Paid Search - Non-Brand,solution-terms,true
L006608,2026-03-26 20:45:00,Ingrid,Lindqvist,ingrid.lindqvist@marlowe.com,marlowe.com,Paid Search - Non-Brand,solution-terms,false
L006609,2026-03-22 07:30:00,Darius,Byrne,darius.byrne@harborview.com,harborview.com,Paid Search - Non-Brand,competitor-terms,false
L006610,2026-03-10 13:30:00,Siobhan,Iyer,siobhan.iyer@quarry.com,quarry.com,Paid Social - LinkedIn,jobtitle-targeting,false
L006611,2026-03-08 16:15:00,Adeola,Watanabe,adeola.watanabe@halcyon.com,halcyon.com,Paid Social - LinkedIn,abm-tier1,false
L006612,2026-03-25 11:45:00,Darius,Almeida,darius.almeida@marlowe.com,marlowe.com,Paid Social - LinkedIn,content-download,false
L006613,2026-03-12 18:15:00,Noor,Raghunathan,noor.raghunathan@harborview.com,harborview.com,Paid Social - LinkedIn,jobtitle-targeting,false
L006614,2026-03-18 17:00:00,Omar,Whitfield,omar.whitfield@juniper.com,juniper.com,Paid Social - LinkedIn,jobtitle-targeting,false
L006615,2026-03-09 14:45:00,Jonas,Haddad,jonas.haddad@solvent.com,solvent.com,Paid Social - LinkedIn,content-download,false
L006616,2026-03-09 19:15:00,Priya,Castellanos,priya.castellanos@redwood.com,redwood.com,Paid Social - LinkedIn,abm-tier1,false
L006617,2026-03-04 20:30:00,Rafael,Pires,rafael.pires@marlowe.com,marlowe.com,Paid Social - LinkedIn,abm-tier1,false
L006618,2026-03-16 17:30:00,Cormac,Mulvaney,cormac.mulvaney@pinnacle.com,pinnacle.com,Paid Social - LinkedIn,content-download,false
L006619,2026-03-17 10:00:00,Peter,Okonkwo,peter.okonkwo@thornbury.com,thornbury.com,Paid Social - LinkedIn,jobtitle-targeting,false
L006620,2026-03-12 19:00:00,Malik,Szabo,malik.szabo@ember.com,ember.com,Paid Social - LinkedIn,jobtitle-targeting,true
L006621,2026-03-07 13:30:00,Adeola,Zhang,adeola.zhang@foxglove.com,foxglove.com,Paid Social - LinkedIn,abm-tier1,false
L006622,2026-03-02 20:00:00,Beatriz,Iyer,beatriz.iyer@copperline.com,copperline.com,Paid Social - LinkedIn,jobtitle-targeting,false
L006623,2026-03-31 10:00:00,Omar,Pires,omar.pires@ferrous.com,ferrous.com,Paid Social - LinkedIn,content-download,false
L006624,2026-03-20 15:45:00,Siobhan,Horvat,siobhan.horvat@dovetail.com,dovetail.com,Paid Social - LinkedIn,content-download,false
L006625,2026-03-18 11:30:00,Yusuf,Kavanagh,yusuf.kavanagh@juniper.com,juniper.com,Paid Social - LinkedIn,content-download,false
L006626,2026-03-02 11:30:00,Callum,Pires,callum.pires@ironwood.com,ironwood.com,Paid Social - LinkedIn,content-download,false
L006627,2026-03-03 18:45:00,Tomas,Kavanagh,tomas.kavanagh@marlowe.com,marlowe.com,Paid Social - LinkedIn,jobtitle-targeting,false
L006628,2026-03-19 09:30:00,Cormac,Bahri,cormac.bahri@pinnacle.com,pinnacle.com,Paid Social - LinkedIn,content-download,false
L006629,2026-03-22 13:45:00,Tomas,Vieira,tomas.vieira@ridgeline.com,ridgeline.com,Paid Social - LinkedIn,content-download,false
L006630,2026-03-23 17:45:00,Malik,Almeida,malik.almeida@redwood.com,redwood.com,Paid Social - LinkedIn,content-download,false
L006631,2026-03-06 10:15:00,Ingrid,Demir,ingrid.demir@quarry.com,quarry.com,Paid Social - LinkedIn,content-download,false
L006632,2026-03-14 17:15:00,Mei,Szabo,mei.szabo@marlowe.com,marlowe.com,Paid Social - LinkedIn,content-download,false
L006633,2026-03-30 08:15:00,Jonas,Watanabe,jonas.watanabe@redwood.com,redwood.com,Paid Social - LinkedIn,jobtitle-targeting,false
L006634,2026-03-08 11:45:00,Alicia,Zhang,alicia.zhang@foxglove.com,foxglove.com,Paid Social - LinkedIn,jobtitle-targeting,false
L006635,2026-03-10 13:30:00,Kenji,Haddad,kenji.haddad@lumen.com,lumen.com,Paid Social - LinkedIn,abm-tier1,false
L006636,2026-03-02 10:00:00,Siobhan,Ferreira,siobhan.ferreira@anvil.com,anvil.com,Paid Social - LinkedIn,jobtitle-targeting,false
L006637,2026-03-04 09:30:00,Siobhan,Kavanagh,siobhan.kavanagh@tessellate.com,tessellate.com,Paid Social - LinkedIn,content-download,false
L006638,2026-03-14 12:45:00,Lena,Krishnan,lena.krishnan@dovetail.com,dovetail.com,Paid Social - LinkedIn,jobtitle-targeting,false
L006639,2026-03-15 14:30:00,Lena,Ferreira,lena.ferreira@brightpath.com,brightpath.com,Paid Social - LinkedIn,content-download,false
L006640,2026-03-08 19:30:00,Elodie,Moreau,elodie.moreau@cascade.com,cascade.com,Paid Social - LinkedIn,jobtitle-targeting,false
L006641,2026-03-06 19:00:00,Jonas,Raghunathan,jonas.raghunathan@halcyon.com,halcyon.com,Paid Social - LinkedIn,content-download,false
L006642,2026-03-19 18:15:00,Jonas,Byrne,jonas.byrne@marlowe.com,marlowe.com,Paid Social - LinkedIn,jobtitle-targeting,false
L006643,2026-03-06 14:30:00,Yusuf,Castellanos,yusuf.castellanos@ferrous.com,ferrous.com,Paid Social - LinkedIn,jobtitle-targeting,false
L006644,2026-03-13 13:30:00,Callum,Horvat,callum.horvat@halcyon.com,halcyon.com,Paid Social - LinkedIn,content-download,false
L006645,2026-03-21 20:15:00,Adeola,Nwosu,adeola.nwosu@quillon.com,quillon.com,Organic / Direct,none,false
L006646,2026-03-30 13:15:00,Adeola,Raghunathan,adeola.raghunathan@tessellate.com,tessellate.com,Organic / Direct,none,false
L006647,2026-03-14 14:00:00,Ingrid,Horvat,ingrid.horvat@solvent.com,solvent.com,Organic / Direct,none,false
L006648,2026-03-25 08:45:00,Elodie,Zhang,elodie.zhang@dovetail.com,dovetail.com,Organic / Direct,none,false
L006649,2026-03-31 13:30:00,Margit,Grant,margit.grant@juniper.com,juniper.com,Organic / Direct,none,false
L006650,2026-03-07 20:00:00,Alicia,Mulvaney,alicia.mulvaney@tessellate.com,tessellate.com,Organic / Direct,none,false
L006651,2026-03-01 12:15:00,Anaya,Whitfield,anaya.whitfield@northwind.com,northwind.com,Organic / Direct,none,false
L006652,2026-03-23 09:30:00,Arun,Bahri,arun.bahri@meridian.com,meridian.com,Organic / Direct,none,false
L006653,2026-03-18 20:45:00,Yusuf,Nwosu,yusuf.nwosu@lumen.com,lumen.com,Organic / Direct,none,false
L006654,2026-03-10 18:45:00,Anaya,Krishnan,anaya.krishnan@nimbus.com,nimbus.com,Organic / Direct,none,false
L006655,2026-03-11 18:15:00,Mei,Lindqvist,mei.lindqvist@foxglove.com,foxglove.com,Organic / Direct,none,false
L006656,2026-03-09 18:15:00,Marcus,Byrne,marcus.byrne@oakhurst.com,oakhurst.com,Organic / Direct,none,false
L006657,2026-03-06 14:30:00,Adeola,Whitfield,adeola.whitfield@harborview.com,harborview.com,Organic / Direct,none,false
L006658,2026-03-22 13:15:00,Priya,Raghunathan,priya.raghunathan@foxglove.com,foxglove.com,Organic / Direct,none,true
L006659,2026-03-19 11:45:00,Noor,Petrov,noor.petrov@quarry.com,quarry.com,Organic / Direct,none,false
L006660,2026-03-22 14:45:00,Noor,Demir,noor.demir@meridian.com,meridian.com,Organic / Direct,none,false
L006661,2026-03-24 13:15:00,Hollis,Vieira,hollis.vieira@saltmarsh.com,saltmarsh.com,Organic / Direct,none,false
L006662,2026-03-23 12:30:00,Renata,Bahri,renata.bahri@kestrel.com,kestrel.com,Organic / Direct,none,false
L006663,2026-03-22 17:15:00,Estelle,Nwosu,estelle.nwosu@anvil.com,anvil.com,Organic / Direct,none,false
L006664,2026-03-27 16:30:00,Yusuf,Vieira,yusuf.vieira@ember.com,ember.com,Organic / Direct,none,false
L006665,2026-03-24 20:15:00,Omar,Lindqvist,omar.lindqvist@halcyon.com,halcyon.com,Organic / Direct,none,false
L006666,2026-03-06 13:15:00,Siobhan,Aaltonen,siobhan.aaltonen@brightpath.com,brightpath.com,Organic / Direct,none,false
L006667,2026-03-09 12:30:00,Omar,Zhang,omar.zhang@pinnacle.com,pinnacle.com,Organic / Direct,none,false
L006668,2026-03-07 12:00:00,Rafael,Krishnan,rafael.krishnan@thornbury.com,thornbury.com,Organic / Direct,none,false
L006669,2026-03-31 16:30:00,Grace,Aaltonen,grace.aaltonen@ferrous.com,ferrous.com,Organic / Direct,none,true
L006670,2026-03-09 20:15:00,Grace,Iyer,grace.iyer@redwood.com,redwood.com,Organic / Direct,none,true
L006671,2026-03-01 13:00:00,Callum,Almeida,callum.almeida@ridgeline.com,ridgeline.com,Organic / Direct,none,false
L006672,2026-03-12 13:45:00,Peter,Zhang,peter.zhang@oakhurst.com,oakhurst.com,Organic / Direct,none,false
L006673,2026-03-02 14:15:00,Jonas,Moreau,jonas.moreau@granitepeak.com,granitepeak.com,Organic / Direct,none,false
L006674,2026-04-09 16:30:00,Tomas,Demir,tomas.demir@meridian.com,meridian.com,Display - Programmatic,retarget-display,false
L006675,2026-04-13 18:30:00,Adeola,Whitfield,adeola.whitfield@saltmarsh.com,saltmarsh.com,Display - Programmatic,contextual-b2b,false
L006676,2026-04-03 16:45:00,Adeola,Watanabe,adeola.watanabe@copperline.com,copperline.com,Display - Programmatic,contextual-b2b,false
L006677,2026-04-03 13:45:00,Grace,Raghunathan,grace.raghunathan@dovetail.com,dovetail.com,Display - Programmatic,retarget-display,false
L006678,2026-04-01 08:45:00,Arun,Whitfield,arun.whitfield@thornbury.com,thornbury.com,Display - Programmatic,contextual-b2b,false
L006679,2026-04-25 13:30:00,Beatriz,Petrov,beatriz.petrov@lumen.com,lumen.com,Display - Programmatic,contextual-b2b,false
L006680,2026-04-10 17:45:00,Priya,Haddad,priya.haddad@northwind.com,northwind.com,Display - Programmatic,contextual-b2b,false
L006681,2026-04-16 08:30:00,Renata,Szabo,renata.szabo@thornbury.com,thornbury.com,Display - Programmatic,retarget-display,false
L006682,2026-04-15 15:30:00,Marcus,Farrell,marcus.farrell@pinnacle.com,pinnacle.com,Display - Programmatic,contextual-b2b,false
L006683,2026-04-09 19:00:00,Rafael,Doyle,rafael.doyle@saltmarsh.com,saltmarsh.com,Display - Programmatic,retarget-display,false
L006684,2026-04-26 15:30:00,Estelle,Nwosu,estelle.nwosu@brightpath.com,brightpath.com,Display - Programmatic,contextual-b2b,true
L006685,2026-04-09 11:45:00,Marcus,Nwosu,marcus.nwosu@lumen.com,lumen.com,Display - Programmatic,retarget-display,false
L006686,2026-04-16 14:45:00,Ivo,Iyer,ivo.iyer@anvil.com,anvil.com,Display - Programmatic,contextual-b2b,false
L006687,2026-04-05 11:00:00,Malik,Kavanagh,malik.kavanagh@tessellate.com,tessellate.com,Display - Programmatic,contextual-b2b,false
L006688,2026-04-20 20:00:00,Ivo,Szabo,ivo.szabo@ridgeline.com,ridgeline.com,Display - Programmatic,contextual-b2b,false
L006689,2026-04-06 18:15:00,Kenji,Almeida,kenji.almeida@halcyon.com,halcyon.com,Display - Programmatic,retarget-display,false
L006690,2026-04-04 11:45:00,Elodie,Krishnan,elodie.krishnan@cascade.com,cascade.com,Display - Programmatic,retarget-display,false
L006691,2026-04-21 15:00:00,Tomas,Farrell,tomas.farrell@foxglove.com,foxglove.com,Display - Programmatic,contextual-b2b,false
L006692,2026-04-10 16:15:00,Siobhan,Okonkwo,siobhan.okonkwo@anvil.com,anvil.com,Display - Programmatic,contextual-b2b,false
L006693,2026-04-04 15:45:00,Margit,Lindqvist,margit.lindqvist@solvent.com,solvent.com,Display - Programmatic,retarget-display,false
L006694,2026-04-05 18:00:00,Ivo,Watanabe,ivo.watanabe@brightpath.com,brightpath.com,Display - Programmatic,retarget-display,false
L006695,2026-04-04 20:30:00,Marcus,Szabo,marcus.szabo@tessellate.com,tessellate.com,Display - Programmatic,retarget-display,false
L006696,2026-04-29 13:00:00,Ivo,Watanabe,ivo.watanabe@quillon.com,quillon.com,Display - Programmatic,contextual-b2b,false
L006697,2026-04-18 15:45:00,Elodie,Bahri,elodie.bahri@redwood.com,redwood.com,Display - Programmatic,contextual-b2b,false
L006698,2026-04-09 16:15:00,Siobhan,Bahri,siobhan.bahri@dovetail.com,dovetail.com,Display - Programmatic,retarget-display,false
L006699,2026-04-26 07:30:00,Malik,Bahri,malik.bahri@ironwood.com,ironwood.com,Display - Programmatic,contextual-b2b,false
L006700,2026-04-22 20:00:00,Rafael,Bergstrom,rafael.bergstrom@lumen.com,lumen.com,Display - Programmatic,contextual-b2b,false
L006701,2026-04-28 19:00:00,Anaya,Farrell,anaya.farrell@dovetail.com,dovetail.com,Display - Programmatic,contextual-b2b,false
L006702,2026-04-11 14:15:00,Beatriz,Lindqvist,beatriz.lindqvist@saltmarsh.com,saltmarsh.com,Display - Programmatic,retarget-display,false
L006703,2026-04-15 10:45:00,Beatriz,Vieira,beatriz.vieira@cascade.com,cascade.com,Display - Programmatic,contextual-b2b,true
L006704,2026-04-30 12:30:00,Callum,Aaltonen,callum.aaltonen@redwood.com,redwood.com,Display - Programmatic,contextual-b2b,false
L006705,2026-04-16 15:15:00,Marcus,Bahri,marcus.bahri@marlowe.com,marlowe.com,Display - Programmatic,retarget-display,false
L006706,2026-04-16 09:15:00,Peter,Demir,peter.demir@cascade.com,cascade.com,Display - Programmatic,contextual-b2b,true
L006707,2026-04-28 20:30:00,Arun,Mulvaney,arun.mulvaney@ferrous.com,ferrous.com,Display - Programmatic,contextual-b2b,false
L006708,2026-04-10 13:00:00,Margit,Raghunathan,margit.raghunathan@brightpath.com,brightpath.com,Display - Programmatic,retarget-display,false
L006709,2026-04-17 17:45:00,Omar,Vieira,omar.vieira@kestrel.com,kestrel.com,Display - Programmatic,retarget-display,false
L006710,2026-04-19 10:30:00,Ingrid,Castellanos,ingrid.castellanos@kestrel.com,kestrel.com,Display - Programmatic,contextual-b2b,false
L006711,2026-04-20 20:45:00,Darius,Bahri,darius.bahri@redwood.com,redwood.com,Display - Programmatic,retarget-display,false
L006712,2026-04-25 17:45:00,Lena,Almeida,lena.almeida@juniper.com,juniper.com,Display - Programmatic,contextual-b2b,false
L006713,2026-04-20 16:30:00,Grace,Haddad,grace.haddad@cascade.com,cascade.com,Display - Programmatic,contextual-b2b,false
L006714,2026-04-18 13:15:00,Anaya,Watanabe,anaya.watanabe@kestrel.com,kestrel.com,Display - Programmatic,retarget-display,false
L006715,2026-04-05 15:00:00,Elodie,Szabo,elodie.szabo@dovetail.com,dovetail.com,Display - Programmatic,contextual-b2b,false
L006716,2026-04-12 18:15:00,Renata,Bahri,renata.bahri@tessellate.com,tessellate.com,Display - Programmatic,retarget-display,false
L006717,2026-04-15 18:45:00,Peter,Krishnan,peter.krishnan@pinnacle.com,pinnacle.com,Display - Programmatic,contextual-b2b,true
L006718,2026-04-10 08:30:00,Jonas,Ferreira,jonas.ferreira@marlowe.com,marlowe.com,Display - Programmatic,retarget-display,true
L006719,2026-04-29 10:30:00,Yusuf,Szabo,yusuf.szabo@redwood.com,redwood.com,Display - Programmatic,contextual-b2b,false
L006720,2026-04-28 11:45:00,Adeola,Bergstrom,adeola.bergstrom@tessellate.com,tessellate.com,Display - Programmatic,contextual-b2b,false
L006721,2026-04-25 16:15:00,Rafael,Nwosu,rafael.nwosu@ferrous.com,ferrous.com,Display - Programmatic,contextual-b2b,false
L006722,2026-04-14 13:45:00,Omar,Aaltonen,omar.aaltonen@brightpath.com,brightpath.com,Display - Programmatic,contextual-b2b,false
L006723,2026-04-15 08:30:00,Alicia,Demir,alicia.demir@nimbus.com,nimbus.com,Display - Programmatic,contextual-b2b,false
L006724,2026-04-12 07:45:00,Cormac,Szabo,cormac.szabo@arclight.com,arclight.com,Display - Programmatic,retarget-display,false
L006725,2026-04-04 11:00:00,Noor,Horvat,noor.horvat@marlowe.com,marlowe.com,Display - Programmatic,contextual-b2b,false
L006726,2026-04-27 13:30:00,Renata,Grant,renata.grant@ferrous.com,ferrous.com,Display - Programmatic,retarget-display,false
L006727,2026-04-19 20:15:00,Jonas,Nwosu,jonas.nwosu@brightpath.com,brightpath.com,Display - Programmatic,retarget-display,false
L006728,2026-04-23 20:45:00,Mei,Szabo,mei.szabo@lumen.com,lumen.com,Display - Programmatic,contextual-b2b,false
L006729,2026-04-26 07:15:00,Estelle,Krishnan,estelle.krishnan@anvil.com,anvil.com,Display - Programmatic,retarget-display,false
L006730,2026-04-09 20:30:00,Noor,Castellanos,noor.castellanos@kestrel.com,kestrel.com,Display - Programmatic,retarget-display,false
L006731,2026-04-13 08:30:00,Arun,Ferreira,arun.ferreira@ridgeline.com,ridgeline.com,Display - Programmatic,contextual-b2b,false
L006732,2026-04-09 11:00:00,Malik,Raghunathan,malik.raghunathan@marlowe.com,marlowe.com,Display - Programmatic,retarget-display,false
L006733,2026-04-09 18:30:00,Arun,Vieira,arun.vieira@juniper.com,juniper.com,Display - Programmatic,contextual-b2b,false
L006734,2026-04-02 10:45:00,Beatriz,Mulvaney,beatriz.mulvaney@ferrous.com,ferrous.com,Display - Programmatic,retarget-display,false
L006735,2026-04-30 14:45:00,Alicia,Whitfield,alicia.whitfield@lumen.com,lumen.com,Display - Programmatic,retarget-display,false
L006736,2026-04-19 20:45:00,Kenji,Almeida,kenji.almeida@meridian.com,meridian.com,Display - Programmatic,retarget-display,false
L006737,2026-04-02 12:30:00,Callum,Moreau,callum.moreau@arclight.com,arclight.com,Display - Programmatic,contextual-b2b,false
L006738,2026-04-30 07:00:00,Lena,Vieira,lena.vieira@lumen.com,lumen.com,Display - Programmatic,retarget-display,false
L006739,2026-04-04 13:30:00,Omar,Szabo,omar.szabo@dovetail.com,dovetail.com,Display - Programmatic,contextual-b2b,false
L006740,2026-04-14 14:30:00,Kenji,Almeida,kenji.almeida@marlowe.com,marlowe.com,Display - Programmatic,contextual-b2b,false
L006741,2026-04-04 10:00:00,Darius,Horvat,darius.horvat@brightpath.com,brightpath.com,Display - Programmatic,retarget-display,false
L006742,2026-04-18 07:00:00,Tomas,Byrne,tomas.byrne@thornbury.com,thornbury.com,Display - Programmatic,retarget-display,false
L006743,2026-04-10 11:15:00,Elodie,Petrov,elodie.petrov@granitepeak.com,granitepeak.com,Display - Programmatic,retarget-display,false
L006744,2026-04-03 15:15:00,Renata,Zhang,renata.zhang@meridian.com,meridian.com,Display - Programmatic,retarget-display,false
L006745,2026-04-20 11:30:00,Yusuf,Ferreira,yusuf.ferreira@redwood.com,redwood.com,Display - Programmatic,contextual-b2b,false
L006746,2026-04-29 15:15:00,Elodie,Okonkwo,elodie.okonkwo@copperline.com,copperline.com,Display - Programmatic,contextual-b2b,false
L006747,2026-04-28 16:45:00,Peter,Grant,peter.grant@anvil.com,anvil.com,Display - Programmatic,contextual-b2b,false
L006748,2026-04-08 19:15:00,Mei,Whitfield,mei.whitfield@marlowe.com,marlowe.com,Display - Programmatic,contextual-b2b,false
L006749,2026-04-03 07:15:00,Anaya,Vieira,anaya.vieira@foxglove.com,foxglove.com,Display - Programmatic,retarget-display,false
L006750,2026-04-06 16:30:00,Beatriz,Farrell,beatriz.farrell@thornbury.com,thornbury.com,Display - Programmatic,contextual-b2b,false
L006751,2026-04-09 15:00:00,Rafael,Aaltonen,rafael.aaltonen@oakhurst.com,oakhurst.com,Display - Programmatic,contextual-b2b,false
L006752,2026-04-07 15:00:00,Grace,Raghunathan,grace.raghunathan@juniper.com,juniper.com,Display - Programmatic,contextual-b2b,false
L006753,2026-04-01 17:30:00,Callum,Grant,callum.grant@thornbury.com,thornbury.com,Display - Programmatic,contextual-b2b,false
L006754,2026-04-07 10:00:00,Margit,Nwosu,margit.nwosu@tessellate.com,tessellate.com,Display - Programmatic,retarget-display,false
L006755,2026-04-06 16:00:00,Mei,Novak,mei.novak@marlowe.com,marlowe.com,Display - Programmatic,retarget-display,false
L006756,2026-04-11 17:30:00,Grace,Nwosu,grace.nwosu@harborview.com,harborview.com,Display - Programmatic,retarget-display,false
L006757,2026-04-08 15:00:00,Omar,Krishnan,omar.krishnan@juniper.com,juniper.com,Display - Programmatic,contextual-b2b,false
L006758,2026-04-27 11:45:00,Marcus,Petrov,marcus.petrov@juniper.com,juniper.com,Display - Programmatic,retarget-display,false
L006759,2026-04-20 11:15:00,Jonas,Pires,jonas.pires@saltmarsh.com,saltmarsh.com,Display - Programmatic,retarget-display,false
L006760,2026-04-16 07:00:00,Kenji,Byrne,kenji.byrne@foxglove.com,foxglove.com,Display - Programmatic,contextual-b2b,false
L006761,2026-04-29 14:30:00,Malik,Almeida,malik.almeida@marlowe.com,marlowe.com,Display - Programmatic,retarget-display,false
L006762,2026-04-29 20:30:00,Cormac,Almeida,cormac.almeida@arclight.com,arclight.com,Display - Programmatic,contextual-b2b,false
L006763,2026-04-10 09:00:00,Alicia,Zhang,alicia.zhang@anvil.com,anvil.com,Display - Programmatic,contextual-b2b,false
L006764,2026-04-23 17:00:00,Cormac,Vieira,cormac.vieira@dovetail.com,dovetail.com,Display - Programmatic,contextual-b2b,false
L006765,2026-04-01 19:15:00,Siobhan,Novak,siobhan.novak@marlowe.com,marlowe.com,Display - Programmatic,retarget-display,false
L006766,2026-04-21 15:45:00,Kenji,Novak,kenji.novak@northwind.com,northwind.com,Display - Programmatic,contextual-b2b,false
L006767,2026-04-17 09:15:00,Elodie,Almeida,elodie.almeida@marlowe.com,marlowe.com,Display - Programmatic,retarget-display,false
L006768,2026-04-11 17:30:00,Kenji,Nwosu,kenji.nwosu@kestrel.com,kestrel.com,Paid Search - Brand,brand-phrase,true
L006769,2026-04-17 19:30:00,Marcus,Zhang,marcus.zhang@ridgeline.com,ridgeline.com,Paid Search - Brand,brand-phrase,false
L006770,2026-04-29 15:30:00,Lena,Ferreira,lena.ferreira@arclight.com,arclight.com,Paid Search - Brand,brand-exact,true
L006771,2026-04-11 14:00:00,Hollis,Zhang,hollis.zhang@ridgeline.com,ridgeline.com,Paid Search - Brand,brand-exact,false
L006772,2026-04-15 14:30:00,Alicia,Doyle,alicia.doyle@pinnacle.com,pinnacle.com,Paid Search - Brand,brand-exact,false
L006773,2026-04-20 07:00:00,Peter,Bahri,peter.bahri@ember.com,ember.com,Paid Search - Brand,brand-phrase,false
L006774,2026-04-15 10:30:00,Estelle,Demir,estelle.demir@halcyon.com,halcyon.com,Paid Search - Brand,brand-exact,true
L006775,2026-04-04 18:45:00,Kenji,Raghunathan,kenji.raghunathan@ironwood.com,ironwood.com,Paid Search - Brand,brand-exact,false
L006776,2026-04-08 08:00:00,Siobhan,Petrov,siobhan.petrov@ferrous.com,ferrous.com,Paid Search - Brand,brand-exact,false
L006777,2026-04-25 15:30:00,Darius,Zhang,darius.zhang@nimbus.com,nimbus.com,Paid Search - Brand,brand-exact,false
L006778,2026-04-06 14:00:00,Arun,Raghunathan,arun.raghunathan@tessellate.com,tessellate.com,Paid Search - Brand,brand-phrase,false
L006779,2026-04-04 16:45:00,Margit,Ferreira,margit.ferreira@northwind.com,northwind.com,Paid Search - Brand,brand-phrase,false
L006780,2026-04-20 07:15:00,Malik,Vieira,malik.vieira@nimbus.com,nimbus.com,Paid Search - Brand,brand-phrase,true
L006781,2026-04-23 15:30:00,Omar,Okonkwo,omar.okonkwo@quillon.com,quillon.com,Paid Search - Brand,brand-phrase,false
L006782,2026-04-23 08:45:00,Darius,Haddad,darius.haddad@nimbus.com,nimbus.com,Paid Search - Brand,brand-exact,false
L006783,2026-04-13 08:30:00,Peter,Iyer,peter.iyer@ferrous.com,ferrous.com,Paid Search - Brand,brand-exact,false
L006784,2026-04-15 09:45:00,Siobhan,Bergstrom,siobhan.bergstrom@ferrous.com,ferrous.com,Paid Search - Brand,brand-exact,false
L006785,2026-04-21 08:15:00,Ivo,Mulvaney,ivo.mulvaney@ridgeline.com,ridgeline.com,Paid Search - Brand,brand-exact,false
L006786,2026-04-09 17:45:00,Beatriz,Demir,beatriz.demir@cascade.com,cascade.com,Paid Search - Brand,brand-phrase,false
L006787,2026-04-09 12:15:00,Marcus,Doyle,marcus.doyle@oakhurst.com,oakhurst.com,Paid Search - Brand,brand-phrase,false
L006788,2026-04-22 16:45:00,Callum,Bahri,callum.bahri@dovetail.com,dovetail.com,Paid Search - Brand,brand-exact,false
L006789,2026-04-03 16:15:00,Cormac,Kavanagh,cormac.kavanagh@harborview.com,harborview.com,Paid Search - Brand,brand-exact,false
L006790,2026-04-07 17:30:00,Adeola,Grant,adeola.grant@ironwood.com,ironwood.com,Paid Search - Brand,brand-phrase,false
L006791,2026-04-28 16:30:00,Callum,Pires,callum.pires@meridian.com,meridian.com,Paid Search - Brand,brand-exact,false
L006792,2026-04-21 10:15:00,Mei,Iyer,mei.iyer@copperline.com,copperline.com,Paid Search - Brand,brand-exact,false
L006793,2026-04-13 17:15:00,Peter,Novak,peter.novak@thornbury.com,thornbury.com,Paid Search - Brand,brand-phrase,false
L006794,2026-04-03 13:30:00,Arun,Moreau,arun.moreau@harborview.com,harborview.com,Paid Search - Brand,brand-phrase,true
L006795,2026-04-24 08:00:00,Adeola,Pires,adeola.pires@meridian.com,meridian.com,Paid Search - Brand,brand-phrase,false
L006796,2026-04-27 12:00:00,Darius,Watanabe,darius.watanabe@quarry.com,quarry.com,Paid Search - Brand,brand-phrase,false
L006797,2026-04-28 07:45:00,Omar,Raghunathan,omar.raghunathan@halcyon.com,halcyon.com,Paid Search - Brand,brand-exact,false
L006798,2026-04-07 15:30:00,Jonas,Almeida,jonas.almeida@thornbury.com,thornbury.com,Paid Search - Brand,brand-phrase,false
L006799,2026-04-26 18:00:00,Malik,Kavanagh,malik.kavanagh@redwood.com,redwood.com,Paid Search - Brand,brand-exact,false
L006800,2026-04-06 11:00:00,Rafael,Bahri,rafael.bahri@arclight.com,arclight.com,Paid Search - Brand,brand-phrase,true
L006801,2026-04-09 09:45:00,Malik,Okonkwo,malik.okonkwo@northwind.com,northwind.com,Paid Search - Brand,brand-phrase,false
L006802,2026-04-05 10:30:00,Malik,Moreau,malik.moreau@oakhurst.com,oakhurst.com,Paid Search - Brand,brand-exact,false
L006803,2026-04-30 17:30:00,Siobhan,Doyle,siobhan.doyle@kestrel.com,kestrel.com,Paid Search - Brand,brand-exact,false
L006804,2026-04-24 14:30:00,Rafael,Aaltonen,rafael.aaltonen@foxglove.com,foxglove.com,Paid Search - Brand,brand-exact,false
L006805,2026-04-20 11:00:00,Arun,Iyer,arun.iyer@ironwood.com,ironwood.com,Paid Search - Brand,brand-phrase,false
L006806,2026-04-12 19:00:00,Peter,Farrell,peter.farrell@arclight.com,arclight.com,Paid Search - Brand,brand-exact,false
L006807,2026-04-08 12:45:00,Elodie,Moreau,elodie.moreau@solvent.com,solvent.com,Paid Search - Brand,brand-phrase,false
L006808,2026-04-22 12:45:00,Marcus,Haddad,marcus.haddad@meridian.com,meridian.com,Paid Search - Brand,brand-phrase,false
L006809,2026-04-13 13:00:00,Omar,Iyer,omar.iyer@kestrel.com,kestrel.com,Paid Search - Brand,brand-exact,false
L006810,2026-04-03 08:00:00,Peter,Demir,peter.demir@kestrel.com,kestrel.com,Paid Search - Brand,brand-phrase,false
L006811,2026-04-30 12:45:00,Priya,Mulvaney,priya.mulvaney@nimbus.com,nimbus.com,Paid Search - Brand,brand-phrase,false
L006812,2026-04-14 10:00:00,Noor,Bergstrom,noor.bergstrom@anvil.com,anvil.com,Paid Search - Brand,brand-phrase,false
L006813,2026-04-05 12:00:00,Alicia,Raghunathan,alicia.raghunathan@nimbus.com,nimbus.com,Paid Search - Brand,brand-phrase,true
L006814,2026-04-30 16:00:00,Grace,Novak,grace.novak@brightpath.com,brightpath.com,Paid Search - Brand,brand-exact,false
L006815,2026-04-27 20:30:00,Estelle,Bergstrom,estelle.bergstrom@anvil.com,anvil.com,Paid Search - Brand,brand-exact,false
L006816,2026-04-15 17:30:00,Lena,Zhang,lena.zhang@cascade.com,cascade.com,Paid Social - Meta,prospecting-lal,false
L006817,2026-04-12 12:00:00,Ivo,Ferreira,ivo.ferreira@brightpath.com,brightpath.com,Paid Social - Meta,mofu-retarget,false
L006818,2026-04-12 14:45:00,Mei,Farrell,mei.farrell@oakhurst.com,oakhurst.com,Paid Social - Meta,lead-form-broad,false
L006819,2026-04-29 14:15:00,Tomas,Aaltonen,tomas.aaltonen@solvent.com,solvent.com,Paid Social - Meta,mofu-retarget,false
L006820,2026-04-21 18:45:00,Kenji,Okonkwo,kenji.okonkwo@granitepeak.com,granitepeak.com,Paid Social - Meta,lead-form-broad,false
L006821,2026-04-26 08:15:00,Mei,Watanabe,mei.watanabe@anvil.com,anvil.com,Paid Social - Meta,mofu-retarget,false
L006822,2026-04-05 18:30:00,Beatriz,Krishnan,beatriz.krishnan@ironwood.com,ironwood.com,Paid Social - Meta,prospecting-lal,false
L006823,2026-04-21 10:30:00,Kenji,Szabo,kenji.szabo@dovetail.com,dovetail.com,Paid Social - Meta,mofu-retarget,false
L006824,2026-04-05 14:15:00,Darius,Horvat,darius.horvat@marlowe.com,marlowe.com,Paid Social - Meta,lead-form-broad,false
L006825,2026-04-04 09:15:00,Ingrid,Grant,ingrid.grant@marlowe.com,marlowe.com,Paid Social - Meta,mofu-retarget,false
L006826,2026-04-14 15:15:00,Lena,Almeida,lena.almeida@copperline.com,copperline.com,Paid Social - Meta,mofu-retarget,false
L006827,2026-04-24 10:45:00,Siobhan,Doyle,siobhan.doyle@lumen.com,lumen.com,Paid Social - Meta,prospecting-lal,false
L006828,2026-04-27 12:00:00,Alicia,Demir,alicia.demir@solvent.com,solvent.com,Paid Social - Meta,lead-form-broad,false
L006829,2026-04-01 16:30:00,Priya,Lindqvist,priya.lindqvist@foxglove.com,foxglove.com,Paid Social - Meta,prospecting-lal,false
L006830,2026-04-18 11:15:00,Renata,Zhang,renata.zhang@quarry.com,quarry.com,Paid Social - Meta,lead-form-broad,false
L006831,2026-04-13 20:15:00,Estelle,Ferreira,estelle.ferreira@northwind.com,northwind.com,Paid Social - Meta,lead-form-broad,false
L006832,2026-04-11 07:45:00,Arun,Kavanagh,arun.kavanagh@cascade.com,cascade.com,Paid Social - Meta,prospecting-lal,false
L006833,2026-04-22 09:45:00,Peter,Grant,peter.grant@ember.com,ember.com,Paid Social - Meta,prospecting-lal,false
L006834,2026-04-15 11:15:00,Marcus,Haddad,marcus.haddad@halcyon.com,halcyon.com,Paid Social - Meta,mofu-retarget,false
L006835,2026-04-14 11:30:00,Callum,Okonkwo,callum.okonkwo@solvent.com,solvent.com,Paid Social - Meta,mofu-retarget,false
L006836,2026-04-12 16:00:00,Estelle,Mulvaney,estelle.mulvaney@copperline.com,copperline.com,Paid Social - Meta,prospecting-lal,false
L006837,2026-04-06 20:00:00,Rafael,Byrne,rafael.byrne@redwood.com,redwood.com,Paid Social - Meta,prospecting-lal,false
L006838,2026-04-01 13:30:00,Malik,Almeida,malik.almeida@kestrel.com,kestrel.com,Paid Social - Meta,lead-form-broad,false
L006839,2026-04-21 12:00:00,Darius,Petrov,darius.petrov@harborview.com,harborview.com,Paid Social - Meta,mofu-retarget,false
L006840,2026-04-09 13:15:00,Noor,Bergstrom,noor.bergstrom@granitepeak.com,granitepeak.com,Paid Social - Meta,lead-form-broad,false
L006841,2026-04-29 18:45:00,Ingrid,Okonkwo,ingrid.okonkwo@nimbus.com,nimbus.com,Paid Social - Meta,lead-form-broad,false
L006842,2026-04-26 20:30:00,Beatriz,Okonkwo,beatriz.okonkwo@pinnacle.com,pinnacle.com,Paid Social - Meta,lead-form-broad,false
L006843,2026-04-27 09:30:00,Rafael,Horvat,rafael.horvat@nimbus.com,nimbus.com,Paid Social - Meta,lead-form-broad,false
L006844,2026-04-05 10:45:00,Ivo,Moreau,ivo.moreau@pinnacle.com,pinnacle.com,Paid Social - Meta,lead-form-broad,false
L006845,2026-04-16 08:15:00,Noor,Raghunathan,noor.raghunathan@ironwood.com,ironwood.com,Paid Social - Meta,mofu-retarget,false
L006846,2026-04-28 20:00:00,Hollis,Bahri,hollis.bahri@foxglove.com,foxglove.com,Paid Social - Meta,lead-form-broad,false
L006847,2026-04-24 09:00:00,Darius,Petrov,darius.petrov@juniper.com,juniper.com,Paid Social - Meta,lead-form-broad,false
L006848,2026-04-30 18:45:00,Hollis,Szabo,hollis.szabo@ember.com,ember.com,Paid Social - Meta,lead-form-broad,false
L006849,2026-04-04 10:00:00,Yusuf,Horvat,yusuf.horvat@thornbury.com,thornbury.com,Paid Social - Meta,mofu-retarget,false
L006850,2026-04-04 07:30:00,Ingrid,Vieira,ingrid.vieira@marlowe.com,marlowe.com,Paid Social - Meta,mofu-retarget,false
L006851,2026-04-17 10:30:00,Malik,Doyle,malik.doyle@anvil.com,anvil.com,Paid Social - Meta,mofu-retarget,false
L006852,2026-04-09 18:15:00,Cormac,Castellanos,cormac.castellanos@lumen.com,lumen.com,Paid Social - Meta,mofu-retarget,false
L006853,2026-04-18 18:15:00,Lena,Iyer,lena.iyer@copperline.com,copperline.com,Paid Social - Meta,lead-form-broad,false
L006854,2026-04-20 20:00:00,Yusuf,Bergstrom,yusuf.bergstrom@anvil.com,anvil.com,Paid Social - Meta,lead-form-broad,false
L006855,2026-04-06 16:00:00,Priya,Castellanos,priya.castellanos@northwind.com,northwind.com,Paid Social - Meta,lead-form-broad,false
L006856,2026-04-09 11:30:00,Mei,Novak,mei.novak@brightpath.com,brightpath.com,Paid Social - Meta,mofu-retarget,false
L006857,2026-04-12 17:00:00,Marcus,Mulvaney,marcus.mulvaney@thornbury.com,thornbury.com,Paid Social - Meta,prospecting-lal,false
L006858,2026-04-08 13:00:00,Alicia,Aaltonen,alicia.aaltonen@lumen.com,lumen.com,Paid Social - Meta,mofu-retarget,false
L006859,2026-04-20 11:45:00,Hollis,Almeida,hollis.almeida@copperline.com,copperline.com,Paid Social - Meta,lead-form-broad,false
L006860,2026-04-29 19:45:00,Lena,Aaltonen,lena.aaltonen@nimbus.com,nimbus.com,Paid Social - Meta,mofu-retarget,false
L006861,2026-04-25 19:00:00,Lena,Iyer,lena.iyer@brightpath.com,brightpath.com,Paid Social - Meta,lead-form-broad,false
L006862,2026-04-04 09:15:00,Anaya,Raghunathan,anaya.raghunathan@kestrel.com,kestrel.com,Paid Social - Meta,lead-form-broad,false
L006863,2026-04-21 10:45:00,Lena,Novak,lena.novak@arclight.com,arclight.com,Paid Social - Meta,prospecting-lal,false
L006864,2026-04-27 14:00:00,Ingrid,Okonkwo,ingrid.okonkwo@anvil.com,anvil.com,Paid Social - Meta,prospecting-lal,false
L006865,2026-04-30 15:45:00,Priya,Whitfield,priya.whitfield@solvent.com,solvent.com,Paid Social - Meta,mofu-retarget,false
L006866,2026-04-13 09:45:00,Peter,Pires,peter.pires@thornbury.com,thornbury.com,Paid Social - Meta,prospecting-lal,false
L006867,2026-04-25 18:00:00,Hollis,Lindqvist,hollis.lindqvist@quarry.com,quarry.com,Paid Social - Meta,mofu-retarget,false
L006868,2026-04-19 11:45:00,Tomas,Doyle,tomas.doyle@solvent.com,solvent.com,Paid Social - Meta,mofu-retarget,false
L006869,2026-04-25 20:15:00,Callum,Bahri,callum.bahri@kestrel.com,kestrel.com,Paid Social - Meta,mofu-retarget,false
L006870,2026-04-02 14:15:00,Noor,Aaltonen,noor.aaltonen@thornbury.com,thornbury.com,Paid Social - Meta,lead-form-broad,false
L006871,2026-04-03 11:45:00,Noor,Haddad,noor.haddad@anvil.com,anvil.com,Paid Social - Meta,prospecting-lal,false
L006872,2026-04-05 08:45:00,Ingrid,Byrne,ingrid.byrne@ridgeline.com,ridgeline.com,Paid Social - Meta,prospecting-lal,false
L006873,2026-04-06 11:15:00,Kenji,Watanabe,kenji.watanabe@ironwood.com,ironwood.com,Paid Social - Meta,lead-form-broad,false
L006874,2026-04-16 17:00:00,Omar,Bahri,omar.bahri@marlowe.com,marlowe.com,Paid Social - Meta,lead-form-broad,false
L006875,2026-04-04 10:00:00,Jonas,Krishnan,jonas.krishnan@nimbus.com,nimbus.com,Paid Social - Meta,mofu-retarget,false
L006876,2026-04-15 07:30:00,Yusuf,Ferreira,yusuf.ferreira@halcyon.com,halcyon.com,Paid Social - Meta,prospecting-lal,false
L006877,2026-04-24 11:45:00,Elodie,Doyle,elodie.doyle@kestrel.com,kestrel.com,Paid Social - Meta,mofu-retarget,true
L006878,2026-04-09 19:15:00,Adeola,Haddad,adeola.haddad@ironwood.com,ironwood.com,Paid Social - Meta,mofu-retarget,false
L006879,2026-04-03 08:00:00,Peter,Castellanos,peter.castellanos@redwood.com,redwood.com,Paid Social - Meta,prospecting-lal,false
L006880,2026-04-15 19:15:00,Yusuf,Castellanos,yusuf.castellanos@cascade.com,cascade.com,Paid Social - Meta,prospecting-lal,false
L006881,2026-04-12 10:30:00,Anaya,Doyle,anaya.doyle@northwind.com,northwind.com,Paid Social - Meta,mofu-retarget,false
L006882,2026-04-11 09:45:00,Tomas,Mulvaney,tomas.mulvaney@ironwood.com,ironwood.com,Paid Social - Meta,mofu-retarget,false
L006883,2026-04-21 07:45:00,Elodie,Bahri,elodie.bahri@ferrous.com,ferrous.com,Paid Social - Meta,prospecting-lal,false
L006884,2026-04-21 20:30:00,Jonas,Novak,jonas.novak@ferrous.com,ferrous.com,Paid Social - Meta,lead-form-broad,false
L006885,2026-04-28 16:00:00,Ivo,Farrell,ivo.farrell@brightpath.com,brightpath.com,Paid Social - Meta,prospecting-lal,false
L006886,2026-04-26 19:00:00,Malik,Ferreira,malik.ferreira@northwind.com,northwind.com,Paid Social - Meta,lead-form-broad,false
L006887,2026-04-01 15:15:00,Siobhan,Iyer,siobhan.iyer@juniper.com,juniper.com,Paid Social - Meta,lead-form-broad,false
L006888,2026-04-10 10:15:00,Ivo,Castellanos,ivo.castellanos@quarry.com,quarry.com,Paid Social - Meta,mofu-retarget,false
L006889,2026-04-25 19:00:00,Ingrid,Vieira,ingrid.vieira@copperline.com,copperline.com,Paid Social - Meta,prospecting-lal,false
L006890,2026-04-22 07:15:00,Jonas,Demir,jonas.demir@oakhurst.com,oakhurst.com,Paid Social - Meta,mofu-retarget,false
L006891,2026-04-20 11:45:00,Anaya,Farrell,anaya.farrell@quillon.com,quillon.com,Paid Social - Meta,prospecting-lal,false
L006892,2026-04-29 17:30:00,Tomas,Grant,tomas.grant@harborview.com,harborview.com,Paid Social - Meta,prospecting-lal,false
L006893,2026-04-09 12:45:00,Renata,Byrne,renata.byrne@cascade.com,cascade.com,Paid Social - Meta,prospecting-lal,false
L006894,2026-04-02 17:15:00,Tomas,Krishnan,tomas.krishnan@brightpath.com,brightpath.com,Paid Social - Meta,lead-form-broad,false
L006895,2026-04-13 14:15:00,Callum,Iyer,callum.iyer@dovetail.com,dovetail.com,Paid Social - Meta,lead-form-broad,false
L006896,2026-04-01 18:00:00,Anaya,Petrov,anaya.petrov@foxglove.com,foxglove.com,Paid Social - Meta,mofu-retarget,false
L006897,2026-04-11 18:45:00,Peter,Whitfield,peter.whitfield@northwind.com,northwind.com,Paid Social - Meta,lead-form-broad,false
L006898,2026-04-18 15:30:00,Arun,Pires,arun.pires@northwind.com,northwind.com,Paid Social - Meta,prospecting-lal,true
L006899,2026-04-18 20:15:00,Tomas,Farrell,tomas.farrell@thornbury.com,thornbury.com,Paid Social - Meta,mofu-retarget,false
L006900,2026-04-03 15:30:00,Hollis,Bahri,hollis.bahri@arclight.com,arclight.com,Paid Social - Meta,mofu-retarget,false
L006901,2026-04-09 12:00:00,Yusuf,Moreau,yusuf.moreau@pinnacle.com,pinnacle.com,Paid Social - Meta,prospecting-lal,false
L006902,2026-04-28 10:45:00,Siobhan,Grant,siobhan.grant@brightpath.com,brightpath.com,Paid Social - Meta,lead-form-broad,false
L006903,2026-04-19 16:30:00,Callum,Pires,callum.pires@thornbury.com,thornbury.com,Paid Social - Meta,lead-form-broad,false
L006904,2026-04-04 09:45:00,Noor,Mulvaney,noor.mulvaney@harborview.com,harborview.com,Paid Social - Meta,lead-form-broad,false
L006905,2026-04-18 12:15:00,Omar,Iyer,omar.iyer@foxglove.com,foxglove.com,Paid Social - Meta,prospecting-lal,false
L006906,2026-04-03 09:15:00,Tomas,Haddad,tomas.haddad@dovetail.com,dovetail.com,Paid Social - Meta,prospecting-lal,false
L006907,2026-04-23 12:15:00,Jonas,Pires,jonas.pires@meridian.com,meridian.com,Paid Social - Meta,prospecting-lal,false
L006908,2026-04-01 20:30:00,Arun,Nwosu,arun.nwosu@redwood.com,redwood.com,Paid Social - Meta,lead-form-broad,false
L006909,2026-04-29 14:15:00,Tomas,Bergstrom,tomas.bergstrom@foxglove.com,foxglove.com,Paid Social - Meta,lead-form-broad,false
L006910,2026-04-07 09:45:00,Renata,Kavanagh,renata.kavanagh@quarry.com,quarry.com,Paid Social - Meta,prospecting-lal,false
L006911,2026-04-20 17:15:00,Yusuf,Lindqvist,yusuf.lindqvist@dovetail.com,dovetail.com,Paid Social - Meta,lead-form-broad,false
L006912,2026-04-27 16:45:00,Marcus,Whitfield,marcus.whitfield@nimbus.com,nimbus.com,Paid Social - Meta,prospecting-lal,false
L006913,2026-04-07 09:30:00,Grace,Zhang,grace.zhang@arclight.com,arclight.com,Paid Social - Meta,mofu-retarget,false
L006914,2026-04-04 07:15:00,Yusuf,Ferreira,yusuf.ferreira@anvil.com,anvil.com,Paid Social - Meta,lead-form-broad,false
L006915,2026-04-23 09:00:00,Tomas,Mulvaney,tomas.mulvaney@juniper.com,juniper.com,Paid Social - Meta,mofu-retarget,false
L006916,2026-04-01 12:45:00,Jonas,Novak,jonas.novak@quillon.com,quillon.com,Paid Social - Meta,mofu-retarget,false
L006917,2026-04-01 08:15:00,Malik,Whitfield,malik.whitfield@meridian.com,meridian.com,Paid Social - Meta,lead-form-broad,false
L006918,2026-04-08 18:45:00,Beatriz,Castellanos,beatriz.castellanos@marlowe.com,marlowe.com,Paid Social - Meta,mofu-retarget,false
L006919,2026-04-25 18:45:00,Jonas,Okonkwo,jonas.okonkwo@brightpath.com,brightpath.com,Paid Social - Meta,mofu-retarget,false
L006920,2026-04-17 19:15:00,Callum,Novak,callum.novak@tessellate.com,tessellate.com,Paid Social - Meta,mofu-retarget,false
L006921,2026-04-16 13:15:00,Yusuf,Pires,yusuf.pires@harborview.com,harborview.com,Paid Social - Meta,prospecting-lal,false
L006922,2026-04-05 19:15:00,Malik,Byrne,malik.byrne@kestrel.com,kestrel.com,Paid Social - Meta,mofu-retarget,false
L006923,2026-04-30 17:30:00,Rafael,Bergstrom,rafael.bergstrom@lumen.com,lumen.com,Paid Social - Meta,mofu-retarget,false
L006924,2026-04-18 09:30:00,Ingrid,Byrne,ingrid.byrne@nimbus.com,nimbus.com,Paid Social - Meta,lead-form-broad,false
L006925,2026-04-25 16:15:00,Tomas,Szabo,tomas.szabo@copperline.com,copperline.com,Paid Social - Meta,prospecting-lal,false
L006926,2026-04-27 14:45:00,Jonas,Zhang,jonas.zhang@dovetail.com,dovetail.com,Paid Social - Meta,prospecting-lal,false
L006927,2026-04-12 20:00:00,Yusuf,Grant,yusuf.grant@harborview.com,harborview.com,Paid Social - Meta,lead-form-broad,false
L006928,2026-04-14 16:30:00,Alicia,Lindqvist,alicia.lindqvist@dovetail.com,dovetail.com,Paid Social - Meta,prospecting-lal,false
L006929,2026-04-10 18:00:00,Cormac,Okonkwo,cormac.okonkwo@dovetail.com,dovetail.com,Paid Social - Meta,mofu-retarget,false
L006930,2026-04-11 11:30:00,Renata,Byrne,renata.byrne@juniper.com,juniper.com,Paid Social - Meta,prospecting-lal,false
L006931,2026-04-26 16:30:00,Kenji,Kavanagh,kenji.kavanagh@meridian.com,meridian.com,Paid Social - Meta,mofu-retarget,false
L006932,2026-04-26 08:00:00,Omar,Iyer,omar.iyer@redwood.com,redwood.com,Paid Social - Meta,mofu-retarget,false
L006933,2026-04-08 07:00:00,Grace,Bergstrom,grace.bergstrom@foxglove.com,foxglove.com,Paid Social - Meta,mofu-retarget,false
L006934,2026-04-27 11:15:00,Siobhan,Grant,siobhan.grant@ironwood.com,ironwood.com,Paid Social - Meta,prospecting-lal,true
L006935,2026-04-27 11:45:00,Margit,Aaltonen,margit.aaltonen@cascade.com,cascade.com,Paid Social - Meta,lead-form-broad,false
L006936,2026-04-04 08:00:00,Beatriz,Farrell,beatriz.farrell@foxglove.com,foxglove.com,Paid Social - Meta,mofu-retarget,false
L006937,2026-04-04 11:30:00,Omar,Nwosu,omar.nwosu@ember.com,ember.com,Paid Social - Meta,prospecting-lal,false
L006938,2026-04-30 09:00:00,Anaya,Vieira,anaya.vieira@ridgeline.com,ridgeline.com,Paid Social - Meta,mofu-retarget,false
L006939,2026-04-07 19:15:00,Elodie,Szabo,elodie.szabo@brightpath.com,brightpath.com,Paid Social - Meta,mofu-retarget,false
L006940,2026-04-08 10:45:00,Elodie,Novak,elodie.novak@harborview.com,harborview.com,Paid Social - Meta,prospecting-lal,false
L006941,2026-04-26 15:00:00,Arun,Bahri,arun.bahri@oakhurst.com,oakhurst.com,Paid Social - Meta,lead-form-broad,false
L006942,2026-04-22 12:30:00,Callum,Almeida,callum.almeida@redwood.com,redwood.com,Paid Social - Meta,prospecting-lal,false
L006943,2026-04-12 18:00:00,Adeola,Vieira,adeola.vieira@harborview.com,harborview.com,Paid Social - Meta,prospecting-lal,false
L006944,2026-04-27 18:30:00,Anaya,Nwosu,anaya.nwosu@granitepeak.com,granitepeak.com,Paid Social - Meta,mofu-retarget,false
L006945,2026-04-19 09:45:00,Priya,Ferreira,priya.ferreira@quillon.com,quillon.com,Paid Social - Meta,prospecting-lal,false
L006946,2026-04-15 09:00:00,Callum,Watanabe,callum.watanabe@harborview.com,harborview.com,Paid Social - Meta,lead-form-broad,false
L006947,2026-04-13 20:00:00,Kenji,Aaltonen,kenji.aaltonen@meridian.com,meridian.com,Paid Social - Meta,lead-form-broad,false
L006948,2026-04-08 20:30:00,Darius,Whitfield,darius.whitfield@lumen.com,lumen.com,Paid Social - Meta,prospecting-lal,false
L006949,2026-04-06 10:30:00,Renata,Bahri,renata.bahri@arclight.com,arclight.com,Paid Social - Meta,prospecting-lal,false
L006950,2026-04-01 19:45:00,Darius,Lindqvist,darius.lindqvist@quarry.com,quarry.com,Paid Social - Meta,lead-form-broad,false
L006951,2026-04-03 09:00:00,Rafael,Watanabe,rafael.watanabe@nimbus.com,nimbus.com,Paid Social - Meta,lead-form-broad,false
L006952,2026-04-25 12:45:00,Malik,Nwosu,malik.nwosu@halcyon.com,halcyon.com,Paid Social - Meta,prospecting-lal,false
L006953,2026-04-25 16:00:00,Kenji,Haddad,kenji.haddad@kestrel.com,kestrel.com,Paid Social - Meta,lead-form-broad,false
L006954,2026-04-10 11:45:00,Mei,Whitfield,mei.whitfield@juniper.com,juniper.com,Paid Social - Meta,lead-form-broad,false
L006955,2026-04-30 11:30:00,Priya,Aaltonen,priya.aaltonen@solvent.com,solvent.com,Paid Social - Meta,mofu-retarget,false
L006956,2026-04-18 17:00:00,Ivo,Szabo,ivo.szabo@oakhurst.com,oakhurst.com,Paid Social - Meta,prospecting-lal,false
L006957,2026-04-20 15:45:00,Yusuf,Byrne,yusuf.byrne@meridian.com,meridian.com,Paid Social - Meta,mofu-retarget,false
L006958,2026-04-24 11:15:00,Elodie,Moreau,elodie.moreau@juniper.com,juniper.com,Paid Social - Meta,prospecting-lal,false
L006959,2026-04-14 08:30:00,Adeola,Bergstrom,adeola.bergstrom@lumen.com,lumen.com,Paid Social - Meta,lead-form-broad,false
L006960,2026-04-22 16:30:00,Yusuf,Grant,yusuf.grant@juniper.com,juniper.com,Paid Social - Meta,lead-form-broad,false
L006961,2026-04-29 13:00:00,Darius,Mulvaney,darius.mulvaney@ironwood.com,ironwood.com,Paid Social - Meta,lead-form-broad,false
L006962,2026-04-24 11:30:00,Callum,Okonkwo,callum.okonkwo@brightpath.com,brightpath.com,Paid Social - Meta,mofu-retarget,false
L006963,2026-04-02 20:30:00,Peter,Iyer,peter.iyer@ember.com,ember.com,Paid Social - Meta,prospecting-lal,false
L006964,2026-04-14 09:30:00,Malik,Petrov,malik.petrov@solvent.com,solvent.com,Paid Social - Meta,mofu-retarget,false
L006965,2026-04-12 14:00:00,Beatriz,Raghunathan,beatriz.raghunathan@quarry.com,quarry.com,Paid Social - Meta,prospecting-lal,false
L006966,2026-04-09 18:15:00,Renata,Castellanos,renata.castellanos@ember.com,ember.com,Paid Social - Meta,lead-form-broad,false
L006967,2026-04-11 20:00:00,Anaya,Szabo,anaya.szabo@ridgeline.com,ridgeline.com,Paid Social - Meta,lead-form-broad,false
L006968,2026-04-16 14:30:00,Callum,Ferreira,callum.ferreira@dovetail.com,dovetail.com,Paid Social - Meta,prospecting-lal,false
L006969,2026-04-02 16:15:00,Lena,Vieira,lena.vieira@pinnacle.com,pinnacle.com,Paid Social - Meta,mofu-retarget,false
L006970,2026-04-11 16:45:00,Callum,Bahri,callum.bahri@kestrel.com,kestrel.com,Paid Social - Meta,prospecting-lal,false
L006971,2026-04-23 08:45:00,Estelle,Almeida,estelle.almeida@marlowe.com,marlowe.com,Paid Social - Meta,prospecting-lal,false
L006972,2026-04-26 11:00:00,Darius,Raghunathan,darius.raghunathan@arclight.com,arclight.com,Paid Social - Meta,mofu-retarget,false
L006973,2026-04-28 14:15:00,Callum,Nwosu,callum.nwosu@foxglove.com,foxglove.com,Paid Social - Meta,lead-form-broad,false
L006974,2026-04-15 11:45:00,Mei,Nwosu,mei.nwosu@ferrous.com,ferrous.com,Paid Social - Meta,lead-form-broad,false
L006975,2026-04-27 12:15:00,Cormac,Kavanagh,cormac.kavanagh@brightpath.com,brightpath.com,Paid Social - Meta,lead-form-broad,false
L006976,2026-04-16 13:15:00,Mei,Demir,mei.demir@kestrel.com,kestrel.com,Paid Social - Meta,mofu-retarget,false
L006977,2026-04-02 20:15:00,Ivo,Castellanos,ivo.castellanos@anvil.com,anvil.com,Paid Social - Meta,lead-form-broad,false
L006978,2026-04-04 16:30:00,Alicia,Bahri,alicia.bahri@ironwood.com,ironwood.com,Paid Social - Meta,lead-form-broad,false
L006979,2026-04-28 16:45:00,Malik,Szabo,malik.szabo@ironwood.com,ironwood.com,Paid Social - Meta,prospecting-lal,false
L006980,2026-04-26 18:15:00,Peter,Nwosu,peter.nwosu@arclight.com,arclight.com,Paid Social - Meta,mofu-retarget,false
L006981,2026-04-11 15:15:00,Alicia,Doyle,alicia.doyle@harborview.com,harborview.com,Paid Social - Meta,lead-form-broad,false
L006982,2026-04-18 19:15:00,Cormac,Krishnan,cormac.krishnan@arclight.com,arclight.com,Paid Social - Meta,lead-form-broad,false
L006983,2026-04-11 13:15:00,Darius,Moreau,darius.moreau@ridgeline.com,ridgeline.com,Paid Social - Meta,prospecting-lal,false
L006984,2026-04-14 12:45:00,Omar,Aaltonen,omar.aaltonen@anvil.com,anvil.com,Paid Social - Meta,prospecting-lal,false
L006985,2026-04-07 17:00:00,Callum,Mulvaney,callum.mulvaney@tessellate.com,tessellate.com,Paid Social - Meta,mofu-retarget,false
L006986,2026-04-26 11:30:00,Noor,Farrell,noor.farrell@cascade.com,cascade.com,Paid Social - Meta,lead-form-broad,false
L006987,2026-04-02 19:00:00,Tomas,Szabo,tomas.szabo@kestrel.com,kestrel.com,Paid Social - Meta,lead-form-broad,false
L006988,2026-04-26 17:00:00,Arun,Pires,arun.pires@arclight.com,arclight.com,Paid Social - Meta,prospecting-lal,false
L006989,2026-04-19 14:30:00,Beatriz,Byrne,beatriz.byrne@ember.com,ember.com,Paid Social - Meta,lead-form-broad,false
L006990,2026-04-10 12:45:00,Kenji,Byrne,kenji.byrne@northwind.com,northwind.com,Paid Social - Meta,mofu-retarget,false
L006991,2026-04-29 11:15:00,Elodie,Mulvaney,elodie.mulvaney@harborview.com,harborview.com,Paid Social - Meta,prospecting-lal,false
L006992,2026-04-26 17:45:00,Estelle,Grant,estelle.grant@arclight.com,arclight.com,Paid Social - Meta,mofu-retarget,false
L006993,2026-04-08 10:45:00,Yusuf,Horvat,yusuf.horvat@cascade.com,cascade.com,Paid Social - Meta,lead-form-broad,false
L006994,2026-04-13 09:45:00,Priya,Farrell,priya.farrell@quillon.com,quillon.com,Paid Social - Meta,lead-form-broad,false
L006995,2026-04-11 18:30:00,Noor,Horvat,noor.horvat@solvent.com,solvent.com,Paid Social - Meta,lead-form-broad,false
L006996,2026-04-30 08:15:00,Yusuf,Farrell,yusuf.farrell@brightpath.com,brightpath.com,Paid Social - Meta,lead-form-broad,false
L006997,2026-04-10 17:30:00,Priya,Aaltonen,priya.aaltonen@ferrous.com,ferrous.com,Paid Social - Meta,prospecting-lal,false
L006998,2026-04-22 18:30:00,Adeola,Whitfield,adeola.whitfield@juniper.com,juniper.com,Paid Social - Meta,lead-form-broad,false
L006999,2026-04-10 16:00:00,Siobhan,Demir,siobhan.demir@harborview.com,harborview.com,Paid Social - Meta,prospecting-lal,false
L007000,2026-04-25 08:30:00,Hollis,Novak,hollis.novak@copperline.com,copperline.com,Paid Social - Meta,prospecting-lal,false
L007001,2026-04-08 11:15:00,Hollis,Horvat,hollis.horvat@nimbus.com,nimbus.com,Paid Social - Meta,mofu-retarget,false
L007002,2026-04-01 10:00:00,Kenji,Almeida,kenji.almeida@juniper.com,juniper.com,Paid Social - Meta,prospecting-lal,false
L007003,2026-04-28 11:45:00,Alicia,Szabo,alicia.szabo@ridgeline.com,ridgeline.com,Paid Social - Meta,lead-form-broad,false
L007004,2026-04-24 14:00:00,Elodie,Zhang,elodie.zhang@lumen.com,lumen.com,Paid Social - Meta,mofu-retarget,false
L007005,2026-04-07 13:45:00,Jonas,Novak,jonas.novak@foxglove.com,foxglove.com,Paid Social - Meta,mofu-retarget,false
L007006,2026-04-05 12:15:00,Cormac,Byrne,cormac.byrne@ember.com,ember.com,Paid Social - Meta,prospecting-lal,false
L007007,2026-04-05 15:30:00,Elodie,Demir,elodie.demir@quillon.com,quillon.com,Paid Social - Meta,lead-form-broad,false
L007008,2026-04-26 13:45:00,Omar,Zhang,omar.zhang@saltmarsh.com,saltmarsh.com,Paid Social - Meta,mofu-retarget,false
L007009,2026-04-10 08:30:00,Alicia,Nwosu,alicia.nwosu@arclight.com,arclight.com,Paid Social - Meta,mofu-retarget,false
L007010,2026-04-02 11:00:00,Hollis,Zhang,hollis.zhang@quillon.com,quillon.com,Paid Social - Meta,mofu-retarget,false
L007011,2026-04-23 09:30:00,Rafael,Aaltonen,rafael.aaltonen@juniper.com,juniper.com,Paid Social - Meta,lead-form-broad,false
L007012,2026-04-07 20:45:00,Noor,Lindqvist,noor.lindqvist@oakhurst.com,oakhurst.com,Paid Social - Meta,lead-form-broad,false
L007013,2026-04-22 15:45:00,Adeola,Byrne,adeola.byrne@ember.com,ember.com,Paid Social - Meta,lead-form-broad,false
L007014,2026-04-17 08:30:00,Arun,Moreau,arun.moreau@anvil.com,anvil.com,Paid Social - Meta,lead-form-broad,false
L007015,2026-04-13 13:15:00,Anaya,Haddad,anaya.haddad@nimbus.com,nimbus.com,Paid Social - Meta,prospecting-lal,false
L007016,2026-04-08 20:15:00,Beatriz,Aaltonen,beatriz.aaltonen@quillon.com,quillon.com,Paid Social - Meta,lead-form-broad,false
L007017,2026-04-13 13:00:00,Tomas,Pires,tomas.pires@ironwood.com,ironwood.com,Paid Social - Meta,prospecting-lal,false
L007018,2026-04-03 10:00:00,Noor,Castellanos,noor.castellanos@pinnacle.com,pinnacle.com,Paid Social - Meta,prospecting-lal,false
L007019,2026-04-14 14:15:00,Jonas,Grant,jonas.grant@redwood.com,redwood.com,Paid Search - Non-Brand,category-terms,false
L007020,2026-04-02 13:30:00,Hollis,Okonkwo,hollis.okonkwo@brightpath.com,brightpath.com,Paid Search - Non-Brand,competitor-terms,false
L007021,2026-04-18 07:15:00,Omar,Petrov,omar.petrov@marlowe.com,marlowe.com,Paid Search - Non-Brand,competitor-terms,false
L007022,2026-04-11 11:45:00,Omar,Iyer,omar.iyer@quarry.com,quarry.com,Paid Search - Non-Brand,category-terms,false
L007023,2026-04-01 08:30:00,Lena,Krishnan,lena.krishnan@oakhurst.com,oakhurst.com,Paid Search - Non-Brand,competitor-terms,false
L007024,2026-04-27 19:30:00,Rafael,Castellanos,rafael.castellanos@halcyon.com,halcyon.com,Paid Search - Non-Brand,competitor-terms,false
L007025,2026-04-13 08:00:00,Alicia,Byrne,alicia.byrne@harborview.com,harborview.com,Paid Search - Non-Brand,category-terms,false
L007026,2026-04-12 12:00:00,Renata,Doyle,renata.doyle@ember.com,ember.com,Paid Search - Non-Brand,category-terms,true
L007027,2026-04-18 16:30:00,Renata,Petrov,renata.petrov@ferrous.com,ferrous.com,Paid Search - Non-Brand,solution-terms,false
L007028,2026-04-15 13:00:00,Margit,Haddad,margit.haddad@ironwood.com,ironwood.com,Paid Search - Non-Brand,category-terms,false
L007029,2026-04-20 08:45:00,Alicia,Lindqvist,alicia.lindqvist@anvil.com,anvil.com,Paid Search - Non-Brand,solution-terms,false
L007030,2026-04-18 18:45:00,Lena,Novak,lena.novak@copperline.com,copperline.com,Paid Search - Non-Brand,competitor-terms,false
L007031,2026-04-03 16:45:00,Mei,Watanabe,mei.watanabe@copperline.com,copperline.com,Paid Search - Non-Brand,solution-terms,false
L007032,2026-04-19 20:15:00,Anaya,Grant,anaya.grant@quarry.com,quarry.com,Paid Search - Non-Brand,competitor-terms,false
L007033,2026-04-22 16:45:00,Lena,Mulvaney,lena.mulvaney@saltmarsh.com,saltmarsh.com,Paid Search - Non-Brand,solution-terms,false
L007034,2026-04-14 13:00:00,Beatriz,Demir,beatriz.demir@thornbury.com,thornbury.com,Paid Search - Non-Brand,solution-terms,false
L007035,2026-04-18 10:00:00,Siobhan,Byrne,siobhan.byrne@thornbury.com,thornbury.com,Paid Search - Non-Brand,category-terms,false
L007036,2026-04-26 10:45:00,Yusuf,Kavanagh,yusuf.kavanagh@tessellate.com,tessellate.com,Paid Search - Non-Brand,solution-terms,false
L007037,2026-04-09 10:15:00,Cormac,Aaltonen,cormac.aaltonen@nimbus.com,nimbus.com,Paid Search - Non-Brand,solution-terms,false
L007038,2026-04-28 10:00:00,Elodie,Farrell,elodie.farrell@ferrous.com,ferrous.com,Paid Search - Non-Brand,competitor-terms,false
L007039,2026-04-12 07:00:00,Malik,Farrell,malik.farrell@saltmarsh.com,saltmarsh.com,Paid Search - Non-Brand,category-terms,false
L007040,2026-04-26 14:30:00,Peter,Whitfield,peter.whitfield@marlowe.com,marlowe.com,Paid Search - Non-Brand,category-terms,false
L007041,2026-04-26 13:30:00,Alicia,Moreau,alicia.moreau@thornbury.com,thornbury.com,Paid Search - Non-Brand,competitor-terms,false
L007042,2026-04-26 08:15:00,Alicia,Petrov,alicia.petrov@anvil.com,anvil.com,Paid Search - Non-Brand,competitor-terms,false
L007043,2026-04-15 09:00:00,Beatriz,Bahri,beatriz.bahri@northwind.com,northwind.com,Paid Search - Non-Brand,category-terms,false
L007044,2026-04-02 16:15:00,Tomas,Petrov,tomas.petrov@marlowe.com,marlowe.com,Paid Search - Non-Brand,solution-terms,false
L007045,2026-04-18 15:15:00,Darius,Bahri,darius.bahri@arclight.com,arclight.com,Paid Search - Non-Brand,solution-terms,false
L007046,2026-04-19 07:00:00,Anaya,Kavanagh,anaya.kavanagh@juniper.com,juniper.com,Paid Search - Non-Brand,category-terms,false
L007047,2026-04-04 11:45:00,Cormac,Castellanos,cormac.castellanos@ferrous.com,ferrous.com,Paid Search - Non-Brand,category-terms,false
L007048,2026-04-11 16:00:00,Rafael,Nwosu,rafael.nwosu@halcyon.com,halcyon.com,Paid Search - Non-Brand,category-terms,false
L007049,2026-04-25 11:15:00,Ivo,Novak,ivo.novak@ember.com,ember.com,Paid Search - Non-Brand,solution-terms,true
L007050,2026-04-25 08:00:00,Tomas,Okonkwo,tomas.okonkwo@harborview.com,harborview.com,Paid Search - Non-Brand,solution-terms,false
L007051,2026-04-07 08:00:00,Malik,Szabo,malik.szabo@harborview.com,harborview.com,Paid Search - Non-Brand,category-terms,false
L007052,2026-04-04 17:15:00,Marcus,Demir,marcus.demir@ember.com,ember.com,Paid Search - Non-Brand,category-terms,false
L007053,2026-04-10 11:00:00,Elodie,Horvat,elodie.horvat@ridgeline.com,ridgeline.com,Paid Search - Non-Brand,category-terms,false
L007054,2026-04-21 13:30:00,Lena,Iyer,lena.iyer@copperline.com,copperline.com,Paid Search - Non-Brand,competitor-terms,false
L007055,2026-04-04 16:45:00,Yusuf,Nwosu,yusuf.nwosu@quillon.com,quillon.com,Paid Search - Non-Brand,competitor-terms,true
L007056,2026-04-21 17:00:00,Callum,Grant,callum.grant@cascade.com,cascade.com,Paid Search - Non-Brand,category-terms,false
L007057,2026-04-17 14:00:00,Lena,Aaltonen,lena.aaltonen@ridgeline.com,ridgeline.com,Paid Search - Non-Brand,solution-terms,false
L007058,2026-04-14 19:00:00,Jonas,Krishnan,jonas.krishnan@kestrel.com,kestrel.com,Paid Search - Non-Brand,competitor-terms,false
L007059,2026-04-17 08:30:00,Noor,Haddad,noor.haddad@northwind.com,northwind.com,Paid Search - Non-Brand,solution-terms,false
L007060,2026-04-11 15:15:00,Tomas,Byrne,tomas.byrne@thornbury.com,thornbury.com,Paid Search - Non-Brand,solution-terms,false
L007061,2026-04-04 20:00:00,Priya,Demir,priya.demir@anvil.com,anvil.com,Paid Search - Non-Brand,competitor-terms,false
L007062,2026-04-23 15:00:00,Ivo,Doyle,ivo.doyle@anvil.com,anvil.com,Paid Search - Non-Brand,competitor-terms,false
L007063,2026-04-08 07:45:00,Callum,Zhang,callum.zhang@oakhurst.com,oakhurst.com,Paid Search - Non-Brand,solution-terms,true
L007064,2026-04-22 12:30:00,Marcus,Okonkwo,marcus.okonkwo@quarry.com,quarry.com,Paid Search - Non-Brand,category-terms,false
L007065,2026-04-22 13:30:00,Callum,Doyle,callum.doyle@lumen.com,lumen.com,Paid Search - Non-Brand,competitor-terms,false
L007066,2026-04-08 10:15:00,Estelle,Watanabe,estelle.watanabe@ironwood.com,ironwood.com,Paid Search - Non-Brand,solution-terms,true
L007067,2026-04-04 10:15:00,Beatriz,Doyle,beatriz.doyle@copperline.com,copperline.com,Paid Search - Non-Brand,solution-terms,false
L007068,2026-04-18 14:45:00,Arun,Doyle,arun.doyle@meridian.com,meridian.com,Paid Search - Non-Brand,competitor-terms,false
L007069,2026-04-10 10:15:00,Rafael,Grant,rafael.grant@dovetail.com,dovetail.com,Paid Search - Non-Brand,solution-terms,false
L007070,2026-04-27 20:00:00,Cormac,Farrell,cormac.farrell@ember.com,ember.com,Paid Search - Non-Brand,solution-terms,true
L007071,2026-04-24 12:15:00,Adeola,Watanabe,adeola.watanabe@ferrous.com,ferrous.com,Paid Search - Non-Brand,solution-terms,false
L007072,2026-04-21 18:00:00,Tomas,Lindqvist,tomas.lindqvist@kestrel.com,kestrel.com,Paid Search - Non-Brand,competitor-terms,false
L007073,2026-04-07 09:30:00,Ingrid,Aaltonen,ingrid.aaltonen@tessellate.com,tessellate.com,Paid Search - Non-Brand,solution-terms,false
L007074,2026-04-19 13:00:00,Lena,Demir,lena.demir@nimbus.com,nimbus.com,Paid Social - LinkedIn,abm-tier1,false
L007075,2026-04-15 14:15:00,Noor,Krishnan,noor.krishnan@copperline.com,copperline.com,Paid Social - LinkedIn,abm-tier1,false
L007076,2026-04-11 10:30:00,Marcus,Okonkwo,marcus.okonkwo@lumen.com,lumen.com,Paid Social - LinkedIn,jobtitle-targeting,false
L007077,2026-04-05 11:30:00,Cormac,Bahri,cormac.bahri@meridian.com,meridian.com,Paid Social - LinkedIn,content-download,false
L007078,2026-04-03 12:30:00,Beatriz,Szabo,beatriz.szabo@redwood.com,redwood.com,Paid Social - LinkedIn,jobtitle-targeting,false
L007079,2026-04-07 13:30:00,Alicia,Horvat,alicia.horvat@brightpath.com,brightpath.com,Paid Social - LinkedIn,content-download,false
L007080,2026-04-28 16:00:00,Marcus,Pires,marcus.pires@saltmarsh.com,saltmarsh.com,Paid Social - LinkedIn,content-download,false
L007081,2026-04-04 12:30:00,Arun,Petrov,arun.petrov@halcyon.com,halcyon.com,Paid Social - LinkedIn,content-download,false
L007082,2026-04-25 10:00:00,Renata,Nwosu,renata.nwosu@cascade.com,cascade.com,Paid Social - LinkedIn,jobtitle-targeting,false
L007083,2026-04-04 08:45:00,Yusuf,Haddad,yusuf.haddad@juniper.com,juniper.com,Paid Social - LinkedIn,jobtitle-targeting,false
L007084,2026-04-30 16:45:00,Omar,Byrne,omar.byrne@kestrel.com,kestrel.com,Paid Social - LinkedIn,jobtitle-targeting,false
L007085,2026-04-02 16:00:00,Cormac,Zhang,cormac.zhang@brightpath.com,brightpath.com,Paid Social - LinkedIn,content-download,false
L007086,2026-04-16 19:00:00,Estelle,Horvat,estelle.horvat@marlowe.com,marlowe.com,Paid Social - LinkedIn,abm-tier1,false
L007087,2026-04-15 08:45:00,Ivo,Almeida,ivo.almeida@pinnacle.com,pinnacle.com,Paid Social - LinkedIn,jobtitle-targeting,false
L007088,2026-04-22 11:15:00,Darius,Byrne,darius.byrne@nimbus.com,nimbus.com,Paid Social - LinkedIn,content-download,false
L007089,2026-04-07 14:45:00,Adeola,Bergstrom,adeola.bergstrom@pinnacle.com,pinnacle.com,Paid Social - LinkedIn,content-download,true
L007090,2026-04-18 18:00:00,Margit,Moreau,margit.moreau@oakhurst.com,oakhurst.com,Paid Social - LinkedIn,abm-tier1,false
L007091,2026-04-01 09:00:00,Beatriz,Pires,beatriz.pires@pinnacle.com,pinnacle.com,Paid Social - LinkedIn,jobtitle-targeting,false
L007092,2026-04-27 08:15:00,Callum,Moreau,callum.moreau@meridian.com,meridian.com,Paid Social - LinkedIn,abm-tier1,false
L007093,2026-04-29 14:15:00,Mei,Watanabe,mei.watanabe@brightpath.com,brightpath.com,Paid Social - LinkedIn,jobtitle-targeting,false
L007094,2026-04-03 18:15:00,Lena,Zhang,lena.zhang@meridian.com,meridian.com,Paid Social - LinkedIn,abm-tier1,false
L007095,2026-04-21 11:30:00,Margit,Nwosu,margit.nwosu@northwind.com,northwind.com,Paid Social - LinkedIn,content-download,false
L007096,2026-04-03 12:00:00,Mei,Almeida,mei.almeida@kestrel.com,kestrel.com,Paid Social - LinkedIn,jobtitle-targeting,false
L007097,2026-04-12 11:30:00,Lena,Demir,lena.demir@arclight.com,arclight.com,Paid Social - LinkedIn,abm-tier1,false
L007098,2026-04-09 12:15:00,Anaya,Lindqvist,anaya.lindqvist@ironwood.com,ironwood.com,Paid Social - LinkedIn,content-download,false
L007099,2026-04-29 12:45:00,Renata,Bergstrom,renata.bergstrom@foxglove.com,foxglove.com,Paid Social - LinkedIn,abm-tier1,true
L007100,2026-04-18 13:45:00,Beatriz,Petrov,beatriz.petrov@ferrous.com,ferrous.com,Paid Social - LinkedIn,content-download,false
L007101,2026-04-14 07:00:00,Peter,Krishnan,peter.krishnan@halcyon.com,halcyon.com,Paid Social - LinkedIn,abm-tier1,false
L007102,2026-04-07 12:30:00,Noor,Almeida,noor.almeida@tessellate.com,tessellate.com,Paid Social - LinkedIn,abm-tier1,false
L007103,2026-04-13 10:15:00,Mei,Kavanagh,mei.kavanagh@ironwood.com,ironwood.com,Paid Social - LinkedIn,abm-tier1,false
L007104,2026-04-15 17:15:00,Hollis,Moreau,hollis.moreau@dovetail.com,dovetail.com,Organic / Direct,none,false
L007105,2026-04-21 15:00:00,Kenji,Raghunathan,kenji.raghunathan@arclight.com,arclight.com,Organic / Direct,none,false
L007106,2026-04-22 20:00:00,Anaya,Petrov,anaya.petrov@ironwood.com,ironwood.com,Organic / Direct,none,false
L007107,2026-04-06 19:45:00,Tomas,Whitfield,tomas.whitfield@harborview.com,harborview.com,Organic / Direct,none,false
L007108,2026-04-15 16:45:00,Jonas,Novak,jonas.novak@pinnacle.com,pinnacle.com,Organic / Direct,none,false
L007109,2026-04-26 10:00:00,Jonas,Demir,jonas.demir@saltmarsh.com,saltmarsh.com,Organic / Direct,none,false
L007110,2026-04-04 18:45:00,Priya,Grant,priya.grant@oakhurst.com,oakhurst.com,Organic / Direct,none,false
L007111,2026-04-02 15:45:00,Rafael,Mulvaney,rafael.mulvaney@ridgeline.com,ridgeline.com,Organic / Direct,none,false
L007112,2026-04-13 10:00:00,Omar,Petrov,omar.petrov@redwood.com,redwood.com,Organic / Direct,none,false
L007113,2026-04-19 17:15:00,Noor,Moreau,noor.moreau@pinnacle.com,pinnacle.com,Organic / Direct,none,false
L007114,2026-04-27 15:30:00,Rafael,Raghunathan,rafael.raghunathan@harborview.com,harborview.com,Organic / Direct,none,false
L007115,2026-04-14 09:30:00,Estelle,Byrne,estelle.byrne@kestrel.com,kestrel.com,Organic / Direct,none,false
L007116,2026-04-21 13:45:00,Yusuf,Farrell,yusuf.farrell@kestrel.com,kestrel.com,Organic / Direct,none,true
L007117,2026-04-29 14:30:00,Marcus,Okonkwo,marcus.okonkwo@meridian.com,meridian.com,Organic / Direct,none,false
L007118,2026-04-27 08:45:00,Ingrid,Okonkwo,ingrid.okonkwo@marlowe.com,marlowe.com,Organic / Direct,none,false
L007119,2026-04-19 20:30:00,Marcus,Okonkwo,marcus.okonkwo@granitepeak.com,granitepeak.com,Organic / Direct,none,false
L007120,2026-04-28 17:15:00,Malik,Pires,malik.pires@thornbury.com,thornbury.com,Organic / Direct,none,false
L007121,2026-04-26 12:00:00,Hollis,Raghunathan,hollis.raghunathan@granitepeak.com,granitepeak.com,Organic / Direct,none,false
L007122,2026-04-04 07:00:00,Omar,Novak,omar.novak@saltmarsh.com,saltmarsh.com,Organic / Direct,none,true
L007123,2026-04-22 11:00:00,Malik,Aaltonen,malik.aaltonen@brightpath.com,brightpath.com,Organic / Direct,none,false
L007124,2026-04-18 07:30:00,Omar,Kavanagh,omar.kavanagh@oakhurst.com,oakhurst.com,Organic / Direct,none,false
L007125,2026-04-11 16:45:00,Rafael,Petrov,rafael.petrov@dovetail.com,dovetail.com,Organic / Direct,none,true
L007126,2026-04-07 15:15:00,Callum,Szabo,callum.szabo@thornbury.com,thornbury.com,Organic / Direct,none,false
L007127,2026-04-09 15:45:00,Ingrid,Kavanagh,ingrid.kavanagh@halcyon.com,halcyon.com,Organic / Direct,none,false
L007128,2026-04-08 12:45:00,Priya,Almeida,priya.almeida@nimbus.com,nimbus.com,Organic / Direct,none,true
L007129,2026-04-11 10:45:00,Kenji,Demir,kenji.demir@meridian.com,meridian.com,Organic / Direct,none,true
L007130,2026-04-02 13:45:00,Siobhan,Whitfield,siobhan.whitfield@thornbury.com,thornbury.com,Organic / Direct,none,false
L007131,2026-04-12 19:45:00,Omar,Pires,omar.pires@granitepeak.com,granitepeak.com,Organic / Direct,none,false
L007132,2026-04-13 19:00:00,Estelle,Aaltonen,estelle.aaltonen@saltmarsh.com,saltmarsh.com,Organic / Direct,none,false
L007133,2026-04-06 16:30:00,Grace,Raghunathan,grace.raghunathan@kestrel.com,kestrel.com,Organic / Direct,none,false
L007134,2026-04-30 14:15:00,Lena,Szabo,lena.szabo@meridian.com,meridian.com,Organic / Direct,none,false
L007135,2026-04-26 16:45:00,Rafael,Doyle,rafael.doyle@brightpath.com,brightpath.com,Organic / Direct,none,false
L007136,2026-04-10 13:45:00,Grace,Grant,grace.grant@lumen.com,lumen.com,Organic / Direct,none,false
L007137,2026-04-07 15:15:00,Estelle,Pires,estelle.pires@meridian.com,meridian.com,Organic / Direct,none,false
L007138,2026-05-19 13:30:00,Hollis,Raghunathan,hollis.raghunathan@quarry.com,quarry.com,Display - Programmatic,contextual-b2b,false
L007139,2026-05-02 13:15:00,Callum,Okonkwo,callum.okonkwo@ember.com,ember.com,Display - Programmatic,retarget-display,false
L007140,2026-05-22 07:00:00,Alicia,Lindqvist,alicia.lindqvist@meridian.com,meridian.com,Display - Programmatic,retarget-display,false
L007141,2026-05-23 08:00:00,Malik,Watanabe,malik.watanabe@quarry.com,quarry.com,Display - Programmatic,retarget-display,false
L007142,2026-05-09 11:30:00,Rafael,Nwosu,rafael.nwosu@ferrous.com,ferrous.com,Display - Programmatic,retarget-display,false
L007143,2026-05-01 09:15:00,Omar,Almeida,omar.almeida@copperline.com,copperline.com,Display - Programmatic,contextual-b2b,false
L007144,2026-05-08 20:00:00,Arun,Novak,arun.novak@cascade.com,cascade.com,Display - Programmatic,retarget-display,false
L007145,2026-05-12 16:30:00,Priya,Raghunathan,priya.raghunathan@kestrel.com,kestrel.com,Display - Programmatic,retarget-display,false
L007146,2026-05-14 09:45:00,Ingrid,Moreau,ingrid.moreau@tessellate.com,tessellate.com,Display - Programmatic,retarget-display,false
L007147,2026-05-25 20:00:00,Cormac,Aaltonen,cormac.aaltonen@cascade.com,cascade.com,Display - Programmatic,contextual-b2b,false
L007148,2026-05-01 12:15:00,Estelle,Haddad,estelle.haddad@pinnacle.com,pinnacle.com,Display - Programmatic,retarget-display,false
L007149,2026-05-01 09:45:00,Cormac,Horvat,cormac.horvat@nimbus.com,nimbus.com,Display - Programmatic,contextual-b2b,false
L007150,2026-05-24 14:45:00,Kenji,Petrov,kenji.petrov@lumen.com,lumen.com,Display - Programmatic,retarget-display,false
L007151,2026-05-08 17:30:00,Estelle,Watanabe,estelle.watanabe@ridgeline.com,ridgeline.com,Display - Programmatic,contextual-b2b,false
L007152,2026-05-10 08:30:00,Arun,Raghunathan,arun.raghunathan@pinnacle.com,pinnacle.com,Display - Programmatic,contextual-b2b,false
L007153,2026-05-20 17:15:00,Priya,Moreau,priya.moreau@quarry.com,quarry.com,Display - Programmatic,contextual-b2b,false
L007154,2026-05-08 09:00:00,Ingrid,Almeida,ingrid.almeida@northwind.com,northwind.com,Display - Programmatic,retarget-display,false
L007155,2026-05-18 15:15:00,Cormac,Petrov,cormac.petrov@redwood.com,redwood.com,Display - Programmatic,retarget-display,false
L007156,2026-05-22 19:15:00,Marcus,Mulvaney,marcus.mulvaney@harborview.com,harborview.com,Display - Programmatic,retarget-display,false
L007157,2026-05-15 17:30:00,Grace,Iyer,grace.iyer@ironwood.com,ironwood.com,Display - Programmatic,contextual-b2b,false
L007158,2026-05-07 19:30:00,Arun,Farrell,arun.farrell@ridgeline.com,ridgeline.com,Display - Programmatic,retarget-display,false
L007159,2026-05-24 14:30:00,Lena,Petrov,lena.petrov@redwood.com,redwood.com,Display - Programmatic,retarget-display,false
L007160,2026-05-10 13:15:00,Lena,Kavanagh,lena.kavanagh@quillon.com,quillon.com,Display - Programmatic,contextual-b2b,false
L007161,2026-05-02 16:00:00,Marcus,Okonkwo,marcus.okonkwo@lumen.com,lumen.com,Display - Programmatic,contextual-b2b,false
L007162,2026-05-16 18:00:00,Anaya,Castellanos,anaya.castellanos@foxglove.com,foxglove.com,Display - Programmatic,retarget-display,false
L007163,2026-05-25 17:15:00,Ivo,Castellanos,ivo.castellanos@ember.com,ember.com,Display - Programmatic,contextual-b2b,false
L007164,2026-05-23 07:45:00,Yusuf,Bergstrom,yusuf.bergstrom@tessellate.com,tessellate.com,Display - Programmatic,contextual-b2b,false
L007165,2026-05-20 15:15:00,Yusuf,Grant,yusuf.grant@anvil.com,anvil.com,Display - Programmatic,contextual-b2b,false
L007166,2026-05-18 14:30:00,Yusuf,Watanabe,yusuf.watanabe@harborview.com,harborview.com,Display - Programmatic,retarget-display,false
L007167,2026-05-22 11:30:00,Elodie,Castellanos,elodie.castellanos@ironwood.com,ironwood.com,Display - Programmatic,retarget-display,false
L007168,2026-05-10 16:15:00,Noor,Moreau,noor.moreau@redwood.com,redwood.com,Display - Programmatic,retarget-display,false
L007169,2026-05-28 15:00:00,Callum,Horvat,callum.horvat@ember.com,ember.com,Display - Programmatic,retarget-display,false
L007170,2026-05-02 11:30:00,Marcus,Mulvaney,marcus.mulvaney@anvil.com,anvil.com,Display - Programmatic,contextual-b2b,false
L007171,2026-05-11 18:00:00,Elodie,Byrne,elodie.byrne@meridian.com,meridian.com,Display - Programmatic,contextual-b2b,false
L007172,2026-05-12 15:45:00,Estelle,Almeida,estelle.almeida@quarry.com,quarry.com,Display - Programmatic,contextual-b2b,false
L007173,2026-05-19 18:00:00,Anaya,Lindqvist,anaya.lindqvist@meridian.com,meridian.com,Display - Programmatic,retarget-display,false
L007174,2026-05-02 14:00:00,Yusuf,Zhang,yusuf.zhang@saltmarsh.com,saltmarsh.com,Display - Programmatic,retarget-display,false
L007175,2026-05-22 12:30:00,Anaya,Byrne,anaya.byrne@brightpath.com,brightpath.com,Display - Programmatic,retarget-display,false
L007176,2026-05-06 08:45:00,Rafael,Mulvaney,rafael.mulvaney@foxglove.com,foxglove.com,Display - Programmatic,retarget-display,false
L007177,2026-05-22 16:15:00,Yusuf,Byrne,yusuf.byrne@quarry.com,quarry.com,Display - Programmatic,contextual-b2b,false
L007178,2026-05-28 19:00:00,Arun,Aaltonen,arun.aaltonen@kestrel.com,kestrel.com,Display - Programmatic,contextual-b2b,false
L007179,2026-05-10 20:30:00,Beatriz,Vieira,beatriz.vieira@harborview.com,harborview.com,Display - Programmatic,retarget-display,false
L007180,2026-05-01 12:30:00,Darius,Krishnan,darius.krishnan@ferrous.com,ferrous.com,Display - Programmatic,retarget-display,false
L007181,2026-05-25 18:45:00,Yusuf,Lindqvist,yusuf.lindqvist@quillon.com,quillon.com,Display - Programmatic,contextual-b2b,false
L007182,2026-05-12 20:15:00,Rafael,Kavanagh,rafael.kavanagh@ridgeline.com,ridgeline.com,Display - Programmatic,contextual-b2b,false
L007183,2026-05-13 11:00:00,Priya,Kavanagh,priya.kavanagh@tessellate.com,tessellate.com,Display - Programmatic,contextual-b2b,false
L007184,2026-05-26 18:15:00,Elodie,Raghunathan,elodie.raghunathan@redwood.com,redwood.com,Display - Programmatic,contextual-b2b,false
L007185,2026-05-26 17:15:00,Elodie,Demir,elodie.demir@copperline.com,copperline.com,Display - Programmatic,contextual-b2b,false
L007186,2026-05-24 15:45:00,Beatriz,Zhang,beatriz.zhang@ironwood.com,ironwood.com,Display - Programmatic,contextual-b2b,false
L007187,2026-05-03 18:15:00,Tomas,Horvat,tomas.horvat@saltmarsh.com,saltmarsh.com,Display - Programmatic,retarget-display,false
L007188,2026-05-22 10:30:00,Estelle,Lindqvist,estelle.lindqvist@dovetail.com,dovetail.com,Display - Programmatic,contextual-b2b,false
L007189,2026-05-14 09:45:00,Siobhan,Lindqvist,siobhan.lindqvist@copperline.com,copperline.com,Display - Programmatic,retarget-display,false
L007190,2026-05-29 11:30:00,Elodie,Moreau,elodie.moreau@marlowe.com,marlowe.com,Display - Programmatic,retarget-display,false
L007191,2026-05-20 14:00:00,Margit,Novak,margit.novak@thornbury.com,thornbury.com,Display - Programmatic,contextual-b2b,false
L007192,2026-05-19 12:15:00,Mei,Bahri,mei.bahri@harborview.com,harborview.com,Display - Programmatic,retarget-display,false
L007193,2026-05-22 16:00:00,Callum,Almeida,callum.almeida@oakhurst.com,oakhurst.com,Display - Programmatic,contextual-b2b,false
L007194,2026-05-20 14:15:00,Elodie,Vieira,elodie.vieira@kestrel.com,kestrel.com,Display - Programmatic,contextual-b2b,false
L007195,2026-05-18 09:30:00,Peter,Moreau,peter.moreau@copperline.com,copperline.com,Display - Programmatic,contextual-b2b,false
L007196,2026-05-21 20:30:00,Callum,Byrne,callum.byrne@redwood.com,redwood.com,Display - Programmatic,contextual-b2b,false
L007197,2026-05-23 20:45:00,Cormac,Castellanos,cormac.castellanos@pinnacle.com,pinnacle.com,Display - Programmatic,contextual-b2b,false
L007198,2026-05-21 07:15:00,Marcus,Moreau,marcus.moreau@solvent.com,solvent.com,Display - Programmatic,contextual-b2b,false
L007199,2026-05-21 09:45:00,Darius,Mulvaney,darius.mulvaney@halcyon.com,halcyon.com,Display - Programmatic,contextual-b2b,false
L007200,2026-05-06 10:30:00,Siobhan,Vieira,siobhan.vieira@ember.com,ember.com,Display - Programmatic,contextual-b2b,false
L007201,2026-05-01 20:45:00,Lena,Haddad,lena.haddad@meridian.com,meridian.com,Display - Programmatic,contextual-b2b,false
L007202,2026-05-26 12:00:00,Yusuf,Byrne,yusuf.byrne@marlowe.com,marlowe.com,Display - Programmatic,retarget-display,false
L007203,2026-05-26 14:30:00,Cormac,Vieira,cormac.vieira@copperline.com,copperline.com,Display - Programmatic,retarget-display,false
L007204,2026-05-28 15:45:00,Estelle,Nwosu,estelle.nwosu@saltmarsh.com,saltmarsh.com,Display - Programmatic,retarget-display,false
L007205,2026-05-09 11:15:00,Siobhan,Lindqvist,siobhan.lindqvist@redwood.com,redwood.com,Paid Search - Brand,brand-phrase,false
L007206,2026-05-12 09:45:00,Priya,Pires,priya.pires@ferrous.com,ferrous.com,Paid Search - Brand,brand-phrase,false
L007207,2026-05-12 09:30:00,Siobhan,Watanabe,siobhan.watanabe@lumen.com,lumen.com,Paid Search - Brand,brand-phrase,false
L007208,2026-05-17 10:30:00,Ivo,Aaltonen,ivo.aaltonen@cascade.com,cascade.com,Paid Search - Brand,brand-exact,false
L007209,2026-05-02 15:00:00,Priya,Zhang,priya.zhang@granitepeak.com,granitepeak.com,Paid Search - Brand,brand-exact,false
L007210,2026-05-10 20:15:00,Grace,Petrov,grace.petrov@saltmarsh.com,saltmarsh.com,Paid Search - Brand,brand-phrase,false
L007211,2026-05-22 11:45:00,Arun,Kavanagh,arun.kavanagh@halcyon.com,halcyon.com,Paid Search - Brand,brand-exact,false
L007212,2026-05-26 19:45:00,Noor,Castellanos,noor.castellanos@ironwood.com,ironwood.com,Paid Search - Brand,brand-phrase,false
L007213,2026-05-07 17:15:00,Marcus,Kavanagh,marcus.kavanagh@dovetail.com,dovetail.com,Paid Search - Brand,brand-phrase,false
L007214,2026-05-28 19:00:00,Lena,Ferreira,lena.ferreira@ferrous.com,ferrous.com,Paid Search - Brand,brand-exact,false
L007215,2026-05-30 17:00:00,Priya,Kavanagh,priya.kavanagh@northwind.com,northwind.com,Paid Search - Brand,brand-phrase,false
L007216,2026-05-30 07:00:00,Cormac,Watanabe,cormac.watanabe@thornbury.com,thornbury.com,Paid Search - Brand,brand-exact,false
L007217,2026-05-01 09:30:00,Anaya,Pires,anaya.pires@anvil.com,anvil.com,Paid Search - Brand,brand-exact,false
L007218,2026-05-01 07:30:00,Ingrid,Demir,ingrid.demir@marlowe.com,marlowe.com,Paid Search - Brand,brand-phrase,false
L007219,2026-05-16 16:00:00,Siobhan,Watanabe,siobhan.watanabe@ironwood.com,ironwood.com,Paid Search - Brand,brand-phrase,false
L007220,2026-05-31 08:30:00,Jonas,Watanabe,jonas.watanabe@nimbus.com,nimbus.com,Paid Search - Brand,brand-phrase,false
L007221,2026-05-07 08:00:00,Mei,Byrne,mei.byrne@tessellate.com,tessellate.com,Paid Search - Brand,brand-exact,false
L007222,2026-05-31 20:30:00,Callum,Novak,callum.novak@tessellate.com,tessellate.com,Paid Search - Brand,brand-exact,false
L007223,2026-05-06 14:45:00,Anaya,Nwosu,anaya.nwosu@thornbury.com,thornbury.com,Paid Search - Brand,brand-phrase,false
L007224,2026-05-19 09:45:00,Ivo,Vieira,ivo.vieira@quillon.com,quillon.com,Paid Search - Brand,brand-exact,false
L007225,2026-05-07 17:30:00,Darius,Okonkwo,darius.okonkwo@nimbus.com,nimbus.com,Paid Search - Brand,brand-phrase,false
L007226,2026-05-22 19:15:00,Adeola,Haddad,adeola.haddad@nimbus.com,nimbus.com,Paid Search - Brand,brand-phrase,false
L007227,2026-05-10 18:45:00,Yusuf,Raghunathan,yusuf.raghunathan@quillon.com,quillon.com,Paid Search - Brand,brand-exact,false
L007228,2026-05-31 20:30:00,Lena,Whitfield,lena.whitfield@ember.com,ember.com,Paid Search - Brand,brand-exact,false
L007229,2026-05-09 19:15:00,Renata,Iyer,renata.iyer@tessellate.com,tessellate.com,Paid Search - Brand,brand-exact,false
L007230,2026-05-01 14:00:00,Jonas,Petrov,jonas.petrov@meridian.com,meridian.com,Paid Search - Brand,brand-exact,false
L007231,2026-05-03 19:45:00,Lena,Nwosu,lena.nwosu@ember.com,ember.com,Paid Search - Brand,brand-phrase,false
L007232,2026-05-24 11:45:00,Siobhan,Demir,siobhan.demir@cascade.com,cascade.com,Paid Search - Brand,brand-phrase,true
L007233,2026-05-17 11:00:00,Rafael,Szabo,rafael.szabo@meridian.com,meridian.com,Paid Search - Brand,brand-exact,false
L007234,2026-05-23 12:30:00,Hollis,Ferreira,hollis.ferreira@meridian.com,meridian.com,Paid Search - Brand,brand-exact,true
L007235,2026-05-17 10:15:00,Priya,Whitfield,priya.whitfield@saltmarsh.com,saltmarsh.com,Paid Search - Brand,brand-phrase,false
L007236,2026-05-06 19:30:00,Cormac,Kavanagh,cormac.kavanagh@thornbury.com,thornbury.com,Paid Search - Brand,brand-phrase,false
L007237,2026-05-02 18:45:00,Ivo,Byrne,ivo.byrne@lumen.com,lumen.com,Paid Search - Brand,brand-exact,true
L007238,2026-05-26 09:15:00,Siobhan,Ferreira,siobhan.ferreira@foxglove.com,foxglove.com,Paid Search - Brand,brand-phrase,true
L007239,2026-05-07 15:00:00,Jonas,Okonkwo,jonas.okonkwo@juniper.com,juniper.com,Paid Search - Brand,brand-phrase,false
L007240,2026-05-01 13:30:00,Estelle,Mulvaney,estelle.mulvaney@northwind.com,northwind.com,Paid Search - Brand,brand-exact,false
L007241,2026-05-01 16:00:00,Ivo,Iyer,ivo.iyer@copperline.com,copperline.com,Paid Search - Brand,brand-exact,false
L007242,2026-05-01 13:45:00,Alicia,Lindqvist,alicia.lindqvist@meridian.com,meridian.com,Paid Search - Brand,brand-phrase,false
L007243,2026-05-15 10:15:00,Estelle,Whitfield,estelle.whitfield@marlowe.com,marlowe.com,Paid Search - Brand,brand-phrase,false
L007244,2026-05-15 10:00:00,Yusuf,Watanabe,yusuf.watanabe@nimbus.com,nimbus.com,Paid Search - Brand,brand-exact,true
L007245,2026-05-19 16:30:00,Margit,Kavanagh,margit.kavanagh@lumen.com,lumen.com,Paid Search - Brand,brand-phrase,false
L007246,2026-05-12 20:30:00,Elodie,Krishnan,elodie.krishnan@marlowe.com,marlowe.com,Paid Search - Brand,brand-phrase,false
L007247,2026-05-04 07:00:00,Ivo,Haddad,ivo.haddad@ember.com,ember.com,Paid Search - Brand,brand-exact,false
L007248,2026-05-16 11:00:00,Callum,Horvat,callum.horvat@harborview.com,harborview.com,Paid Search - Brand,brand-exact,false
L007249,2026-05-06 20:45:00,Malik,Farrell,malik.farrell@halcyon.com,halcyon.com,Paid Search - Brand,brand-phrase,false
L007250,2026-05-06 15:00:00,Ingrid,Byrne,ingrid.byrne@redwood.com,redwood.com,Paid Search - Brand,brand-exact,true
L007251,2026-05-30 17:00:00,Lena,Nwosu,lena.nwosu@halcyon.com,halcyon.com,Paid Search - Brand,brand-exact,true
L007252,2026-05-15 11:00:00,Grace,Zhang,grace.zhang@granitepeak.com,granitepeak.com,Paid Search - Brand,brand-exact,false
L007253,2026-05-04 10:15:00,Ingrid,Nwosu,ingrid.nwosu@tessellate.com,tessellate.com,Paid Search - Brand,brand-phrase,false
L007254,2026-05-19 12:15:00,Lena,Pires,lena.pires@oakhurst.com,oakhurst.com,Paid Search - Brand,brand-phrase,false
L007255,2026-05-19 12:15:00,Yusuf,Bergstrom,yusuf.bergstrom@copperline.com,copperline.com,Paid Search - Brand,brand-exact,false
L007256,2026-05-10 12:30:00,Ingrid,Moreau,ingrid.moreau@redwood.com,redwood.com,Paid Search - Brand,brand-phrase,false
L007257,2026-05-09 15:00:00,Anaya,Haddad,anaya.haddad@juniper.com,juniper.com,Paid Search - Brand,brand-phrase,false
L007258,2026-05-07 15:15:00,Cormac,Almeida,cormac.almeida@copperline.com,copperline.com,Paid Search - Brand,brand-phrase,false
L007259,2026-05-12 12:15:00,Arun,Novak,arun.novak@foxglove.com,foxglove.com,Paid Search - Brand,brand-phrase,false
L007260,2026-05-17 16:15:00,Cormac,Whitfield,cormac.whitfield@meridian.com,meridian.com,Paid Search - Brand,brand-phrase,false
L007261,2026-05-07 20:00:00,Darius,Horvat,darius.horvat@northwind.com,northwind.com,Paid Search - Brand,brand-exact,true
L007262,2026-05-20 14:30:00,Hollis,Bergstrom,hollis.bergstrom@solvent.com,solvent.com,Paid Search - Brand,brand-exact,true
L007263,2026-05-14 08:00:00,Jonas,Farrell,jonas.farrell@quarry.com,quarry.com,Paid Search - Brand,brand-exact,false
L007264,2026-05-08 20:00:00,Anaya,Petrov,anaya.petrov@ferrous.com,ferrous.com,Paid Search - Brand,brand-exact,true
L007265,2026-05-08 13:00:00,Anaya,Lindqvist,anaya.lindqvist@brightpath.com,brightpath.com,Paid Search - Brand,brand-exact,true
L007266,2026-05-19 17:00:00,Marcus,Ferreira,marcus.ferreira@ferrous.com,ferrous.com,Paid Search - Brand,brand-exact,false
L007267,2026-05-19 09:00:00,Anaya,Raghunathan,anaya.raghunathan@meridian.com,meridian.com,Paid Search - Brand,brand-exact,false
L007268,2026-05-07 18:30:00,Ivo,Byrne,ivo.byrne@quillon.com,quillon.com,Paid Search - Brand,brand-exact,false
L007269,2026-05-30 09:45:00,Tomas,Doyle,tomas.doyle@meridian.com,meridian.com,Paid Search - Brand,brand-phrase,false
L007270,2026-05-22 16:15:00,Renata,Mulvaney,renata.mulvaney@meridian.com,meridian.com,Paid Search - Brand,brand-phrase,false
L007271,2026-05-16 11:15:00,Ivo,Pires,ivo.pires@cascade.com,cascade.com,Paid Search - Brand,brand-exact,false
L007272,2026-05-06 12:15:00,Grace,Aaltonen,grace.aaltonen@cascade.com,cascade.com,Paid Search - Brand,brand-exact,false
L007273,2026-05-08 18:00:00,Rafael,Raghunathan,rafael.raghunathan@granitepeak.com,granitepeak.com,Paid Search - Brand,brand-phrase,false
L007274,2026-05-25 16:00:00,Malik,Castellanos,malik.castellanos@cascade.com,cascade.com,Paid Search - Brand,brand-exact,false
L007275,2026-05-28 10:45:00,Rafael,Raghunathan,rafael.raghunathan@pinnacle.com,pinnacle.com,Paid Search - Brand,brand-exact,true
L007276,2026-05-19 11:45:00,Margit,Almeida,margit.almeida@dovetail.com,dovetail.com,Paid Search - Brand,brand-exact,false
L007277,2026-05-13 15:45:00,Rafael,Bahri,rafael.bahri@granitepeak.com,granitepeak.com,Paid Search - Brand,brand-exact,false
L007278,2026-05-27 16:30:00,Priya,Petrov,priya.petrov@marlowe.com,marlowe.com,Paid Search - Brand,brand-exact,false
L007279,2026-05-13 18:00:00,Marcus,Zhang,marcus.zhang@lumen.com,lumen.com,Paid Search - Brand,brand-exact,false
L007280,2026-05-22 10:45:00,Ivo,Castellanos,ivo.castellanos@harborview.com,harborview.com,Paid Search - Brand,brand-phrase,false
L007281,2026-05-04 08:15:00,Siobhan,Doyle,siobhan.doyle@arclight.com,arclight.com,Paid Search - Brand,brand-exact,true
L007282,2026-05-18 17:45:00,Adeola,Iyer,adeola.iyer@nimbus.com,nimbus.com,Paid Search - Brand,brand-phrase,true
L007283,2026-05-08 10:00:00,Malik,Castellanos,malik.castellanos@quillon.com,quillon.com,Paid Search - Brand,brand-phrase,false
L007284,2026-05-16 15:45:00,Alicia,Ferreira,alicia.ferreira@juniper.com,juniper.com,Paid Social - Meta,mofu-retarget,false
L007285,2026-05-23 14:15:00,Elodie,Krishnan,elodie.krishnan@tessellate.com,tessellate.com,Paid Social - Meta,mofu-retarget,false
L007286,2026-05-20 19:00:00,Marcus,Moreau,marcus.moreau@copperline.com,copperline.com,Paid Social - Meta,lead-form-broad,false
L007287,2026-05-30 08:45:00,Elodie,Byrne,elodie.byrne@ferrous.com,ferrous.com,Paid Social - Meta,lead-form-broad,false
L007288,2026-05-18 07:15:00,Priya,Haddad,priya.haddad@thornbury.com,thornbury.com,Paid Social - Meta,prospecting-lal,false
L007289,2026-05-04 16:45:00,Anaya,Grant,anaya.grant@dovetail.com,dovetail.com,Paid Social - Meta,prospecting-lal,false
L007290,2026-05-11 13:45:00,Omar,Lindqvist,omar.lindqvist@halcyon.com,halcyon.com,Paid Social - Meta,mofu-retarget,false
L007291,2026-05-25 18:15:00,Malik,Haddad,malik.haddad@tessellate.com,tessellate.com,Paid Social - Meta,prospecting-lal,false
L007292,2026-05-14 18:45:00,Callum,Lindqvist,callum.lindqvist@ironwood.com,ironwood.com,Paid Social - Meta,prospecting-lal,false
L007293,2026-05-06 07:45:00,Priya,Moreau,priya.moreau@tessellate.com,tessellate.com,Paid Social - Meta,prospecting-lal,false
L007294,2026-05-21 08:45:00,Mei,Byrne,mei.byrne@thornbury.com,thornbury.com,Paid Social - Meta,lead-form-broad,false
L007295,2026-05-12 11:45:00,Hollis,Almeida,hollis.almeida@quarry.com,quarry.com,Paid Social - Meta,prospecting-lal,false
L007296,2026-05-27 14:15:00,Ivo,Iyer,ivo.iyer@dovetail.com,dovetail.com,Paid Social - Meta,prospecting-lal,true
L007297,2026-05-18 08:00:00,Grace,Bergstrom,grace.bergstrom@northwind.com,northwind.com,Paid Social - Meta,lead-form-broad,false
L007298,2026-05-19 19:00:00,Adeola,Castellanos,adeola.castellanos@northwind.com,northwind.com,Paid Social - Meta,lead-form-broad,true
L007299,2026-05-15 17:45:00,Jonas,Iyer,jonas.iyer@anvil.com,anvil.com,Paid Social - Meta,lead-form-broad,false
L007300,2026-05-11 15:15:00,Siobhan,Ferreira,siobhan.ferreira@oakhurst.com,oakhurst.com,Paid Social - Meta,prospecting-lal,false
L007301,2026-05-19 13:15:00,Rafael,Szabo,rafael.szabo@marlowe.com,marlowe.com,Paid Social - Meta,prospecting-lal,false
L007302,2026-05-21 20:15:00,Tomas,Lindqvist,tomas.lindqvist@ember.com,ember.com,Paid Social - Meta,prospecting-lal,false
L007303,2026-05-26 12:00:00,Mei,Farrell,mei.farrell@quarry.com,quarry.com,Paid Social - Meta,prospecting-lal,false
L007304,2026-05-03 18:15:00,Peter,Almeida,peter.almeida@redwood.com,redwood.com,Paid Social - Meta,prospecting-lal,false
L007305,2026-05-18 08:30:00,Anaya,Byrne,anaya.byrne@copperline.com,copperline.com,Paid Social - Meta,lead-form-broad,false
L007306,2026-05-06 14:45:00,Callum,Raghunathan,callum.raghunathan@saltmarsh.com,saltmarsh.com,Paid Social - Meta,mofu-retarget,false
L007307,2026-05-13 15:15:00,Noor,Moreau,noor.moreau@juniper.com,juniper.com,Paid Social - Meta,mofu-retarget,false
L007308,2026-05-20 11:30:00,Adeola,Demir,adeola.demir@copperline.com,copperline.com,Paid Social - Meta,prospecting-lal,false
L007309,2026-05-04 07:15:00,Ingrid,Szabo,ingrid.szabo@thornbury.com,thornbury.com,Paid Social - Meta,mofu-retarget,false
L007310,2026-05-16 20:00:00,Renata,Grant,renata.grant@granitepeak.com,granitepeak.com,Paid Social - Meta,prospecting-lal,false
L007311,2026-05-21 16:45:00,Callum,Farrell,callum.farrell@tessellate.com,tessellate.com,Paid Social - Meta,prospecting-lal,false
L007312,2026-05-30 08:00:00,Jonas,Moreau,jonas.moreau@oakhurst.com,oakhurst.com,Paid Social - Meta,mofu-retarget,false
L007313,2026-05-16 09:00:00,Malik,Krishnan,malik.krishnan@cascade.com,cascade.com,Paid Social - Meta,lead-form-broad,false
L007314,2026-05-03 10:45:00,Yusuf,Okonkwo,yusuf.okonkwo@foxglove.com,foxglove.com,Paid Social - Meta,lead-form-broad,false
L007315,2026-05-14 13:45:00,Ivo,Okonkwo,ivo.okonkwo@lumen.com,lumen.com,Paid Social - Meta,mofu-retarget,false
L007316,2026-05-29 17:45:00,Yusuf,Whitfield,yusuf.whitfield@lumen.com,lumen.com,Paid Social - Meta,mofu-retarget,false
L007317,2026-05-06 19:30:00,Elodie,Grant,elodie.grant@granitepeak.com,granitepeak.com,Paid Social - Meta,mofu-retarget,false
L007318,2026-05-28 16:00:00,Adeola,Raghunathan,adeola.raghunathan@quillon.com,quillon.com,Paid Social - Meta,lead-form-broad,false
L007319,2026-05-20 10:00:00,Alicia,Farrell,alicia.farrell@halcyon.com,halcyon.com,Paid Social - Meta,mofu-retarget,false
L007320,2026-05-21 16:45:00,Noor,Bergstrom,noor.bergstrom@cascade.com,cascade.com,Paid Social - Meta,mofu-retarget,false
L007321,2026-05-30 19:00:00,Lena,Doyle,lena.doyle@ironwood.com,ironwood.com,Paid Social - Meta,prospecting-lal,false
L007322,2026-05-13 20:45:00,Arun,Okonkwo,arun.okonkwo@marlowe.com,marlowe.com,Paid Social - Meta,mofu-retarget,false
L007323,2026-05-12 13:30:00,Grace,Grant,grace.grant@lumen.com,lumen.com,Paid Social - Meta,mofu-retarget,false
L007324,2026-05-22 14:00:00,Mei,Byrne,mei.byrne@quarry.com,quarry.com,Paid Social - Meta,prospecting-lal,false
L007325,2026-05-10 17:45:00,Marcus,Mulvaney,marcus.mulvaney@ember.com,ember.com,Paid Social - Meta,prospecting-lal,false
L007326,2026-05-06 10:30:00,Siobhan,Byrne,siobhan.byrne@juniper.com,juniper.com,Paid Social - Meta,mofu-retarget,false
L007327,2026-05-01 16:45:00,Marcus,Bergstrom,marcus.bergstrom@meridian.com,meridian.com,Paid Social - Meta,prospecting-lal,false
L007328,2026-05-27 10:15:00,Elodie,Moreau,elodie.moreau@dovetail.com,dovetail.com,Paid Social - Meta,lead-form-broad,false
L007329,2026-05-05 20:45:00,Cormac,Zhang,cormac.zhang@redwood.com,redwood.com,Paid Social - Meta,prospecting-lal,false
L007330,2026-05-03 12:15:00,Lena,Mulvaney,lena.mulvaney@juniper.com,juniper.com,Paid Social - Meta,lead-form-broad,false
L007331,2026-05-27 09:15:00,Ingrid,Castellanos,ingrid.castellanos@ember.com,ember.com,Paid Social - Meta,mofu-retarget,false
L007332,2026-05-13 17:00:00,Cormac,Pires,cormac.pires@lumen.com,lumen.com,Paid Social - Meta,mofu-retarget,false
L007333,2026-05-16 07:00:00,Omar,Zhang,omar.zhang@ironwood.com,ironwood.com,Paid Social - Meta,mofu-retarget,false
L007334,2026-05-27 12:45:00,Yusuf,Doyle,yusuf.doyle@kestrel.com,kestrel.com,Paid Social - Meta,prospecting-lal,false
L007335,2026-05-20 13:30:00,Arun,Almeida,arun.almeida@quarry.com,quarry.com,Paid Social - Meta,prospecting-lal,false
L007336,2026-05-20 20:30:00,Darius,Watanabe,darius.watanabe@quarry.com,quarry.com,Paid Social - Meta,lead-form-broad,false
L007337,2026-05-08 15:00:00,Peter,Byrne,peter.byrne@cascade.com,cascade.com,Paid Social - Meta,mofu-retarget,false
L007338,2026-05-20 10:15:00,Marcus,Ferreira,marcus.ferreira@nimbus.com,nimbus.com,Paid Social - Meta,lead-form-broad,false
L007339,2026-05-03 20:15:00,Marcus,Ferreira,marcus.ferreira@quarry.com,quarry.com,Paid Social - Meta,lead-form-broad,false
L007340,2026-05-13 19:00:00,Jonas,Zhang,jonas.zhang@foxglove.com,foxglove.com,Paid Social - Meta,mofu-retarget,false
L007341,2026-05-21 14:15:00,Anaya,Kavanagh,anaya.kavanagh@redwood.com,redwood.com,Paid Social - Meta,prospecting-lal,false
L007342,2026-05-06 07:30:00,Omar,Nwosu,omar.nwosu@solvent.com,solvent.com,Paid Social - Meta,mofu-retarget,false
L007343,2026-05-11 18:15:00,Siobhan,Iyer,siobhan.iyer@arclight.com,arclight.com,Paid Social - Meta,lead-form-broad,false
L007344,2026-05-28 12:30:00,Ingrid,Demir,ingrid.demir@redwood.com,redwood.com,Paid Social - Meta,prospecting-lal,false
L007345,2026-05-08 16:00:00,Marcus,Zhang,marcus.zhang@pinnacle.com,pinnacle.com,Paid Social - Meta,lead-form-broad,false
L007346,2026-05-25 17:00:00,Margit,Watanabe,margit.watanabe@pinnacle.com,pinnacle.com,Paid Social - Meta,mofu-retarget,false
L007347,2026-05-12 09:00:00,Cormac,Moreau,cormac.moreau@harborview.com,harborview.com,Paid Social - Meta,mofu-retarget,false
L007348,2026-05-14 20:45:00,Arun,Petrov,arun.petrov@lumen.com,lumen.com,Paid Social - Meta,mofu-retarget,false
L007349,2026-05-08 11:45:00,Lena,Farrell,lena.farrell@harborview.com,harborview.com,Paid Social - Meta,mofu-retarget,false
L007350,2026-05-18 11:30:00,Ingrid,Kavanagh,ingrid.kavanagh@meridian.com,meridian.com,Paid Social - Meta,prospecting-lal,false
L007351,2026-05-31 13:00:00,Siobhan,Aaltonen,siobhan.aaltonen@brightpath.com,brightpath.com,Paid Social - Meta,mofu-retarget,false
L007352,2026-05-09 20:45:00,Callum,Farrell,callum.farrell@saltmarsh.com,saltmarsh.com,Paid Social - Meta,lead-form-broad,false
L007353,2026-05-29 13:45:00,Tomas,Szabo,tomas.szabo@juniper.com,juniper.com,Paid Social - Meta,prospecting-lal,false
L007354,2026-05-31 15:30:00,Adeola,Szabo,adeola.szabo@anvil.com,anvil.com,Paid Social - Meta,lead-form-broad,false
L007355,2026-05-31 09:45:00,Darius,Moreau,darius.moreau@tessellate.com,tessellate.com,Paid Social - Meta,lead-form-broad,false
L007356,2026-05-14 09:00:00,Margit,Almeida,margit.almeida@brightpath.com,brightpath.com,Paid Social - Meta,lead-form-broad,true
L007357,2026-05-05 14:00:00,Priya,Pires,priya.pires@anvil.com,anvil.com,Paid Social - Meta,mofu-retarget,false
L007358,2026-05-26 14:15:00,Callum,Vieira,callum.vieira@redwood.com,redwood.com,Paid Social - Meta,prospecting-lal,false
L007359,2026-05-29 13:00:00,Adeola,Almeida,adeola.almeida@marlowe.com,marlowe.com,Paid Social - Meta,lead-form-broad,false
L007360,2026-05-29 14:30:00,Malik,Vieira,malik.vieira@ember.com,ember.com,Paid Social - Meta,prospecting-lal,false
L007361,2026-05-20 13:00:00,Siobhan,Okonkwo,siobhan.okonkwo@ridgeline.com,ridgeline.com,Paid Social - Meta,lead-form-broad,false
L007362,2026-05-17 11:45:00,Estelle,Horvat,estelle.horvat@quillon.com,quillon.com,Paid Social - Meta,mofu-retarget,false
L007363,2026-05-27 18:30:00,Adeola,Szabo,adeola.szabo@anvil.com,anvil.com,Paid Social - Meta,prospecting-lal,false
L007364,2026-05-05 11:00:00,Marcus,Petrov,marcus.petrov@copperline.com,copperline.com,Paid Social - Meta,mofu-retarget,false
L007365,2026-05-25 12:45:00,Adeola,Bergstrom,adeola.bergstrom@quillon.com,quillon.com,Paid Social - Meta,prospecting-lal,false
L007366,2026-05-07 08:15:00,Hollis,Vieira,hollis.vieira@oakhurst.com,oakhurst.com,Paid Social - Meta,mofu-retarget,false
L007367,2026-05-23 13:15:00,Hollis,Bahri,hollis.bahri@granitepeak.com,granitepeak.com,Paid Social - Meta,mofu-retarget,false
L007368,2026-05-13 07:00:00,Anaya,Grant,anaya.grant@saltmarsh.com,saltmarsh.com,Paid Social - Meta,mofu-retarget,false
L007369,2026-05-21 16:15:00,Anaya,Horvat,anaya.horvat@saltmarsh.com,saltmarsh.com,Paid Social - Meta,mofu-retarget,false
L007370,2026-05-23 20:30:00,Beatriz,Moreau,beatriz.moreau@cascade.com,cascade.com,Paid Social - Meta,lead-form-broad,false
L007371,2026-05-06 20:15:00,Grace,Mulvaney,grace.mulvaney@arclight.com,arclight.com,Paid Social - Meta,mofu-retarget,false
L007372,2026-05-05 12:00:00,Mei,Farrell,mei.farrell@meridian.com,meridian.com,Paid Social - Meta,mofu-retarget,false
L007373,2026-05-19 16:00:00,Ivo,Novak,ivo.novak@juniper.com,juniper.com,Paid Social - Meta,lead-form-broad,false
L007374,2026-05-19 14:30:00,Estelle,Farrell,estelle.farrell@quillon.com,quillon.com,Paid Social - Meta,mofu-retarget,false
L007375,2026-05-06 09:15:00,Marcus,Vieira,marcus.vieira@halcyon.com,halcyon.com,Paid Social - Meta,prospecting-lal,false
L007376,2026-05-07 07:30:00,Jonas,Watanabe,jonas.watanabe@saltmarsh.com,saltmarsh.com,Paid Social - Meta,mofu-retarget,false
L007377,2026-05-27 09:30:00,Elodie,Doyle,elodie.doyle@lumen.com,lumen.com,Paid Social - Meta,lead-form-broad,false
L007378,2026-05-12 19:15:00,Callum,Szabo,callum.szabo@ironwood.com,ironwood.com,Paid Social - Meta,mofu-retarget,false
L007379,2026-05-16 08:45:00,Estelle,Nwosu,estelle.nwosu@foxglove.com,foxglove.com,Paid Social - Meta,lead-form-broad,false
L007380,2026-05-12 19:00:00,Yusuf,Castellanos,yusuf.castellanos@quarry.com,quarry.com,Paid Social - Meta,prospecting-lal,false
L007381,2026-05-21 20:00:00,Noor,Aaltonen,noor.aaltonen@anvil.com,anvil.com,Paid Social - Meta,lead-form-broad,false
L007382,2026-05-01 19:00:00,Cormac,Whitfield,cormac.whitfield@thornbury.com,thornbury.com,Paid Social - Meta,mofu-retarget,false
L007383,2026-05-13 20:00:00,Mei,Bahri,mei.bahri@meridian.com,meridian.com,Paid Social - Meta,lead-form-broad,false
L007384,2026-05-20 20:45:00,Rafael,Iyer,rafael.iyer@quarry.com,quarry.com,Paid Social - Meta,lead-form-broad,false
L007385,2026-05-04 13:15:00,Adeola,Whitfield,adeola.whitfield@solvent.com,solvent.com,Paid Social - Meta,prospecting-lal,false
L007386,2026-05-03 13:45:00,Lena,Okonkwo,lena.okonkwo@solvent.com,solvent.com,Paid Social - Meta,mofu-retarget,true
L007387,2026-05-14 12:00:00,Margit,Almeida,margit.almeida@northwind.com,northwind.com,Paid Social - Meta,lead-form-broad,false
L007388,2026-05-23 20:45:00,Malik,Byrne,malik.byrne@tessellate.com,tessellate.com,Paid Social - Meta,mofu-retarget,false
L007389,2026-05-22 16:45:00,Priya,Demir,priya.demir@redwood.com,redwood.com,Paid Social - Meta,prospecting-lal,false
L007390,2026-05-30 20:00:00,Peter,Farrell,peter.farrell@ridgeline.com,ridgeline.com,Paid Social - Meta,prospecting-lal,false
L007391,2026-05-12 20:15:00,Mei,Ferreira,mei.ferreira@ember.com,ember.com,Paid Social - Meta,prospecting-lal,false
L007392,2026-05-29 08:15:00,Callum,Farrell,callum.farrell@meridian.com,meridian.com,Paid Social - Meta,lead-form-broad,false
L007393,2026-05-05 16:00:00,Peter,Iyer,peter.iyer@thornbury.com,thornbury.com,Paid Social - Meta,prospecting-lal,false
L007394,2026-05-01 13:45:00,Siobhan,Bergstrom,siobhan.bergstrom@kestrel.com,kestrel.com,Paid Social - Meta,prospecting-lal,false
L007395,2026-05-13 13:00:00,Noor,Whitfield,noor.whitfield@copperline.com,copperline.com,Paid Social - Meta,lead-form-broad,false
L007396,2026-05-11 10:30:00,Mei,Zhang,mei.zhang@brightpath.com,brightpath.com,Paid Social - Meta,lead-form-broad,true
L007397,2026-05-07 20:45:00,Ingrid,Raghunathan,ingrid.raghunathan@granitepeak.com,granitepeak.com,Paid Social - Meta,mofu-retarget,false
L007398,2026-05-04 11:15:00,Adeola,Castellanos,adeola.castellanos@northwind.com,northwind.com,Paid Social - Meta,prospecting-lal,false
L007399,2026-05-23 14:15:00,Marcus,Szabo,marcus.szabo@tessellate.com,tessellate.com,Paid Social - Meta,lead-form-broad,false
L007400,2026-05-05 16:00:00,Elodie,Bergstrom,elodie.bergstrom@juniper.com,juniper.com,Paid Social - Meta,lead-form-broad,false
L007401,2026-05-14 20:30:00,Adeola,Castellanos,adeola.castellanos@anvil.com,anvil.com,Paid Social - Meta,prospecting-lal,false
L007402,2026-05-19 15:15:00,Yusuf,Haddad,yusuf.haddad@juniper.com,juniper.com,Paid Social - Meta,mofu-retarget,false
L007403,2026-05-30 08:15:00,Malik,Demir,malik.demir@ridgeline.com,ridgeline.com,Paid Social - Meta,mofu-retarget,false
L007404,2026-05-21 15:30:00,Anaya,Castellanos,anaya.castellanos@copperline.com,copperline.com,Paid Social - Meta,prospecting-lal,false
L007405,2026-05-05 16:15:00,Kenji,Mulvaney,kenji.mulvaney@foxglove.com,foxglove.com,Paid Social - Meta,prospecting-lal,false
L007406,2026-05-29 12:45:00,Omar,Novak,omar.novak@ferrous.com,ferrous.com,Paid Social - Meta,prospecting-lal,false
L007407,2026-05-16 14:45:00,Priya,Moreau,priya.moreau@kestrel.com,kestrel.com,Paid Social - Meta,lead-form-broad,false
L007408,2026-05-08 19:30:00,Noor,Kavanagh,noor.kavanagh@ironwood.com,ironwood.com,Paid Social - Meta,mofu-retarget,false
L007409,2026-05-12 19:30:00,Adeola,Okonkwo,adeola.okonkwo@foxglove.com,foxglove.com,Paid Social - Meta,mofu-retarget,false
L007410,2026-05-11 19:00:00,Tomas,Zhang,tomas.zhang@arclight.com,arclight.com,Paid Social - Meta,mofu-retarget,false
L007411,2026-05-31 15:00:00,Renata,Ferreira,renata.ferreira@granitepeak.com,granitepeak.com,Paid Social - Meta,mofu-retarget,false
L007412,2026-05-30 16:15:00,Ingrid,Doyle,ingrid.doyle@tessellate.com,tessellate.com,Paid Social - Meta,mofu-retarget,false
L007413,2026-05-09 16:15:00,Beatriz,Iyer,beatriz.iyer@quarry.com,quarry.com,Paid Social - Meta,lead-form-broad,false
L007414,2026-05-19 07:00:00,Estelle,Haddad,estelle.haddad@foxglove.com,foxglove.com,Paid Social - Meta,lead-form-broad,false
L007415,2026-05-04 12:30:00,Beatriz,Okonkwo,beatriz.okonkwo@ironwood.com,ironwood.com,Paid Social - Meta,lead-form-broad,false
L007416,2026-05-30 19:45:00,Elodie,Haddad,elodie.haddad@quarry.com,quarry.com,Paid Social - Meta,mofu-retarget,false
L007417,2026-05-24 13:15:00,Renata,Bergstrom,renata.bergstrom@meridian.com,meridian.com,Paid Social - Meta,prospecting-lal,false
L007418,2026-05-20 11:00:00,Cormac,Raghunathan,cormac.raghunathan@saltmarsh.com,saltmarsh.com,Paid Social - Meta,lead-form-broad,false
L007419,2026-05-23 14:15:00,Peter,Aaltonen,peter.aaltonen@brightpath.com,brightpath.com,Paid Social - Meta,mofu-retarget,true
L007420,2026-05-24 17:00:00,Ingrid,Demir,ingrid.demir@marlowe.com,marlowe.com,Paid Social - Meta,prospecting-lal,false
L007421,2026-05-01 13:30:00,Malik,Pires,malik.pires@redwood.com,redwood.com,Paid Social - Meta,mofu-retarget,false
L007422,2026-05-31 12:30:00,Darius,Lindqvist,darius.lindqvist@oakhurst.com,oakhurst.com,Paid Social - Meta,mofu-retarget,false
L007423,2026-05-23 10:30:00,Ivo,Watanabe,ivo.watanabe@thornbury.com,thornbury.com,Paid Social - Meta,mofu-retarget,false
L007424,2026-05-05 13:30:00,Beatriz,Aaltonen,beatriz.aaltonen@ironwood.com,ironwood.com,Paid Social - Meta,lead-form-broad,false
L007425,2026-05-04 11:15:00,Siobhan,Petrov,siobhan.petrov@ridgeline.com,ridgeline.com,Paid Social - Meta,mofu-retarget,false
L007426,2026-05-14 11:15:00,Siobhan,Iyer,siobhan.iyer@redwood.com,redwood.com,Paid Social - Meta,mofu-retarget,false
L007427,2026-05-11 20:00:00,Marcus,Okonkwo,marcus.okonkwo@solvent.com,solvent.com,Paid Social - Meta,mofu-retarget,false
L007428,2026-05-08 13:30:00,Cormac,Raghunathan,cormac.raghunathan@copperline.com,copperline.com,Paid Social - Meta,lead-form-broad,false
L007429,2026-05-17 08:30:00,Margit,Nwosu,margit.nwosu@quarry.com,quarry.com,Paid Social - Meta,prospecting-lal,false
L007430,2026-05-09 20:45:00,Yusuf,Novak,yusuf.novak@arclight.com,arclight.com,Paid Social - Meta,lead-form-broad,false
L007431,2026-05-18 16:15:00,Estelle,Mulvaney,estelle.mulvaney@oakhurst.com,oakhurst.com,Paid Social - Meta,prospecting-lal,false
L007432,2026-05-30 18:15:00,Beatriz,Szabo,beatriz.szabo@thornbury.com,thornbury.com,Paid Social - Meta,lead-form-broad,false
L007433,2026-05-17 08:30:00,Kenji,Zhang,kenji.zhang@arclight.com,arclight.com,Paid Social - Meta,mofu-retarget,false
L007434,2026-05-16 19:45:00,Cormac,Haddad,cormac.haddad@granitepeak.com,granitepeak.com,Paid Social - Meta,lead-form-broad,false
L007435,2026-05-01 14:00:00,Anaya,Pires,anaya.pires@pinnacle.com,pinnacle.com,Paid Social - Meta,lead-form-broad,false
L007436,2026-05-07 12:45:00,Estelle,Horvat,estelle.horvat@harborview.com,harborview.com,Paid Social - Meta,mofu-retarget,false
L007437,2026-05-31 19:00:00,Margit,Mulvaney,margit.mulvaney@anvil.com,anvil.com,Paid Social - Meta,mofu-retarget,false
L007438,2026-05-07 07:30:00,Alicia,Ferreira,alicia.ferreira@anvil.com,anvil.com,Paid Social - Meta,prospecting-lal,false
L007439,2026-05-06 07:15:00,Renata,Moreau,renata.moreau@lumen.com,lumen.com,Paid Social - Meta,lead-form-broad,false
L007440,2026-05-22 07:00:00,Marcus,Lindqvist,marcus.lindqvist@northwind.com,northwind.com,Paid Social - Meta,mofu-retarget,false
L007441,2026-05-03 19:45:00,Lena,Krishnan,lena.krishnan@cascade.com,cascade.com,Paid Social - Meta,lead-form-broad,false
L007442,2026-05-28 07:15:00,Tomas,Almeida,tomas.almeida@oakhurst.com,oakhurst.com,Paid Social - Meta,lead-form-broad,false
L007443,2026-05-15 18:45:00,Beatriz,Raghunathan,beatriz.raghunathan@tessellate.com,tessellate.com,Paid Social - Meta,mofu-retarget,false
L007444,2026-05-03 14:00:00,Marcus,Bergstrom,marcus.bergstrom@marlowe.com,marlowe.com,Paid Social - Meta,lead-form-broad,false
L007445,2026-05-01 12:00:00,Noor,Krishnan,noor.krishnan@anvil.com,anvil.com,Paid Social - Meta,prospecting-lal,false
L007446,2026-05-23 14:00:00,Adeola,Szabo,adeola.szabo@dovetail.com,dovetail.com,Paid Social - Meta,mofu-retarget,false
L007447,2026-05-13 14:15:00,Yusuf,Haddad,yusuf.haddad@marlowe.com,marlowe.com,Paid Social - Meta,mofu-retarget,false
L007448,2026-05-07 17:45:00,Arun,Grant,arun.grant@nimbus.com,nimbus.com,Paid Social - Meta,lead-form-broad,false
L007449,2026-05-25 15:45:00,Renata,Krishnan,renata.krishnan@halcyon.com,halcyon.com,Paid Social - Meta,prospecting-lal,false
L007450,2026-05-15 14:45:00,Noor,Ferreira,noor.ferreira@redwood.com,redwood.com,Paid Social - Meta,mofu-retarget,false
L007451,2026-05-21 15:00:00,Callum,Byrne,callum.byrne@solvent.com,solvent.com,Paid Social - Meta,prospecting-lal,false
L007452,2026-05-17 18:15:00,Renata,Mulvaney,renata.mulvaney@lumen.com,lumen.com,Paid Social - Meta,mofu-retarget,false
L007453,2026-05-21 18:45:00,Yusuf,Moreau,yusuf.moreau@pinnacle.com,pinnacle.com,Paid Social - Meta,lead-form-broad,false
L007454,2026-05-03 20:30:00,Beatriz,Okonkwo,beatriz.okonkwo@arclight.com,arclight.com,Paid Social - Meta,lead-form-broad,false
L007455,2026-05-02 08:30:00,Omar,Doyle,omar.doyle@nimbus.com,nimbus.com,Paid Social - Meta,prospecting-lal,false
L007456,2026-05-18 18:00:00,Ingrid,Watanabe,ingrid.watanabe@arclight.com,arclight.com,Paid Social - Meta,mofu-retarget,false
L007457,2026-05-02 11:30:00,Alicia,Okonkwo,alicia.okonkwo@harborview.com,harborview.com,Paid Social - Meta,lead-form-broad,false
L007458,2026-05-03 10:30:00,Lena,Castellanos,lena.castellanos@quillon.com,quillon.com,Paid Social - Meta,lead-form-broad,false
L007459,2026-05-08 20:00:00,Anaya,Vieira,anaya.vieira@juniper.com,juniper.com,Paid Social - Meta,mofu-retarget,false
L007460,2026-05-15 07:45:00,Grace,Castellanos,grace.castellanos@brightpath.com,brightpath.com,Paid Social - Meta,mofu-retarget,true
L007461,2026-05-18 09:30:00,Malik,Bergstrom,malik.bergstrom@quarry.com,quarry.com,Paid Social - Meta,mofu-retarget,false
L007462,2026-05-24 08:00:00,Arun,Lindqvist,arun.lindqvist@quarry.com,quarry.com,Paid Social - Meta,lead-form-broad,false
L007463,2026-05-16 20:00:00,Priya,Demir,priya.demir@juniper.com,juniper.com,Paid Social - Meta,mofu-retarget,false
L007464,2026-05-26 11:30:00,Estelle,Moreau,estelle.moreau@quillon.com,quillon.com,Paid Social - Meta,prospecting-lal,true
L007465,2026-05-10 07:45:00,Renata,Iyer,renata.iyer@dovetail.com,dovetail.com,Paid Social - Meta,mofu-retarget,false
L007466,2026-05-10 17:30:00,Ingrid,Moreau,ingrid.moreau@lumen.com,lumen.com,Paid Social - Meta,mofu-retarget,false
L007467,2026-05-05 10:45:00,Jonas,Iyer,jonas.iyer@cascade.com,cascade.com,Paid Social - Meta,prospecting-lal,false
L007468,2026-05-20 10:30:00,Priya,Mulvaney,priya.mulvaney@nimbus.com,nimbus.com,Paid Social - Meta,mofu-retarget,false
L007469,2026-05-31 14:30:00,Cormac,Doyle,cormac.doyle@solvent.com,solvent.com,Paid Social - Meta,mofu-retarget,false
L007470,2026-05-30 16:30:00,Ingrid,Demir,ingrid.demir@ferrous.com,ferrous.com,Paid Social - Meta,lead-form-broad,false
L007471,2026-05-03 12:45:00,Adeola,Zhang,adeola.zhang@halcyon.com,halcyon.com,Paid Social - Meta,mofu-retarget,false
L007472,2026-05-17 14:45:00,Marcus,Mulvaney,marcus.mulvaney@ember.com,ember.com,Paid Social - Meta,prospecting-lal,false
L007473,2026-05-21 10:30:00,Cormac,Ferreira,cormac.ferreira@nimbus.com,nimbus.com,Paid Social - Meta,prospecting-lal,false
L007474,2026-05-26 09:15:00,Kenji,Demir,kenji.demir@meridian.com,meridian.com,Paid Social - Meta,lead-form-broad,false
L007475,2026-05-06 08:30:00,Elodie,Ferreira,elodie.ferreira@copperline.com,copperline.com,Paid Social - Meta,lead-form-broad,false
L007476,2026-05-28 15:00:00,Ivo,Pires,ivo.pires@nimbus.com,nimbus.com,Paid Social - Meta,prospecting-lal,false
L007477,2026-05-19 08:45:00,Noor,Byrne,noor.byrne@nimbus.com,nimbus.com,Paid Social - Meta,mofu-retarget,false
L007478,2026-05-05 20:30:00,Noor,Nwosu,noor.nwosu@ridgeline.com,ridgeline.com,Paid Social - Meta,lead-form-broad,false
L007479,2026-05-01 20:45:00,Priya,Pires,priya.pires@juniper.com,juniper.com,Paid Social - Meta,lead-form-broad,false
L007480,2026-05-28 19:30:00,Ivo,Doyle,ivo.doyle@thornbury.com,thornbury.com,Paid Social - Meta,mofu-retarget,false
L007481,2026-05-30 08:00:00,Hollis,Kavanagh,hollis.kavanagh@redwood.com,redwood.com,Paid Social - Meta,prospecting-lal,false
L007482,2026-05-28 10:15:00,Yusuf,Lindqvist,yusuf.lindqvist@marlowe.com,marlowe.com,Paid Social - Meta,mofu-retarget,false
L007483,2026-05-27 12:30:00,Malik,Krishnan,malik.krishnan@arclight.com,arclight.com,Paid Social - Meta,prospecting-lal,false
L007484,2026-05-19 16:30:00,Jonas,Haddad,jonas.haddad@tessellate.com,tessellate.com,Paid Social - Meta,lead-form-broad,false
L007485,2026-05-03 16:00:00,Callum,Grant,callum.grant@ferrous.com,ferrous.com,Paid Social - Meta,mofu-retarget,false
L007486,2026-05-03 17:00:00,Marcus,Okonkwo,marcus.okonkwo@granitepeak.com,granitepeak.com,Paid Social - Meta,lead-form-broad,false
L007487,2026-05-02 20:45:00,Noor,Ferreira,noor.ferreira@marlowe.com,marlowe.com,Paid Social - Meta,lead-form-broad,false
L007488,2026-05-15 17:15:00,Siobhan,Zhang,siobhan.zhang@meridian.com,meridian.com,Paid Social - Meta,lead-form-broad,false
L007489,2026-05-11 20:00:00,Renata,Zhang,renata.zhang@pinnacle.com,pinnacle.com,Paid Social - Meta,prospecting-lal,false
L007490,2026-05-19 20:15:00,Siobhan,Lindqvist,siobhan.lindqvist@anvil.com,anvil.com,Paid Social - Meta,mofu-retarget,false
L007491,2026-05-26 20:00:00,Peter,Kavanagh,peter.kavanagh@redwood.com,redwood.com,Paid Social - Meta,lead-form-broad,false
L007492,2026-05-15 14:45:00,Cormac,Szabo,cormac.szabo@brightpath.com,brightpath.com,Paid Social - Meta,mofu-retarget,false
L007493,2026-05-27 12:15:00,Elodie,Bergstrom,elodie.bergstrom@dovetail.com,dovetail.com,Paid Social - Meta,lead-form-broad,false
L007494,2026-05-14 20:30:00,Marcus,Castellanos,marcus.castellanos@arclight.com,arclight.com,Paid Social - Meta,mofu-retarget,false
L007495,2026-05-06 10:45:00,Noor,Kavanagh,noor.kavanagh@tessellate.com,tessellate.com,Paid Social - Meta,prospecting-lal,false
L007496,2026-05-30 15:15:00,Beatriz,Raghunathan,beatriz.raghunathan@lumen.com,lumen.com,Paid Social - Meta,lead-form-broad,false
L007497,2026-05-10 19:45:00,Jonas,Aaltonen,jonas.aaltonen@quillon.com,quillon.com,Paid Social - Meta,mofu-retarget,false
L007498,2026-05-20 08:15:00,Grace,Moreau,grace.moreau@nimbus.com,nimbus.com,Paid Social - Meta,prospecting-lal,false
L007499,2026-05-19 13:45:00,Lena,Bergstrom,lena.bergstrom@thornbury.com,thornbury.com,Paid Social - Meta,lead-form-broad,false
L007500,2026-05-04 18:45:00,Arun,Nwosu,arun.nwosu@harborview.com,harborview.com,Paid Social - Meta,lead-form-broad,false
L007501,2026-05-19 20:00:00,Yusuf,Bahri,yusuf.bahri@copperline.com,copperline.com,Paid Social - Meta,prospecting-lal,false
L007502,2026-05-24 15:15:00,Callum,Whitfield,callum.whitfield@quarry.com,quarry.com,Paid Social - Meta,prospecting-lal,false
L007503,2026-05-05 18:15:00,Margit,Okonkwo,margit.okonkwo@kestrel.com,kestrel.com,Paid Social - Meta,prospecting-lal,false
L007504,2026-05-16 12:15:00,Tomas,Aaltonen,tomas.aaltonen@granitepeak.com,granitepeak.com,Paid Social - Meta,mofu-retarget,false
L007505,2026-05-17 07:45:00,Elodie,Grant,elodie.grant@solvent.com,solvent.com,Paid Social - Meta,mofu-retarget,false
L007506,2026-05-24 20:45:00,Jonas,Haddad,jonas.haddad@juniper.com,juniper.com,Paid Social - Meta,mofu-retarget,false
L007507,2026-05-27 18:00:00,Callum,Farrell,callum.farrell@brightpath.com,brightpath.com,Paid Social - Meta,prospecting-lal,false
L007508,2026-05-17 10:00:00,Callum,Zhang,callum.zhang@solvent.com,solvent.com,Paid Social - Meta,prospecting-lal,false
L007509,2026-05-03 07:45:00,Adeola,Almeida,adeola.almeida@harborview.com,harborview.com,Paid Social - Meta,prospecting-lal,false
L007510,2026-05-07 09:15:00,Adeola,Iyer,adeola.iyer@meridian.com,meridian.com,Paid Social - Meta,mofu-retarget,false
L007511,2026-05-03 11:15:00,Ingrid,Doyle,ingrid.doyle@solvent.com,solvent.com,Paid Social - Meta,prospecting-lal,false
L007512,2026-05-05 19:45:00,Arun,Raghunathan,arun.raghunathan@marlowe.com,marlowe.com,Paid Social - Meta,prospecting-lal,false
L007513,2026-05-10 15:15:00,Arun,Nwosu,arun.nwosu@copperline.com,copperline.com,Paid Social - Meta,prospecting-lal,false
L007514,2026-05-22 17:15:00,Kenji,Whitfield,kenji.whitfield@thornbury.com,thornbury.com,Paid Social - Meta,mofu-retarget,false
L007515,2026-05-13 08:15:00,Marcus,Raghunathan,marcus.raghunathan@solvent.com,solvent.com,Paid Social - Meta,lead-form-broad,false
L007516,2026-05-30 07:30:00,Beatriz,Lindqvist,beatriz.lindqvist@lumen.com,lumen.com,Paid Social - Meta,lead-form-broad,false
L007517,2026-05-14 08:15:00,Yusuf,Zhang,yusuf.zhang@thornbury.com,thornbury.com,Paid Social - Meta,prospecting-lal,false
L007518,2026-05-03 11:15:00,Estelle,Demir,estelle.demir@ember.com,ember.com,Paid Social - Meta,mofu-retarget,false
L007519,2026-05-11 07:00:00,Renata,Vieira,renata.vieira@quarry.com,quarry.com,Paid Search - Non-Brand,category-terms,false
L007520,2026-05-17 13:30:00,Beatriz,Lindqvist,beatriz.lindqvist@ridgeline.com,ridgeline.com,Paid Search - Non-Brand,solution-terms,true
L007521,2026-05-06 17:30:00,Alicia,Szabo,alicia.szabo@solvent.com,solvent.com,Paid Search - Non-Brand,solution-terms,false
L007522,2026-05-02 09:30:00,Darius,Mulvaney,darius.mulvaney@redwood.com,redwood.com,Paid Search - Non-Brand,competitor-terms,true
L007523,2026-05-19 13:15:00,Siobhan,Farrell,siobhan.farrell@ferrous.com,ferrous.com,Paid Search - Non-Brand,solution-terms,false
L007524,2026-05-11 16:00:00,Arun,Szabo,arun.szabo@granitepeak.com,granitepeak.com,Paid Search - Non-Brand,competitor-terms,false
L007525,2026-05-23 08:45:00,Rafael,Byrne,rafael.byrne@meridian.com,meridian.com,Paid Search - Non-Brand,competitor-terms,false
L007526,2026-05-29 20:30:00,Malik,Haddad,malik.haddad@marlowe.com,marlowe.com,Paid Search - Non-Brand,solution-terms,false
L007527,2026-05-27 13:45:00,Mei,Farrell,mei.farrell@quarry.com,quarry.com,Paid Search - Non-Brand,competitor-terms,false
L007528,2026-05-29 13:30:00,Omar,Grant,omar.grant@granitepeak.com,granitepeak.com,Paid Search - Non-Brand,competitor-terms,false
L007529,2026-05-13 18:30:00,Ingrid,Mulvaney,ingrid.mulvaney@harborview.com,harborview.com,Paid Search - Non-Brand,solution-terms,false
L007530,2026-05-29 15:15:00,Estelle,Haddad,estelle.haddad@redwood.com,redwood.com,Paid Search - Non-Brand,competitor-terms,false
L007531,2026-05-01 10:00:00,Tomas,Haddad,tomas.haddad@meridian.com,meridian.com,Paid Search - Non-Brand,category-terms,false
L007532,2026-05-24 12:30:00,Tomas,Bahri,tomas.bahri@redwood.com,redwood.com,Paid Search - Non-Brand,category-terms,true
L007533,2026-05-31 13:15:00,Arun,Watanabe,arun.watanabe@dovetail.com,dovetail.com,Paid Search - Non-Brand,solution-terms,false
L007534,2026-05-11 13:45:00,Lena,Nwosu,lena.nwosu@ridgeline.com,ridgeline.com,Paid Search - Non-Brand,category-terms,false
L007535,2026-05-03 13:45:00,Hollis,Watanabe,hollis.watanabe@foxglove.com,foxglove.com,Paid Search - Non-Brand,solution-terms,false
L007536,2026-05-05 19:15:00,Alicia,Bahri,alicia.bahri@saltmarsh.com,saltmarsh.com,Paid Search - Non-Brand,competitor-terms,false
L007537,2026-05-16 07:45:00,Anaya,Haddad,anaya.haddad@solvent.com,solvent.com,Paid Search - Non-Brand,category-terms,true
L007538,2026-05-19 20:45:00,Anaya,Farrell,anaya.farrell@redwood.com,redwood.com,Paid Search - Non-Brand,solution-terms,false
L007539,2026-05-18 13:45:00,Ingrid,Whitfield,ingrid.whitfield@brightpath.com,brightpath.com,Paid Search - Non-Brand,competitor-terms,true
L007540,2026-05-21 12:45:00,Noor,Nwosu,noor.nwosu@granitepeak.com,granitepeak.com,Paid Search - Non-Brand,solution-terms,false
L007541,2026-05-24 14:15:00,Marcus,Aaltonen,marcus.aaltonen@copperline.com,copperline.com,Paid Search - Non-Brand,solution-terms,false
L007542,2026-05-20 11:00:00,Darius,Grant,darius.grant@northwind.com,northwind.com,Paid Search - Non-Brand,solution-terms,false
L007543,2026-05-18 14:30:00,Omar,Mulvaney,omar.mulvaney@thornbury.com,thornbury.com,Paid Search - Non-Brand,solution-terms,false
L007544,2026-05-20 11:15:00,Cormac,Whitfield,cormac.whitfield@ironwood.com,ironwood.com,Paid Search - Non-Brand,solution-terms,false
L007545,2026-05-22 14:00:00,Malik,Vieira,malik.vieira@quarry.com,quarry.com,Paid Search - Non-Brand,competitor-terms,false
L007546,2026-05-09 18:00:00,Darius,Bahri,darius.bahri@saltmarsh.com,saltmarsh.com,Paid Search - Non-Brand,competitor-terms,false
L007547,2026-05-07 15:15:00,Ingrid,Okonkwo,ingrid.okonkwo@brightpath.com,brightpath.com,Paid Search - Non-Brand,competitor-terms,false
L007548,2026-05-24 07:30:00,Elodie,Novak,elodie.novak@arclight.com,arclight.com,Paid Search - Non-Brand,solution-terms,false
L007549,2026-05-11 10:45:00,Kenji,Doyle,kenji.doyle@cascade.com,cascade.com,Paid Search - Non-Brand,solution-terms,false
L007550,2026-05-21 19:45:00,Cormac,Vieira,cormac.vieira@solvent.com,solvent.com,Paid Search - Non-Brand,solution-terms,false
L007551,2026-05-29 19:30:00,Cormac,Haddad,cormac.haddad@ember.com,ember.com,Paid Search - Non-Brand,competitor-terms,false
L007552,2026-05-23 11:15:00,Alicia,Bahri,alicia.bahri@arclight.com,arclight.com,Paid Search - Non-Brand,competitor-terms,false
L007553,2026-05-08 16:00:00,Arun,Kavanagh,arun.kavanagh@ridgeline.com,ridgeline.com,Paid Search - Non-Brand,category-terms,false
L007554,2026-05-28 08:45:00,Cormac,Byrne,cormac.byrne@cascade.com,cascade.com,Paid Search - Non-Brand,competitor-terms,false
L007555,2026-05-14 14:30:00,Estelle,Castellanos,estelle.castellanos@brightpath.com,brightpath.com,Paid Search - Non-Brand,category-terms,true
L007556,2026-05-08 09:30:00,Kenji,Zhang,kenji.zhang@dovetail.com,dovetail.com,Paid Search - Non-Brand,category-terms,false
L007557,2026-05-13 08:15:00,Callum,Iyer,callum.iyer@foxglove.com,foxglove.com,Paid Search - Non-Brand,solution-terms,false
L007558,2026-05-26 15:30:00,Siobhan,Demir,siobhan.demir@tessellate.com,tessellate.com,Paid Search - Non-Brand,category-terms,false
L007559,2026-05-05 12:15:00,Jonas,Kavanagh,jonas.kavanagh@quillon.com,quillon.com,Paid Search - Non-Brand,solution-terms,false
L007560,2026-05-28 17:45:00,Malik,Lindqvist,malik.lindqvist@cascade.com,cascade.com,Paid Search - Non-Brand,competitor-terms,false
L007561,2026-05-21 14:30:00,Siobhan,Bergstrom,siobhan.bergstrom@brightpath.com,brightpath.com,Paid Search - Non-Brand,competitor-terms,true
L007562,2026-05-02 18:15:00,Kenji,Horvat,kenji.horvat@granitepeak.com,granitepeak.com,Paid Search - Non-Brand,solution-terms,false
L007563,2026-05-16 16:00:00,Siobhan,Lindqvist,siobhan.lindqvist@lumen.com,lumen.com,Paid Search - Non-Brand,solution-terms,false
L007564,2026-05-20 10:15:00,Mei,Grant,mei.grant@ridgeline.com,ridgeline.com,Paid Search - Non-Brand,category-terms,false
L007565,2026-05-19 20:45:00,Arun,Aaltonen,arun.aaltonen@tessellate.com,tessellate.com,Paid Search - Non-Brand,solution-terms,false
L007566,2026-05-31 07:15:00,Beatriz,Horvat,beatriz.horvat@dovetail.com,dovetail.com,Paid Search - Non-Brand,solution-terms,false
L007567,2026-05-09 17:00:00,Ingrid,Pires,ingrid.pires@anvil.com,anvil.com,Paid Search - Non-Brand,competitor-terms,false
L007568,2026-05-19 09:15:00,Priya,Nwosu,priya.nwosu@thornbury.com,thornbury.com,Paid Search - Non-Brand,category-terms,false
L007569,2026-05-28 14:15:00,Anaya,Kavanagh,anaya.kavanagh@foxglove.com,foxglove.com,Paid Search - Non-Brand,competitor-terms,false
L007570,2026-05-13 08:15:00,Lena,Horvat,lena.horvat@kestrel.com,kestrel.com,Paid Search - Non-Brand,category-terms,false
L007571,2026-05-19 08:00:00,Darius,Novak,darius.novak@juniper.com,juniper.com,Paid Search - Non-Brand,solution-terms,false
L007572,2026-05-05 15:00:00,Ivo,Lindqvist,ivo.lindqvist@cascade.com,cascade.com,Paid Search - Non-Brand,category-terms,false
L007573,2026-05-12 16:15:00,Kenji,Novak,kenji.novak@ironwood.com,ironwood.com,Paid Search - Non-Brand,category-terms,false
L007574,2026-05-29 20:30:00,Lena,Farrell,lena.farrell@northwind.com,northwind.com,Paid Search - Non-Brand,category-terms,false
L007575,2026-05-16 15:00:00,Elodie,Vieira,elodie.vieira@halcyon.com,halcyon.com,Paid Search - Non-Brand,competitor-terms,false
L007576,2026-05-16 16:30:00,Beatriz,Doyle,beatriz.doyle@ironwood.com,ironwood.com,Paid Search - Non-Brand,competitor-terms,false
L007577,2026-05-18 08:45:00,Mei,Bahri,mei.bahri@saltmarsh.com,saltmarsh.com,Paid Search - Non-Brand,solution-terms,false
L007578,2026-05-15 10:45:00,Darius,Doyle,darius.doyle@brightpath.com,brightpath.com,Paid Search - Non-Brand,solution-terms,false
L007579,2026-05-14 07:30:00,Jonas,Lindqvist,jonas.lindqvist@nimbus.com,nimbus.com,Paid Search - Non-Brand,solution-terms,false
L007580,2026-05-28 13:30:00,Cormac,Pires,cormac.pires@foxglove.com,foxglove.com,Paid Search - Non-Brand,solution-terms,false
L007581,2026-05-29 14:45:00,Beatriz,Bahri,beatriz.bahri@nimbus.com,nimbus.com,Paid Search - Non-Brand,category-terms,false
L007582,2026-05-22 08:30:00,Omar,Lindqvist,omar.lindqvist@meridian.com,meridian.com,Paid Search - Non-Brand,category-terms,false
L007583,2026-05-02 17:30:00,Noor,Ferreira,noor.ferreira@solvent.com,solvent.com,Paid Search - Non-Brand,competitor-terms,false
L007584,2026-05-11 09:45:00,Kenji,Doyle,kenji.doyle@granitepeak.com,granitepeak.com,Paid Search - Non-Brand,category-terms,false
L007585,2026-05-18 19:30:00,Tomas,Castellanos,tomas.castellanos@northwind.com,northwind.com,Paid Search - Non-Brand,category-terms,false
L007586,2026-05-24 18:45:00,Tomas,Bahri,tomas.bahri@oakhurst.com,oakhurst.com,Paid Search - Non-Brand,competitor-terms,false
L007587,2026-05-23 14:15:00,Malik,Pires,malik.pires@copperline.com,copperline.com,Paid Search - Non-Brand,solution-terms,false
L007588,2026-05-05 13:30:00,Callum,Bahri,callum.bahri@tessellate.com,tessellate.com,Paid Search - Non-Brand,solution-terms,false
L007589,2026-05-24 14:00:00,Yusuf,Aaltonen,yusuf.aaltonen@saltmarsh.com,saltmarsh.com,Paid Search - Non-Brand,competitor-terms,false
L007590,2026-05-25 20:15:00,Alicia,Ferreira,alicia.ferreira@kestrel.com,kestrel.com,Paid Search - Non-Brand,competitor-terms,false
L007591,2026-05-07 12:30:00,Ivo,Iyer,ivo.iyer@solvent.com,solvent.com,Paid Search - Non-Brand,competitor-terms,false
L007592,2026-05-11 10:45:00,Tomas,Lindqvist,tomas.lindqvist@pinnacle.com,pinnacle.com,Paid Search - Non-Brand,category-terms,false
L007593,2026-05-17 08:15:00,Ivo,Okonkwo,ivo.okonkwo@tessellate.com,tessellate.com,Paid Search - Non-Brand,category-terms,false
L007594,2026-05-04 10:30:00,Callum,Ferreira,callum.ferreira@lumen.com,lumen.com,Paid Search - Non-Brand,solution-terms,false
L007595,2026-05-23 14:15:00,Noor,Watanabe,noor.watanabe@ridgeline.com,ridgeline.com,Paid Search - Non-Brand,competitor-terms,false
L007596,2026-05-18 16:15:00,Alicia,Kavanagh,alicia.kavanagh@ember.com,ember.com,Paid Search - Non-Brand,category-terms,false
L007597,2026-05-11 13:30:00,Hollis,Haddad,hollis.haddad@cascade.com,cascade.com,Paid Search - Non-Brand,solution-terms,false
L007598,2026-05-20 18:00:00,Omar,Lindqvist,omar.lindqvist@ferrous.com,ferrous.com,Paid Search - Non-Brand,competitor-terms,false
L007599,2026-05-13 18:30:00,Siobhan,Watanabe,siobhan.watanabe@halcyon.com,halcyon.com,Paid Social - LinkedIn,abm-tier1,false
L007600,2026-05-19 07:15:00,Ingrid,Vieira,ingrid.vieira@redwood.com,redwood.com,Paid Social - LinkedIn,abm-tier1,false
L007601,2026-05-13 12:30:00,Mei,Krishnan,mei.krishnan@quarry.com,quarry.com,Paid Social - LinkedIn,content-download,false
L007602,2026-05-02 08:45:00,Priya,Szabo,priya.szabo@redwood.com,redwood.com,Paid Social - LinkedIn,jobtitle-targeting,false
L007603,2026-05-07 12:15:00,Alicia,Lindqvist,alicia.lindqvist@northwind.com,northwind.com,Paid Social - LinkedIn,jobtitle-targeting,false
L007604,2026-05-28 10:45:00,Kenji,Raghunathan,kenji.raghunathan@solvent.com,solvent.com,Paid Social - LinkedIn,abm-tier1,false
L007605,2026-05-12 07:15:00,Anaya,Pires,anaya.pires@thornbury.com,thornbury.com,Paid Social - LinkedIn,abm-tier1,true
L007606,2026-05-10 15:00:00,Noor,Byrne,noor.byrne@saltmarsh.com,saltmarsh.com,Paid Social - LinkedIn,abm-tier1,true
L007607,2026-05-23 11:15:00,Noor,Aaltonen,noor.aaltonen@oakhurst.com,oakhurst.com,Paid Social - LinkedIn,content-download,true
L007608,2026-05-13 17:30:00,Ivo,Kavanagh,ivo.kavanagh@tessellate.com,tessellate.com,Paid Social - LinkedIn,content-download,false
L007609,2026-05-01 17:00:00,Yusuf,Raghunathan,yusuf.raghunathan@kestrel.com,kestrel.com,Paid Social - LinkedIn,jobtitle-targeting,false
L007610,2026-05-05 20:45:00,Kenji,Nwosu,kenji.nwosu@saltmarsh.com,saltmarsh.com,Paid Social - LinkedIn,jobtitle-targeting,false
L007611,2026-05-30 10:45:00,Mei,Raghunathan,mei.raghunathan@lumen.com,lumen.com,Paid Social - LinkedIn,content-download,false
L007612,2026-05-29 09:45:00,Margit,Watanabe,margit.watanabe@quarry.com,quarry.com,Paid Social - LinkedIn,content-download,false
L007613,2026-05-19 20:15:00,Yusuf,Almeida,yusuf.almeida@kestrel.com,kestrel.com,Paid Social - LinkedIn,jobtitle-targeting,false
L007614,2026-05-07 16:00:00,Priya,Vieira,priya.vieira@foxglove.com,foxglove.com,Paid Social - LinkedIn,abm-tier1,false
L007615,2026-05-07 10:00:00,Priya,Aaltonen,priya.aaltonen@foxglove.com,foxglove.com,Paid Social - LinkedIn,content-download,false
L007616,2026-05-22 14:00:00,Priya,Raghunathan,priya.raghunathan@ember.com,ember.com,Paid Social - LinkedIn,jobtitle-targeting,false
L007617,2026-05-07 11:30:00,Elodie,Farrell,elodie.farrell@ember.com,ember.com,Paid Social - LinkedIn,abm-tier1,true
L007618,2026-05-25 11:30:00,Yusuf,Haddad,yusuf.haddad@oakhurst.com,oakhurst.com,Paid Social - LinkedIn,jobtitle-targeting,true
L007619,2026-05-15 20:45:00,Rafael,Farrell,rafael.farrell@tessellate.com,tessellate.com,Paid Social - LinkedIn,content-download,false
L007620,2026-05-28 13:00:00,Lena,Whitfield,lena.whitfield@thornbury.com,thornbury.com,Paid Social - LinkedIn,abm-tier1,false
L007621,2026-05-26 07:30:00,Malik,Bergstrom,malik.bergstrom@cascade.com,cascade.com,Paid Social - LinkedIn,content-download,false
L007622,2026-05-02 18:00:00,Adeola,Okonkwo,adeola.okonkwo@cascade.com,cascade.com,Paid Social - LinkedIn,content-download,false
L007623,2026-05-24 07:30:00,Cormac,Whitfield,cormac.whitfield@lumen.com,lumen.com,Organic / Direct,none,false
L007624,2026-05-27 08:00:00,Priya,Aaltonen,priya.aaltonen@marlowe.com,marlowe.com,Organic / Direct,none,false
L007625,2026-05-05 17:45:00,Grace,Almeida,grace.almeida@copperline.com,copperline.com,Organic / Direct,none,false
L007626,2026-05-07 10:15:00,Tomas,Raghunathan,tomas.raghunathan@cascade.com,cascade.com,Organic / Direct,none,false
L007627,2026-05-26 08:30:00,Grace,Nwosu,grace.nwosu@thornbury.com,thornbury.com,Organic / Direct,none,false
L007628,2026-05-29 16:45:00,Estelle,Mulvaney,estelle.mulvaney@anvil.com,anvil.com,Organic / Direct,none,false
L007629,2026-05-17 18:15:00,Rafael,Kavanagh,rafael.kavanagh@quarry.com,quarry.com,Organic / Direct,none,false
L007630,2026-05-28 19:30:00,Tomas,Mulvaney,tomas.mulvaney@redwood.com,redwood.com,Organic / Direct,none,false
L007631,2026-05-04 09:30:00,Yusuf,Okonkwo,yusuf.okonkwo@foxglove.com,foxglove.com,Organic / Direct,none,true
L007632,2026-05-29 13:00:00,Ivo,Bergstrom,ivo.bergstrom@nimbus.com,nimbus.com,Organic / Direct,none,false
L007633,2026-05-07 18:30:00,Ingrid,Ferreira,ingrid.ferreira@foxglove.com,foxglove.com,Organic / Direct,none,false
L007634,2026-05-08 17:45:00,Cormac,Almeida,cormac.almeida@pinnacle.com,pinnacle.com,Organic / Direct,none,false
L007635,2026-05-09 07:30:00,Renata,Almeida,renata.almeida@saltmarsh.com,saltmarsh.com,Organic / Direct,none,false
L007636,2026-05-13 15:45:00,Callum,Bergstrom,callum.bergstrom@pinnacle.com,pinnacle.com,Organic / Direct,none,false
L007637,2026-05-29 19:15:00,Estelle,Moreau,estelle.moreau@tessellate.com,tessellate.com,Organic / Direct,none,false
L007638,2026-05-21 17:45:00,Elodie,Byrne,elodie.byrne@thornbury.com,thornbury.com,Organic / Direct,none,false
L007639,2026-05-29 14:45:00,Callum,Nwosu,callum.nwosu@northwind.com,northwind.com,Organic / Direct,none,false
L007640,2026-05-23 07:45:00,Ivo,Watanabe,ivo.watanabe@redwood.com,redwood.com,Organic / Direct,none,false
L007641,2026-05-26 16:45:00,Hollis,Almeida,hollis.almeida@meridian.com,meridian.com,Organic / Direct,none,false
L007642,2026-05-02 18:45:00,Kenji,Moreau,kenji.moreau@quarry.com,quarry.com,Organic / Direct,none,false
L007643,2026-05-12 18:15:00,Ingrid,Bahri,ingrid.bahri@juniper.com,juniper.com,Organic / Direct,none,false
L007644,2026-05-08 16:00:00,Yusuf,Bahri,yusuf.bahri@arclight.com,arclight.com,Organic / Direct,none,false
L007645,2026-05-27 12:00:00,Grace,Castellanos,grace.castellanos@anvil.com,anvil.com,Organic / Direct,none,false
L007646,2026-05-18 19:45:00,Adeola,Farrell,adeola.farrell@dovetail.com,dovetail.com,Organic / Direct,none,false
L007647,2026-05-27 19:45:00,Darius,Nwosu,darius.nwosu@ember.com,ember.com,Organic / Direct,none,true
L007648,2026-05-11 14:45:00,Lena,Byrne,lena.byrne@pinnacle.com,pinnacle.com,Organic / Direct,none,false
L007649,2026-05-27 19:30:00,Hollis,Whitfield,hollis.whitfield@cascade.com,cascade.com,Organic / Direct,none,false
L007650,2026-05-24 12:45:00,Renata,Demir,renata.demir@dovetail.com,dovetail.com,Organic / Direct,none,false
L007651,2026-05-17 13:00:00,Kenji,Horvat,kenji.horvat@granitepeak.com,granitepeak.com,Organic / Direct,none,false
L007652,2026-06-15 13:45:00,Ivo,Almeida,ivo.almeida@oakhurst.com,oakhurst.com,Display - Programmatic,contextual-b2b,false
L007653,2026-06-11 16:15:00,Omar,Demir,omar.demir@kestrel.com,kestrel.com,Display - Programmatic,retarget-display,false
L007654,2026-06-24 17:15:00,Tomas,Iyer,tomas.iyer@cascade.com,cascade.com,Display - Programmatic,retarget-display,false
L007655,2026-06-03 17:15:00,Malik,Raghunathan,malik.raghunathan@oakhurst.com,oakhurst.com,Display - Programmatic,contextual-b2b,false
L007656,2026-06-06 12:00:00,Siobhan,Iyer,siobhan.iyer@oakhurst.com,oakhurst.com,Display - Programmatic,contextual-b2b,false
L007657,2026-06-12 09:45:00,Malik,Grant,malik.grant@quillon.com,quillon.com,Display - Programmatic,retarget-display,false
L007658,2026-06-03 11:30:00,Elodie,Demir,elodie.demir@ember.com,ember.com,Display - Programmatic,retarget-display,false
L007659,2026-06-10 19:45:00,Mei,Nwosu,mei.nwosu@northwind.com,northwind.com,Display - Programmatic,retarget-display,false
L007660,2026-06-28 16:00:00,Margit,Moreau,margit.moreau@ironwood.com,ironwood.com,Display - Programmatic,retarget-display,false
L007661,2026-06-25 18:00:00,Darius,Mulvaney,darius.mulvaney@ember.com,ember.com,Display - Programmatic,retarget-display,false
L007662,2026-06-23 10:00:00,Anaya,Castellanos,anaya.castellanos@juniper.com,juniper.com,Display - Programmatic,retarget-display,false
L007663,2026-06-06 11:45:00,Marcus,Nwosu,marcus.nwosu@nimbus.com,nimbus.com,Display - Programmatic,contextual-b2b,false
L007664,2026-06-19 12:45:00,Peter,Byrne,peter.byrne@northwind.com,northwind.com,Display - Programmatic,contextual-b2b,false
L007665,2026-06-04 18:15:00,Mei,Okonkwo,mei.okonkwo@northwind.com,northwind.com,Display - Programmatic,contextual-b2b,false
L007666,2026-06-24 09:45:00,Callum,Novak,callum.novak@granitepeak.com,granitepeak.com,Display - Programmatic,retarget-display,false
L007667,2026-06-30 10:45:00,Mei,Iyer,mei.iyer@northwind.com,northwind.com,Display - Programmatic,contextual-b2b,false
L007668,2026-06-14 07:45:00,Cormac,Pires,cormac.pires@quillon.com,quillon.com,Display - Programmatic,retarget-display,false
L007669,2026-06-22 10:15:00,Grace,Zhang,grace.zhang@halcyon.com,halcyon.com,Display - Programmatic,retarget-display,false
L007670,2026-06-29 19:30:00,Alicia,Okonkwo,alicia.okonkwo@juniper.com,juniper.com,Display - Programmatic,retarget-display,false
L007671,2026-06-30 15:45:00,Noor,Almeida,noor.almeida@halcyon.com,halcyon.com,Display - Programmatic,retarget-display,false
L007672,2026-06-08 12:15:00,Kenji,Kavanagh,kenji.kavanagh@arclight.com,arclight.com,Display - Programmatic,contextual-b2b,false
L007673,2026-06-06 14:00:00,Noor,Petrov,noor.petrov@redwood.com,redwood.com,Display - Programmatic,contextual-b2b,false
L007674,2026-06-19 15:00:00,Grace,Demir,grace.demir@redwood.com,redwood.com,Display - Programmatic,retarget-display,false
L007675,2026-06-09 13:45:00,Arun,Byrne,arun.byrne@brightpath.com,brightpath.com,Display - Programmatic,retarget-display,false
L007676,2026-06-19 14:45:00,Hollis,Nwosu,hollis.nwosu@ember.com,ember.com,Display - Programmatic,contextual-b2b,false
L007677,2026-06-24 12:00:00,Grace,Aaltonen,grace.aaltonen@halcyon.com,halcyon.com,Display - Programmatic,retarget-display,false
L007678,2026-06-14 18:15:00,Priya,Farrell,priya.farrell@solvent.com,solvent.com,Display - Programmatic,retarget-display,false
L007679,2026-06-05 14:30:00,Elodie,Raghunathan,elodie.raghunathan@thornbury.com,thornbury.com,Display - Programmatic,retarget-display,false
L007680,2026-06-14 10:15:00,Cormac,Demir,cormac.demir@northwind.com,northwind.com,Display - Programmatic,retarget-display,false
L007681,2026-06-13 08:15:00,Hollis,Vieira,hollis.vieira@lumen.com,lumen.com,Display - Programmatic,retarget-display,true
L007682,2026-06-18 08:45:00,Lena,Aaltonen,lena.aaltonen@copperline.com,copperline.com,Display - Programmatic,contextual-b2b,false
L007683,2026-06-17 20:15:00,Malik,Raghunathan,malik.raghunathan@solvent.com,solvent.com,Display - Programmatic,contextual-b2b,false
L007684,2026-06-28 19:15:00,Yusuf,Krishnan,yusuf.krishnan@quillon.com,quillon.com,Display - Programmatic,contextual-b2b,false
L007685,2026-06-17 10:15:00,Lena,Ferreira,lena.ferreira@solvent.com,solvent.com,Display - Programmatic,retarget-display,false
L007686,2026-06-04 10:00:00,Peter,Moreau,peter.moreau@northwind.com,northwind.com,Display - Programmatic,retarget-display,false
L007687,2026-06-09 13:45:00,Ivo,Iyer,ivo.iyer@ridgeline.com,ridgeline.com,Display - Programmatic,retarget-display,false
L007688,2026-06-16 11:15:00,Alicia,Ferreira,alicia.ferreira@ridgeline.com,ridgeline.com,Display - Programmatic,retarget-display,false
L007689,2026-06-15 19:15:00,Cormac,Doyle,cormac.doyle@northwind.com,northwind.com,Display - Programmatic,retarget-display,false
L007690,2026-06-24 16:30:00,Mei,Bergstrom,mei.bergstrom@saltmarsh.com,saltmarsh.com,Display - Programmatic,retarget-display,false
L007691,2026-06-20 15:15:00,Elodie,Krishnan,elodie.krishnan@ridgeline.com,ridgeline.com,Display - Programmatic,retarget-display,false
L007692,2026-06-12 07:30:00,Rafael,Byrne,rafael.byrne@brightpath.com,brightpath.com,Display - Programmatic,retarget-display,false
L007693,2026-06-25 17:00:00,Estelle,Grant,estelle.grant@anvil.com,anvil.com,Display - Programmatic,retarget-display,false
L007694,2026-06-12 08:30:00,Siobhan,Grant,siobhan.grant@meridian.com,meridian.com,Display - Programmatic,retarget-display,false
L007695,2026-06-03 18:00:00,Rafael,Vieira,rafael.vieira@quillon.com,quillon.com,Display - Programmatic,retarget-display,false
L007696,2026-06-08 19:15:00,Ingrid,Pires,ingrid.pires@ironwood.com,ironwood.com,Display - Programmatic,contextual-b2b,false
L007697,2026-06-29 20:15:00,Siobhan,Moreau,siobhan.moreau@thornbury.com,thornbury.com,Display - Programmatic,retarget-display,false
L007698,2026-06-11 09:00:00,Jonas,Farrell,jonas.farrell@saltmarsh.com,saltmarsh.com,Display - Programmatic,retarget-display,false
L007699,2026-06-14 14:15:00,Ingrid,Novak,ingrid.novak@ironwood.com,ironwood.com,Display - Programmatic,contextual-b2b,false
L007700,2026-06-16 14:45:00,Elodie,Iyer,elodie.iyer@juniper.com,juniper.com,Display - Programmatic,contextual-b2b,false
L007701,2026-06-11 20:45:00,Priya,Demir,priya.demir@pinnacle.com,pinnacle.com,Display - Programmatic,retarget-display,false
L007702,2026-06-01 13:45:00,Lena,Castellanos,lena.castellanos@lumen.com,lumen.com,Display - Programmatic,retarget-display,false
L007703,2026-06-01 09:00:00,Adeola,Castellanos,adeola.castellanos@kestrel.com,kestrel.com,Display - Programmatic,contextual-b2b,false
L007704,2026-06-03 11:00:00,Yusuf,Nwosu,yusuf.nwosu@ember.com,ember.com,Display - Programmatic,contextual-b2b,true
L007705,2026-06-26 13:00:00,Beatriz,Novak,beatriz.novak@harborview.com,harborview.com,Display - Programmatic,contextual-b2b,false
L007706,2026-06-22 10:30:00,Omar,Lindqvist,omar.lindqvist@quarry.com,quarry.com,Display - Programmatic,contextual-b2b,false
L007707,2026-06-09 08:15:00,Cormac,Okonkwo,cormac.okonkwo@ember.com,ember.com,Display - Programmatic,retarget-display,false
L007708,2026-06-14 13:00:00,Tomas,Mulvaney,tomas.mulvaney@thornbury.com,thornbury.com,Display - Programmatic,contextual-b2b,false
L007709,2026-06-09 11:30:00,Margit,Iyer,margit.iyer@copperline.com,copperline.com,Display - Programmatic,retarget-display,false
L007710,2026-06-19 17:15:00,Marcus,Whitfield,marcus.whitfield@dovetail.com,dovetail.com,Display - Programmatic,retarget-display,false
L007711,2026-06-25 17:00:00,Adeola,Almeida,adeola.almeida@tessellate.com,tessellate.com,Display - Programmatic,retarget-display,false
L007712,2026-06-22 10:45:00,Rafael,Iyer,rafael.iyer@ember.com,ember.com,Display - Programmatic,retarget-display,false
L007713,2026-06-24 12:45:00,Mei,Watanabe,mei.watanabe@brightpath.com,brightpath.com,Display - Programmatic,contextual-b2b,false
L007714,2026-06-26 18:45:00,Cormac,Lindqvist,cormac.lindqvist@harborview.com,harborview.com,Display - Programmatic,retarget-display,false
L007715,2026-06-21 20:00:00,Priya,Bergstrom,priya.bergstrom@lumen.com,lumen.com,Display - Programmatic,contextual-b2b,false
L007716,2026-06-02 12:45:00,Darius,Pires,darius.pires@ridgeline.com,ridgeline.com,Display - Programmatic,retarget-display,false
L007717,2026-06-25 08:00:00,Yusuf,Byrne,yusuf.byrne@saltmarsh.com,saltmarsh.com,Display - Programmatic,retarget-display,false
L007718,2026-06-08 11:15:00,Mei,Mulvaney,mei.mulvaney@copperline.com,copperline.com,Display - Programmatic,retarget-display,false
L007719,2026-06-26 12:45:00,Tomas,Bahri,tomas.bahri@oakhurst.com,oakhurst.com,Display - Programmatic,retarget-display,false
L007720,2026-06-27 17:30:00,Malik,Zhang,malik.zhang@ember.com,ember.com,Display - Programmatic,contextual-b2b,false
L007721,2026-06-08 12:30:00,Omar,Okonkwo,omar.okonkwo@ironwood.com,ironwood.com,Display - Programmatic,retarget-display,false
L007722,2026-06-05 10:45:00,Omar,Okonkwo,omar.okonkwo@thornbury.com,thornbury.com,Display - Programmatic,contextual-b2b,false
L007723,2026-06-27 11:45:00,Siobhan,Okonkwo,siobhan.okonkwo@cascade.com,cascade.com,Display - Programmatic,retarget-display,false
L007724,2026-06-08 14:45:00,Lena,Castellanos,lena.castellanos@lumen.com,lumen.com,Display - Programmatic,retarget-display,false
L007725,2026-06-25 07:15:00,Alicia,Szabo,alicia.szabo@meridian.com,meridian.com,Display - Programmatic,contextual-b2b,false
L007726,2026-06-07 10:15:00,Alicia,Ferreira,alicia.ferreira@quarry.com,quarry.com,Display - Programmatic,contextual-b2b,false
L007727,2026-06-25 15:00:00,Hollis,Moreau,hollis.moreau@ironwood.com,ironwood.com,Paid Search - Brand,brand-exact,true
L007728,2026-06-20 17:30:00,Adeola,Novak,adeola.novak@juniper.com,juniper.com,Paid Search - Brand,brand-phrase,false
L007729,2026-06-01 10:45:00,Kenji,Demir,kenji.demir@quarry.com,quarry.com,Paid Search - Brand,brand-phrase,false
L007730,2026-06-18 07:45:00,Elodie,Whitfield,elodie.whitfield@foxglove.com,foxglove.com,Paid Search - Brand,brand-exact,false
L007731,2026-06-04 11:00:00,Mei,Haddad,mei.haddad@juniper.com,juniper.com,Paid Search - Brand,brand-exact,false
L007732,2026-06-10 12:45:00,Malik,Okonkwo,malik.okonkwo@nimbus.com,nimbus.com,Paid Search - Brand,brand-phrase,false
L007733,2026-06-13 08:45:00,Elodie,Szabo,elodie.szabo@cascade.com,cascade.com,Paid Search - Brand,brand-exact,false
L007734,2026-06-09 15:15:00,Ingrid,Demir,ingrid.demir@saltmarsh.com,saltmarsh.com,Paid Search - Brand,brand-phrase,true
L007735,2026-06-11 16:45:00,Ingrid,Castellanos,ingrid.castellanos@oakhurst.com,oakhurst.com,Paid Search - Brand,brand-phrase,false
L007736,2026-06-27 18:45:00,Mei,Kavanagh,mei.kavanagh@lumen.com,lumen.com,Paid Search - Brand,brand-phrase,false
L007737,2026-06-26 12:15:00,Elodie,Ferreira,elodie.ferreira@thornbury.com,thornbury.com,Paid Search - Brand,brand-exact,false
L007738,2026-06-19 20:00:00,Noor,Novak,noor.novak@tessellate.com,tessellate.com,Paid Search - Brand,brand-phrase,false
L007739,2026-06-11 08:15:00,Siobhan,Farrell,siobhan.farrell@solvent.com,solvent.com,Paid Search - Brand,brand-exact,false
L007740,2026-06-08 17:00:00,Elodie,Castellanos,elodie.castellanos@saltmarsh.com,saltmarsh.com,Paid Search - Brand,brand-phrase,false
L007741,2026-06-30 13:30:00,Lena,Mulvaney,lena.mulvaney@foxglove.com,foxglove.com,Paid Search - Brand,brand-phrase,false
L007742,2026-06-25 12:15:00,Yusuf,Lindqvist,yusuf.lindqvist@ridgeline.com,ridgeline.com,Paid Search - Brand,brand-exact,false
L007743,2026-06-20 19:15:00,Rafael,Demir,rafael.demir@kestrel.com,kestrel.com,Paid Search - Brand,brand-exact,false
L007744,2026-06-15 07:15:00,Margit,Okonkwo,margit.okonkwo@nimbus.com,nimbus.com,Paid Search - Brand,brand-exact,false
L007745,2026-06-26 10:15:00,Renata,Vieira,renata.vieira@nimbus.com,nimbus.com,Paid Search - Brand,brand-phrase,false
L007746,2026-06-09 19:45:00,Renata,Whitfield,renata.whitfield@kestrel.com,kestrel.com,Paid Search - Brand,brand-phrase,false
L007747,2026-06-05 17:45:00,Kenji,Horvat,kenji.horvat@copperline.com,copperline.com,Paid Search - Brand,brand-phrase,false
L007748,2026-06-24 20:30:00,Grace,Nwosu,grace.nwosu@ridgeline.com,ridgeline.com,Paid Search - Brand,brand-exact,false
L007749,2026-06-10 19:15:00,Kenji,Byrne,kenji.byrne@granitepeak.com,granitepeak.com,Paid Search - Brand,brand-phrase,false
L007750,2026-06-30 15:15:00,Renata,Vieira,renata.vieira@ferrous.com,ferrous.com,Paid Search - Brand,brand-phrase,false
L007751,2026-06-23 15:15:00,Anaya,Lindqvist,anaya.lindqvist@saltmarsh.com,saltmarsh.com,Paid Search - Brand,brand-exact,false
L007752,2026-06-14 17:30:00,Jonas,Demir,jonas.demir@juniper.com,juniper.com,Paid Search - Brand,brand-exact,false
L007753,2026-06-29 15:30:00,Noor,Whitfield,noor.whitfield@redwood.com,redwood.com,Paid Search - Brand,brand-exact,false
L007754,2026-06-03 10:00:00,Peter,Krishnan,peter.krishnan@arclight.com,arclight.com,Paid Search - Brand,brand-phrase,false
L007755,2026-06-30 15:15:00,Beatriz,Doyle,beatriz.doyle@lumen.com,lumen.com,Paid Search - Brand,brand-phrase,false
L007756,2026-06-20 12:45:00,Darius,Mulvaney,darius.mulvaney@anvil.com,anvil.com,Paid Search - Brand,brand-exact,false
L007757,2026-06-13 10:15:00,Hollis,Iyer,hollis.iyer@saltmarsh.com,saltmarsh.com,Paid Search - Brand,brand-phrase,false
L007758,2026-06-01 07:00:00,Margit,Novak,margit.novak@dovetail.com,dovetail.com,Paid Search - Brand,brand-phrase,false
L007759,2026-06-24 09:45:00,Lena,Mulvaney,lena.mulvaney@copperline.com,copperline.com,Paid Search - Brand,brand-exact,false
L007760,2026-06-16 07:00:00,Cormac,Watanabe,cormac.watanabe@kestrel.com,kestrel.com,Paid Search - Brand,brand-phrase,false
L007761,2026-06-05 18:30:00,Rafael,Okonkwo,rafael.okonkwo@lumen.com,lumen.com,Paid Search - Brand,brand-exact,false
L007762,2026-06-13 20:45:00,Arun,Petrov,arun.petrov@quillon.com,quillon.com,Paid Search - Brand,brand-phrase,false
L007763,2026-06-04 13:15:00,Tomas,Doyle,tomas.doyle@brightpath.com,brightpath.com,Paid Search - Brand,brand-exact,false
L007764,2026-06-07 14:00:00,Darius,Raghunathan,darius.raghunathan@oakhurst.com,oakhurst.com,Paid Search - Brand,brand-phrase,false
L007765,2026-06-26 12:45:00,Rafael,Zhang,rafael.zhang@ferrous.com,ferrous.com,Paid Search - Brand,brand-phrase,false
L007766,2026-06-24 20:45:00,Kenji,Szabo,kenji.szabo@saltmarsh.com,saltmarsh.com,Paid Search - Brand,brand-phrase,false
L007767,2026-06-09 19:15:00,Darius,Iyer,darius.iyer@kestrel.com,kestrel.com,Paid Search - Brand,brand-exact,false
L007768,2026-06-03 13:30:00,Grace,Zhang,grace.zhang@ironwood.com,ironwood.com,Paid Search - Brand,brand-exact,false
L007769,2026-06-21 09:45:00,Renata,Vieira,renata.vieira@northwind.com,northwind.com,Paid Search - Brand,brand-exact,false
L007770,2026-06-18 11:45:00,Malik,Demir,malik.demir@kestrel.com,kestrel.com,Paid Search - Brand,brand-exact,false
L007771,2026-06-06 08:30:00,Anaya,Novak,anaya.novak@meridian.com,meridian.com,Paid Search - Brand,brand-exact,false
L007772,2026-06-21 12:45:00,Rafael,Iyer,rafael.iyer@juniper.com,juniper.com,Paid Search - Brand,brand-phrase,false
L007773,2026-06-24 12:30:00,Grace,Whitfield,grace.whitfield@tessellate.com,tessellate.com,Paid Search - Brand,brand-phrase,false
L007774,2026-06-30 20:30:00,Noor,Demir,noor.demir@quarry.com,quarry.com,Paid Search - Brand,brand-exact,false
L007775,2026-06-13 09:00:00,Cormac,Almeida,cormac.almeida@harborview.com,harborview.com,Paid Search - Brand,brand-phrase,true
L007776,2026-06-17 10:30:00,Ingrid,Farrell,ingrid.farrell@tessellate.com,tessellate.com,Paid Search - Brand,brand-exact,true
L007777,2026-06-22 10:00:00,Elodie,Moreau,elodie.moreau@brightpath.com,brightpath.com,Paid Search - Brand,brand-exact,false
L007778,2026-06-13 11:15:00,Cormac,Haddad,cormac.haddad@halcyon.com,halcyon.com,Paid Search - Brand,brand-exact,false
L007779,2026-06-23 20:30:00,Beatriz,Iyer,beatriz.iyer@juniper.com,juniper.com,Paid Search - Brand,brand-exact,false
L007780,2026-06-15 10:00:00,Alicia,Iyer,alicia.iyer@thornbury.com,thornbury.com,Paid Search - Brand,brand-phrase,false
L007781,2026-06-17 10:00:00,Callum,Kavanagh,callum.kavanagh@ferrous.com,ferrous.com,Paid Search - Brand,brand-exact,false
L007782,2026-06-04 10:00:00,Siobhan,Grant,siobhan.grant@halcyon.com,halcyon.com,Paid Social - Meta,mofu-retarget,false
L007783,2026-06-16 16:15:00,Grace,Pires,grace.pires@tessellate.com,tessellate.com,Paid Social - Meta,prospecting-lal,false
L007784,2026-06-11 20:15:00,Priya,Iyer,priya.iyer@solvent.com,solvent.com,Paid Social - Meta,mofu-retarget,false
L007785,2026-06-14 20:30:00,Alicia,Aaltonen,alicia.aaltonen@ember.com,ember.com,Paid Social - Meta,mofu-retarget,false
L007786,2026-06-21 19:15:00,Jonas,Haddad,jonas.haddad@ember.com,ember.com,Paid Social - Meta,mofu-retarget,false
L007787,2026-06-21 13:45:00,Cormac,Whitfield,cormac.whitfield@ember.com,ember.com,Paid Social - Meta,prospecting-lal,false
L007788,2026-06-11 09:00:00,Kenji,Farrell,kenji.farrell@granitepeak.com,granitepeak.com,Paid Social - Meta,prospecting-lal,false
L007789,2026-06-04 17:45:00,Margit,Farrell,margit.farrell@tessellate.com,tessellate.com,Paid Social - Meta,mofu-retarget,false
L007790,2026-06-24 08:00:00,Elodie,Castellanos,elodie.castellanos@ridgeline.com,ridgeline.com,Paid Social - Meta,prospecting-lal,false
L007791,2026-06-16 09:45:00,Siobhan,Moreau,siobhan.moreau@ember.com,ember.com,Paid Social - Meta,mofu-retarget,false
L007792,2026-06-18 13:15:00,Peter,Moreau,peter.moreau@northwind.com,northwind.com,Paid Social - Meta,prospecting-lal,false
L007793,2026-06-07 18:45:00,Noor,Farrell,noor.farrell@pinnacle.com,pinnacle.com,Paid Social - Meta,prospecting-lal,false
L007794,2026-06-06 15:00:00,Estelle,Aaltonen,estelle.aaltonen@dovetail.com,dovetail.com,Paid Social - Meta,lead-form-broad,false
L007795,2026-06-26 10:30:00,Marcus,Bergstrom,marcus.bergstrom@saltmarsh.com,saltmarsh.com,Paid Social - Meta,prospecting-lal,false
L007796,2026-06-13 13:15:00,Beatriz,Demir,beatriz.demir@nimbus.com,nimbus.com,Paid Social - Meta,mofu-retarget,true
L007797,2026-06-19 08:15:00,Alicia,Bergstrom,alicia.bergstrom@harborview.com,harborview.com,Paid Social - Meta,lead-form-broad,false
L007798,2026-06-07 10:45:00,Ivo,Mulvaney,ivo.mulvaney@cascade.com,cascade.com,Paid Social - Meta,lead-form-broad,false
L007799,2026-06-17 08:45:00,Kenji,Haddad,kenji.haddad@ridgeline.com,ridgeline.com,Paid Social - Meta,lead-form-broad,false
L007800,2026-06-03 14:00:00,Ivo,Doyle,ivo.doyle@pinnacle.com,pinnacle.com,Paid Social - Meta,lead-form-broad,false
L007801,2026-06-22 14:30:00,Mei,Aaltonen,mei.aaltonen@oakhurst.com,oakhurst.com,Paid Social - Meta,mofu-retarget,false
L007802,2026-06-07 18:45:00,Cormac,Watanabe,cormac.watanabe@dovetail.com,dovetail.com,Paid Social - Meta,prospecting-lal,false
L007803,2026-06-23 12:30:00,Tomas,Vieira,tomas.vieira@anvil.com,anvil.com,Paid Social - Meta,lead-form-broad,false
L007804,2026-06-23 09:00:00,Alicia,Bergstrom,alicia.bergstrom@cascade.com,cascade.com,Paid Social - Meta,mofu-retarget,false
L007805,2026-06-26 14:00:00,Callum,Krishnan,callum.krishnan@oakhurst.com,oakhurst.com,Paid Social - Meta,prospecting-lal,false
L007806,2026-06-12 15:30:00,Alicia,Szabo,alicia.szabo@tessellate.com,tessellate.com,Paid Social - Meta,lead-form-broad,false
L007807,2026-06-11 10:45:00,Beatriz,Almeida,beatriz.almeida@tessellate.com,tessellate.com,Paid Social - Meta,mofu-retarget,false
L007808,2026-06-14 09:30:00,Estelle,Castellanos,estelle.castellanos@marlowe.com,marlowe.com,Paid Social - Meta,prospecting-lal,false
L007809,2026-06-21 17:15:00,Omar,Almeida,omar.almeida@nimbus.com,nimbus.com,Paid Social - Meta,prospecting-lal,false
L007810,2026-06-10 10:00:00,Grace,Lindqvist,grace.lindqvist@northwind.com,northwind.com,Paid Social - Meta,mofu-retarget,false
L007811,2026-06-07 11:30:00,Arun,Bahri,arun.bahri@ridgeline.com,ridgeline.com,Paid Social - Meta,lead-form-broad,false
L007812,2026-06-05 07:15:00,Lena,Whitfield,lena.whitfield@pinnacle.com,pinnacle.com,Paid Social - Meta,prospecting-lal,false
L007813,2026-06-28 14:15:00,Jonas,Aaltonen,jonas.aaltonen@ember.com,ember.com,Paid Social - Meta,lead-form-broad,false
L007814,2026-06-28 07:15:00,Cormac,Bergstrom,cormac.bergstrom@ember.com,ember.com,Paid Social - Meta,prospecting-lal,false
L007815,2026-06-23 20:45:00,Estelle,Raghunathan,estelle.raghunathan@brightpath.com,brightpath.com,Paid Social - Meta,mofu-retarget,true
L007816,2026-06-07 12:30:00,Beatriz,Haddad,beatriz.haddad@ridgeline.com,ridgeline.com,Paid Social - Meta,prospecting-lal,false
L007817,2026-06-12 15:00:00,Renata,Watanabe,renata.watanabe@arclight.com,arclight.com,Paid Social - Meta,lead-form-broad,false
L007818,2026-06-28 09:30:00,Malik,Doyle,malik.doyle@copperline.com,copperline.com,Paid Social - Meta,mofu-retarget,false
L007819,2026-06-21 12:30:00,Adeola,Moreau,adeola.moreau@marlowe.com,marlowe.com,Paid Social - Meta,prospecting-lal,false
L007820,2026-06-09 20:45:00,Elodie,Farrell,elodie.farrell@quarry.com,quarry.com,Paid Social - Meta,lead-form-broad,false
L007821,2026-06-10 20:15:00,Yusuf,Zhang,yusuf.zhang@tessellate.com,tessellate.com,Paid Social - Meta,prospecting-lal,false
L007822,2026-06-22 12:15:00,Renata,Vieira,renata.vieira@quarry.com,quarry.com,Paid Social - Meta,lead-form-broad,false
L007823,2026-06-26 15:45:00,Yusuf,Pires,yusuf.pires@harborview.com,harborview.com,Paid Social - Meta,prospecting-lal,false
L007824,2026-06-07 11:15:00,Alicia,Almeida,alicia.almeida@arclight.com,arclight.com,Paid Social - Meta,prospecting-lal,false
L007825,2026-06-13 13:00:00,Mei,Bahri,mei.bahri@ferrous.com,ferrous.com,Paid Social - Meta,lead-form-broad,false
L007826,2026-06-18 13:30:00,Peter,Okonkwo,peter.okonkwo@tessellate.com,tessellate.com,Paid Social - Meta,mofu-retarget,false
L007827,2026-06-21 07:30:00,Renata,Haddad,renata.haddad@ironwood.com,ironwood.com,Paid Social - Meta,mofu-retarget,false
L007828,2026-06-12 13:30:00,Yusuf,Kavanagh,yusuf.kavanagh@ember.com,ember.com,Paid Social - Meta,mofu-retarget,false
L007829,2026-06-30 11:15:00,Ingrid,Iyer,ingrid.iyer@nimbus.com,nimbus.com,Paid Social - Meta,prospecting-lal,false
L007830,2026-06-14 13:15:00,Adeola,Whitfield,adeola.whitfield@cascade.com,cascade.com,Paid Social - Meta,prospecting-lal,false
L007831,2026-06-29 10:15:00,Siobhan,Watanabe,siobhan.watanabe@marlowe.com,marlowe.com,Paid Social - Meta,mofu-retarget,false
L007832,2026-06-30 08:30:00,Malik,Doyle,malik.doyle@harborview.com,harborview.com,Paid Social - Meta,lead-form-broad,false
L007833,2026-06-21 08:00:00,Beatriz,Ferreira,beatriz.ferreira@tessellate.com,tessellate.com,Paid Social - Meta,lead-form-broad,false
L007834,2026-06-05 18:15:00,Alicia,Ferreira,alicia.ferreira@pinnacle.com,pinnacle.com,Paid Social - Meta,lead-form-broad,false
L007835,2026-06-02 17:15:00,Tomas,Moreau,tomas.moreau@ferrous.com,ferrous.com,Paid Social - Meta,mofu-retarget,false
L007836,2026-06-24 13:30:00,Callum,Mulvaney,callum.mulvaney@anvil.com,anvil.com,Paid Social - Meta,prospecting-lal,false
L007837,2026-06-21 12:45:00,Elodie,Zhang,elodie.zhang@ridgeline.com,ridgeline.com,Paid Social - Meta,prospecting-lal,false
L007838,2026-06-28 07:00:00,Elodie,Iyer,elodie.iyer@copperline.com,copperline.com,Paid Social - Meta,lead-form-broad,false
L007839,2026-06-16 11:00:00,Renata,Grant,renata.grant@granitepeak.com,granitepeak.com,Paid Social - Meta,mofu-retarget,false
L007840,2026-06-29 19:30:00,Priya,Aaltonen,priya.aaltonen@ember.com,ember.com,Paid Social - Meta,prospecting-lal,false
L007841,2026-06-29 14:15:00,Callum,Mulvaney,callum.mulvaney@northwind.com,northwind.com,Paid Social - Meta,mofu-retarget,false
L007842,2026-06-15 08:30:00,Renata,Kavanagh,renata.kavanagh@quarry.com,quarry.com,Paid Social - Meta,mofu-retarget,false
L007843,2026-06-02 15:45:00,Grace,Krishnan,grace.krishnan@ironwood.com,ironwood.com,Paid Social - Meta,lead-form-broad,false
L007844,2026-06-04 15:30:00,Anaya,Iyer,anaya.iyer@ember.com,ember.com,Paid Social - Meta,lead-form-broad,false
L007845,2026-06-05 09:15:00,Margit,Vieira,margit.vieira@ferrous.com,ferrous.com,Paid Social - Meta,mofu-retarget,false
L007846,2026-06-20 12:45:00,Renata,Vieira,renata.vieira@quarry.com,quarry.com,Paid Social - Meta,prospecting-lal,false
L007847,2026-06-27 19:15:00,Rafael,Pires,rafael.pires@juniper.com,juniper.com,Paid Social - Meta,lead-form-broad,false
L007848,2026-06-19 12:30:00,Ivo,Zhang,ivo.zhang@juniper.com,juniper.com,Paid Social - Meta,lead-form-broad,false
L007849,2026-06-11 14:00:00,Darius,Szabo,darius.szabo@solvent.com,solvent.com,Paid Social - Meta,lead-form-broad,false
L007850,2026-06-08 19:00:00,Rafael,Szabo,rafael.szabo@halcyon.com,halcyon.com,Paid Social - Meta,lead-form-broad,false
L007851,2026-06-04 11:00:00,Beatriz,Kavanagh,beatriz.kavanagh@halcyon.com,halcyon.com,Paid Social - Meta,prospecting-lal,true
L007852,2026-06-09 16:00:00,Ingrid,Raghunathan,ingrid.raghunathan@halcyon.com,halcyon.com,Paid Social - Meta,prospecting-lal,false
L007853,2026-06-10 19:15:00,Ingrid,Castellanos,ingrid.castellanos@copperline.com,copperline.com,Paid Social - Meta,prospecting-lal,false
L007854,2026-06-06 19:15:00,Elodie,Mulvaney,elodie.mulvaney@solvent.com,solvent.com,Paid Social - Meta,lead-form-broad,false
L007855,2026-06-24 08:30:00,Kenji,Petrov,kenji.petrov@lumen.com,lumen.com,Paid Social - Meta,mofu-retarget,false
L007856,2026-06-06 17:45:00,Ingrid,Krishnan,ingrid.krishnan@ironwood.com,ironwood.com,Paid Social - Meta,mofu-retarget,false
L007857,2026-06-02 09:45:00,Callum,Bergstrom,callum.bergstrom@quillon.com,quillon.com,Paid Social - Meta,lead-form-broad,false
L007858,2026-06-23 16:15:00,Yusuf,Novak,yusuf.novak@anvil.com,anvil.com,Paid Social - Meta,prospecting-lal,false
L007859,2026-06-22 20:00:00,Siobhan,Byrne,siobhan.byrne@quillon.com,quillon.com,Paid Social - Meta,prospecting-lal,false
L007860,2026-06-07 17:45:00,Estelle,Aaltonen,estelle.aaltonen@ember.com,ember.com,Paid Social - Meta,lead-form-broad,false
L007861,2026-06-05 14:45:00,Siobhan,Moreau,siobhan.moreau@lumen.com,lumen.com,Paid Social - Meta,mofu-retarget,false
L007862,2026-06-21 09:15:00,Yusuf,Whitfield,yusuf.whitfield@cascade.com,cascade.com,Paid Social - Meta,prospecting-lal,true
L007863,2026-06-16 20:00:00,Estelle,Petrov,estelle.petrov@ferrous.com,ferrous.com,Paid Social - Meta,lead-form-broad,false
L007864,2026-06-18 10:00:00,Margit,Whitfield,margit.whitfield@foxglove.com,foxglove.com,Paid Social - Meta,prospecting-lal,false
L007865,2026-06-25 16:30:00,Marcus,Zhang,marcus.zhang@meridian.com,meridian.com,Paid Social - Meta,prospecting-lal,false
L007866,2026-06-08 11:45:00,Hollis,Byrne,hollis.byrne@anvil.com,anvil.com,Paid Social - Meta,lead-form-broad,false
L007867,2026-06-03 17:30:00,Ingrid,Iyer,ingrid.iyer@solvent.com,solvent.com,Paid Social - Meta,lead-form-broad,false
L007868,2026-06-13 14:00:00,Kenji,Bergstrom,kenji.bergstrom@northwind.com,northwind.com,Paid Social - Meta,mofu-retarget,false
L007869,2026-06-12 12:30:00,Noor,Novak,noor.novak@lumen.com,lumen.com,Paid Social - Meta,mofu-retarget,false
L007870,2026-06-02 19:30:00,Estelle,Byrne,estelle.byrne@granitepeak.com,granitepeak.com,Paid Social - Meta,prospecting-lal,false
L007871,2026-06-27 15:45:00,Noor,Krishnan,noor.krishnan@cascade.com,cascade.com,Paid Social - Meta,prospecting-lal,false
L007872,2026-06-17 15:00:00,Anaya,Pires,anaya.pires@solvent.com,solvent.com,Paid Social - Meta,prospecting-lal,false
L007873,2026-06-14 14:15:00,Alicia,Ferreira,alicia.ferreira@saltmarsh.com,saltmarsh.com,Paid Social - Meta,prospecting-lal,false
L007874,2026-06-05 10:45:00,Anaya,Nwosu,anaya.nwosu@marlowe.com,marlowe.com,Paid Social - Meta,prospecting-lal,false
L007875,2026-06-09 15:45:00,Yusuf,Pires,yusuf.pires@foxglove.com,foxglove.com,Paid Social - Meta,prospecting-lal,false
L007876,2026-06-14 09:30:00,Callum,Farrell,callum.farrell@copperline.com,copperline.com,Paid Social - Meta,lead-form-broad,false
L007877,2026-06-06 08:30:00,Hollis,Bergstrom,hollis.bergstrom@marlowe.com,marlowe.com,Paid Social - Meta,lead-form-broad,false
L007878,2026-06-02 07:30:00,Alicia,Demir,alicia.demir@quillon.com,quillon.com,Paid Social - Meta,mofu-retarget,false
L007879,2026-06-28 08:15:00,Adeola,Lindqvist,adeola.lindqvist@thornbury.com,thornbury.com,Paid Social - Meta,prospecting-lal,false
L007880,2026-06-04 15:30:00,Anaya,Szabo,anaya.szabo@harborview.com,harborview.com,Paid Social - Meta,mofu-retarget,false
L007881,2026-06-06 12:00:00,Tomas,Petrov,tomas.petrov@ridgeline.com,ridgeline.com,Paid Social - Meta,lead-form-broad,false
L007882,2026-06-22 14:45:00,Grace,Castellanos,grace.castellanos@granitepeak.com,granitepeak.com,Paid Social - Meta,prospecting-lal,false
L007883,2026-06-13 11:15:00,Alicia,Demir,alicia.demir@ridgeline.com,ridgeline.com,Paid Social - Meta,mofu-retarget,false
L007884,2026-06-14 17:45:00,Omar,Zhang,omar.zhang@quillon.com,quillon.com,Paid Social - Meta,prospecting-lal,false
L007885,2026-06-19 15:45:00,Callum,Doyle,callum.doyle@ember.com,ember.com,Paid Social - Meta,prospecting-lal,false
L007886,2026-06-09 11:00:00,Adeola,Horvat,adeola.horvat@oakhurst.com,oakhurst.com,Paid Social - Meta,mofu-retarget,false
L007887,2026-06-27 19:15:00,Priya,Vieira,priya.vieira@meridian.com,meridian.com,Paid Social - Meta,mofu-retarget,false
L007888,2026-06-18 15:15:00,Grace,Krishnan,grace.krishnan@pinnacle.com,pinnacle.com,Paid Social - Meta,lead-form-broad,false
L007889,2026-06-06 15:15:00,Ingrid,Zhang,ingrid.zhang@foxglove.com,foxglove.com,Paid Social - Meta,mofu-retarget,false
L007890,2026-06-05 15:30:00,Cormac,Castellanos,cormac.castellanos@nimbus.com,nimbus.com,Paid Social - Meta,mofu-retarget,false
L007891,2026-06-14 14:00:00,Ingrid,Haddad,ingrid.haddad@quillon.com,quillon.com,Paid Social - Meta,mofu-retarget,false
L007892,2026-06-25 11:00:00,Renata,Bergstrom,renata.bergstrom@dovetail.com,dovetail.com,Paid Social - Meta,mofu-retarget,false
L007893,2026-06-08 14:15:00,Tomas,Krishnan,tomas.krishnan@ferrous.com,ferrous.com,Paid Social - Meta,lead-form-broad,false
L007894,2026-06-01 14:45:00,Priya,Moreau,priya.moreau@oakhurst.com,oakhurst.com,Paid Social - Meta,prospecting-lal,false
L007895,2026-06-13 20:15:00,Jonas,Raghunathan,jonas.raghunathan@halcyon.com,halcyon.com,Paid Social - Meta,lead-form-broad,false
L007896,2026-06-08 14:30:00,Arun,Aaltonen,arun.aaltonen@saltmarsh.com,saltmarsh.com,Paid Social - Meta,prospecting-lal,false
L007897,2026-06-08 09:30:00,Mei,Okonkwo,mei.okonkwo@meridian.com,meridian.com,Paid Social - Meta,lead-form-broad,false
L007898,2026-06-01 12:15:00,Marcus,Zhang,marcus.zhang@solvent.com,solvent.com,Paid Social - Meta,lead-form-broad,false
L007899,2026-06-19 11:30:00,Mei,Almeida,mei.almeida@harborview.com,harborview.com,Paid Social - Meta,mofu-retarget,false
L007900,2026-06-23 16:15:00,Estelle,Okonkwo,estelle.okonkwo@tessellate.com,tessellate.com,Paid Social - Meta,lead-form-broad,false
L007901,2026-06-15 20:00:00,Priya,Iyer,priya.iyer@ember.com,ember.com,Paid Social - Meta,mofu-retarget,false
L007902,2026-06-25 15:15:00,Estelle,Castellanos,estelle.castellanos@copperline.com,copperline.com,Paid Social - Meta,lead-form-broad,false
L007903,2026-06-10 17:15:00,Jonas,Moreau,jonas.moreau@lumen.com,lumen.com,Paid Social - Meta,lead-form-broad,false
L007904,2026-06-24 19:30:00,Ingrid,Ferreira,ingrid.ferreira@redwood.com,redwood.com,Paid Social - Meta,mofu-retarget,false
L007905,2026-06-06 19:15:00,Noor,Nwosu,noor.nwosu@saltmarsh.com,saltmarsh.com,Paid Social - Meta,prospecting-lal,false
L007906,2026-06-07 08:15:00,Priya,Bergstrom,priya.bergstrom@northwind.com,northwind.com,Paid Social - Meta,prospecting-lal,false
L007907,2026-06-27 15:00:00,Marcus,Nwosu,marcus.nwosu@foxglove.com,foxglove.com,Paid Social - Meta,lead-form-broad,false
L007908,2026-06-05 13:15:00,Renata,Vieira,renata.vieira@oakhurst.com,oakhurst.com,Paid Social - Meta,prospecting-lal,false
L007909,2026-06-03 13:30:00,Lena,Horvat,lena.horvat@pinnacle.com,pinnacle.com,Paid Social - Meta,lead-form-broad,false
L007910,2026-06-11 15:15:00,Mei,Grant,mei.grant@arclight.com,arclight.com,Paid Social - Meta,lead-form-broad,false
L007911,2026-06-22 18:45:00,Noor,Watanabe,noor.watanabe@granitepeak.com,granitepeak.com,Paid Social - Meta,lead-form-broad,false
L007912,2026-06-06 20:15:00,Alicia,Bergstrom,alicia.bergstrom@lumen.com,lumen.com,Paid Social - Meta,prospecting-lal,false
L007913,2026-06-05 14:15:00,Omar,Novak,omar.novak@harborview.com,harborview.com,Paid Social - Meta,lead-form-broad,false
L007914,2026-06-13 18:15:00,Elodie,Raghunathan,elodie.raghunathan@juniper.com,juniper.com,Paid Social - Meta,prospecting-lal,false
L007915,2026-06-27 13:15:00,Jonas,Krishnan,jonas.krishnan@nimbus.com,nimbus.com,Paid Social - Meta,prospecting-lal,false
L007916,2026-06-19 14:30:00,Alicia,Bergstrom,alicia.bergstrom@nimbus.com,nimbus.com,Paid Social - Meta,prospecting-lal,false
L007917,2026-06-19 07:30:00,Siobhan,Haddad,siobhan.haddad@solvent.com,solvent.com,Paid Social - Meta,lead-form-broad,false
L007918,2026-06-21 16:30:00,Renata,Novak,renata.novak@halcyon.com,halcyon.com,Paid Social - Meta,lead-form-broad,false
L007919,2026-06-10 18:45:00,Yusuf,Almeida,yusuf.almeida@ember.com,ember.com,Paid Social - Meta,prospecting-lal,false
L007920,2026-06-22 14:15:00,Ingrid,Raghunathan,ingrid.raghunathan@quillon.com,quillon.com,Paid Social - Meta,lead-form-broad,true
L007921,2026-06-10 18:30:00,Jonas,Haddad,jonas.haddad@granitepeak.com,granitepeak.com,Paid Social - Meta,prospecting-lal,false
L007922,2026-06-23 17:30:00,Priya,Szabo,priya.szabo@arclight.com,arclight.com,Paid Social - Meta,prospecting-lal,false
L007923,2026-06-17 17:30:00,Adeola,Lindqvist,adeola.lindqvist@cascade.com,cascade.com,Paid Social - Meta,prospecting-lal,false
L007924,2026-06-19 12:30:00,Malik,Bergstrom,malik.bergstrom@tessellate.com,tessellate.com,Paid Social - Meta,lead-form-broad,false
L007925,2026-06-13 13:45:00,Omar,Kavanagh,omar.kavanagh@solvent.com,solvent.com,Paid Social - Meta,lead-form-broad,false
L007926,2026-06-06 13:00:00,Darius,Demir,darius.demir@saltmarsh.com,saltmarsh.com,Paid Social - Meta,lead-form-broad,false
L007927,2026-06-23 19:15:00,Anaya,Szabo,anaya.szabo@tessellate.com,tessellate.com,Paid Social - Meta,lead-form-broad,false
L007928,2026-06-23 15:15:00,Elodie,Demir,elodie.demir@meridian.com,meridian.com,Paid Social - Meta,mofu-retarget,false
L007929,2026-06-16 07:15:00,Estelle,Ferreira,estelle.ferreira@cascade.com,cascade.com,Paid Social - Meta,prospecting-lal,false
L007930,2026-06-07 12:00:00,Renata,Watanabe,renata.watanabe@ridgeline.com,ridgeline.com,Paid Social - Meta,lead-form-broad,false
L007931,2026-06-25 19:30:00,Darius,Bahri,darius.bahri@halcyon.com,halcyon.com,Paid Social - Meta,prospecting-lal,false
L007932,2026-06-09 15:45:00,Cormac,Zhang,cormac.zhang@quarry.com,quarry.com,Paid Social - Meta,mofu-retarget,false
L007933,2026-06-28 09:00:00,Kenji,Krishnan,kenji.krishnan@harborview.com,harborview.com,Paid Social - Meta,mofu-retarget,false
L007934,2026-06-05 14:00:00,Malik,Haddad,malik.haddad@oakhurst.com,oakhurst.com,Paid Social - Meta,lead-form-broad,false
L007935,2026-06-14 07:45:00,Mei,Almeida,mei.almeida@dovetail.com,dovetail.com,Paid Social - Meta,lead-form-broad,false
L007936,2026-06-05 13:15:00,Marcus,Zhang,marcus.zhang@meridian.com,meridian.com,Paid Social - Meta,prospecting-lal,false
L007937,2026-06-13 17:15:00,Peter,Doyle,peter.doyle@redwood.com,redwood.com,Paid Social - Meta,lead-form-broad,false
L007938,2026-06-29 19:15:00,Renata,Bergstrom,renata.bergstrom@arclight.com,arclight.com,Paid Social - Meta,mofu-retarget,false
L007939,2026-06-19 12:15:00,Jonas,Novak,jonas.novak@copperline.com,copperline.com,Paid Social - Meta,prospecting-lal,false
L007940,2026-06-27 12:00:00,Yusuf,Krishnan,yusuf.krishnan@dovetail.com,dovetail.com,Paid Social - Meta,prospecting-lal,false
L007941,2026-06-17 19:45:00,Renata,Aaltonen,renata.aaltonen@anvil.com,anvil.com,Paid Social - Meta,mofu-retarget,false
L007942,2026-06-05 17:30:00,Adeola,Vieira,adeola.vieira@redwood.com,redwood.com,Paid Social - Meta,lead-form-broad,false
L007943,2026-06-13 07:00:00,Alicia,Byrne,alicia.byrne@pinnacle.com,pinnacle.com,Paid Social - Meta,lead-form-broad,false
L007944,2026-06-10 07:15:00,Margit,Horvat,margit.horvat@dovetail.com,dovetail.com,Paid Social - Meta,mofu-retarget,false
L007945,2026-06-13 12:00:00,Priya,Iyer,priya.iyer@solvent.com,solvent.com,Paid Social - Meta,prospecting-lal,true
L007946,2026-06-20 11:15:00,Ivo,Whitfield,ivo.whitfield@solvent.com,solvent.com,Paid Social - Meta,mofu-retarget,false
L007947,2026-06-11 18:45:00,Omar,Ferreira,omar.ferreira@kestrel.com,kestrel.com,Paid Social - Meta,prospecting-lal,false
L007948,2026-06-06 17:45:00,Margit,Moreau,margit.moreau@ironwood.com,ironwood.com,Paid Social - Meta,prospecting-lal,false
L007949,2026-06-19 16:45:00,Renata,Demir,renata.demir@northwind.com,northwind.com,Paid Social - Meta,mofu-retarget,false
L007950,2026-06-17 10:00:00,Lena,Castellanos,lena.castellanos@copperline.com,copperline.com,Paid Social - Meta,prospecting-lal,false
L007951,2026-06-08 12:00:00,Marcus,Grant,marcus.grant@thornbury.com,thornbury.com,Paid Social - Meta,mofu-retarget,false
L007952,2026-06-27 09:00:00,Noor,Whitfield,noor.whitfield@dovetail.com,dovetail.com,Paid Social - Meta,prospecting-lal,false
L007953,2026-06-24 19:15:00,Mei,Mulvaney,mei.mulvaney@oakhurst.com,oakhurst.com,Paid Social - Meta,mofu-retarget,false
L007954,2026-06-16 13:30:00,Rafael,Pires,rafael.pires@thornbury.com,thornbury.com,Paid Social - Meta,lead-form-broad,false
L007955,2026-06-23 09:45:00,Kenji,Haddad,kenji.haddad@nimbus.com,nimbus.com,Paid Social - Meta,lead-form-broad,false
L007956,2026-06-19 07:00:00,Tomas,Iyer,tomas.iyer@quillon.com,quillon.com,Paid Social - Meta,mofu-retarget,false
L007957,2026-06-22 10:45:00,Darius,Horvat,darius.horvat@anvil.com,anvil.com,Paid Social - Meta,prospecting-lal,false
L007958,2026-06-20 19:15:00,Estelle,Lindqvist,estelle.lindqvist@meridian.com,meridian.com,Paid Social - Meta,mofu-retarget,false
L007959,2026-06-10 11:45:00,Beatriz,Almeida,beatriz.almeida@saltmarsh.com,saltmarsh.com,Paid Social - Meta,mofu-retarget,false
L007960,2026-06-24 11:00:00,Malik,Doyle,malik.doyle@granitepeak.com,granitepeak.com,Paid Social - Meta,prospecting-lal,false
L007961,2026-06-06 08:15:00,Grace,Bahri,grace.bahri@ironwood.com,ironwood.com,Paid Social - Meta,lead-form-broad,true
L007962,2026-06-19 11:30:00,Malik,Byrne,malik.byrne@ember.com,ember.com,Paid Social - Meta,prospecting-lal,false
L007963,2026-06-11 13:00:00,Malik,Demir,malik.demir@marlowe.com,marlowe.com,Paid Social - Meta,mofu-retarget,false
L007964,2026-06-12 14:00:00,Callum,Haddad,callum.haddad@cascade.com,cascade.com,Paid Social - Meta,prospecting-lal,false
L007965,2026-06-22 13:15:00,Estelle,Okonkwo,estelle.okonkwo@solvent.com,solvent.com,Paid Social - Meta,prospecting-lal,false
L007966,2026-06-04 09:30:00,Grace,Raghunathan,grace.raghunathan@halcyon.com,halcyon.com,Paid Social - Meta,prospecting-lal,false
L007967,2026-06-29 17:15:00,Rafael,Ferreira,rafael.ferreira@oakhurst.com,oakhurst.com,Paid Social - Meta,lead-form-broad,false
L007968,2026-06-12 13:45:00,Callum,Nwosu,callum.nwosu@ferrous.com,ferrous.com,Paid Social - Meta,lead-form-broad,false
L007969,2026-06-08 18:15:00,Margit,Petrov,margit.petrov@ironwood.com,ironwood.com,Paid Social - Meta,lead-form-broad,false
L007970,2026-06-30 18:00:00,Peter,Castellanos,peter.castellanos@redwood.com,redwood.com,Paid Social - Meta,mofu-retarget,false
L007971,2026-06-09 13:30:00,Grace,Vieira,grace.vieira@harborview.com,harborview.com,Paid Social - Meta,mofu-retarget,false
L007972,2026-06-01 08:15:00,Jonas,Byrne,jonas.byrne@copperline.com,copperline.com,Paid Social - Meta,mofu-retarget,false
L007973,2026-06-15 15:15:00,Alicia,Doyle,alicia.doyle@copperline.com,copperline.com,Paid Social - Meta,lead-form-broad,false
L007974,2026-06-16 07:30:00,Estelle,Pires,estelle.pires@saltmarsh.com,saltmarsh.com,Paid Social - Meta,mofu-retarget,false
L007975,2026-06-06 10:45:00,Ingrid,Vieira,ingrid.vieira@tessellate.com,tessellate.com,Paid Social - Meta,lead-form-broad,false
L007976,2026-06-06 20:00:00,Beatriz,Castellanos,beatriz.castellanos@thornbury.com,thornbury.com,Paid Social - Meta,prospecting-lal,false
L007977,2026-06-07 13:45:00,Hollis,Byrne,hollis.byrne@juniper.com,juniper.com,Paid Social - Meta,lead-form-broad,false
L007978,2026-06-14 16:30:00,Alicia,Pires,alicia.pires@juniper.com,juniper.com,Paid Social - Meta,mofu-retarget,false
L007979,2026-06-11 19:45:00,Margit,Whitfield,margit.whitfield@juniper.com,juniper.com,Paid Social - Meta,lead-form-broad,false
L007980,2026-06-29 15:30:00,Anaya,Szabo,anaya.szabo@dovetail.com,dovetail.com,Paid Social - Meta,prospecting-lal,false
L007981,2026-06-23 19:00:00,Adeola,Pires,adeola.pires@juniper.com,juniper.com,Paid Social - Meta,prospecting-lal,false
L007982,2026-06-08 10:00:00,Malik,Aaltonen,malik.aaltonen@solvent.com,solvent.com,Paid Social - Meta,mofu-retarget,false
L007983,2026-06-01 18:30:00,Renata,Whitfield,renata.whitfield@thornbury.com,thornbury.com,Paid Social - Meta,prospecting-lal,false
L007984,2026-06-07 12:30:00,Mei,Grant,mei.grant@ferrous.com,ferrous.com,Paid Social - Meta,mofu-retarget,false
L007985,2026-06-16 13:15:00,Alicia,Lindqvist,alicia.lindqvist@foxglove.com,foxglove.com,Paid Social - Meta,lead-form-broad,false
L007986,2026-06-15 17:15:00,Marcus,Krishnan,marcus.krishnan@copperline.com,copperline.com,Paid Social - Meta,prospecting-lal,false
L007987,2026-06-29 17:00:00,Omar,Almeida,omar.almeida@arclight.com,arclight.com,Paid Social - Meta,prospecting-lal,false
L007988,2026-06-10 13:15:00,Kenji,Nwosu,kenji.nwosu@arclight.com,arclight.com,Paid Social - Meta,prospecting-lal,false
L007989,2026-06-23 20:15:00,Rafael,Petrov,rafael.petrov@harborview.com,harborview.com,Paid Social - Meta,prospecting-lal,false
L007990,2026-06-14 13:15:00,Renata,Mulvaney,renata.mulvaney@ridgeline.com,ridgeline.com,Paid Social - Meta,lead-form-broad,false
L007991,2026-06-26 20:45:00,Jonas,Okonkwo,jonas.okonkwo@juniper.com,juniper.com,Paid Social - Meta,lead-form-broad,false
L007992,2026-06-05 19:30:00,Tomas,Ferreira,tomas.ferreira@meridian.com,meridian.com,Paid Social - Meta,lead-form-broad,false
L007993,2026-06-11 08:45:00,Arun,Petrov,arun.petrov@pinnacle.com,pinnacle.com,Paid Social - Meta,lead-form-broad,false
L007994,2026-06-05 20:15:00,Malik,Krishnan,malik.krishnan@solvent.com,solvent.com,Paid Social - Meta,lead-form-broad,false
L007995,2026-06-23 20:15:00,Cormac,Byrne,cormac.byrne@ironwood.com,ironwood.com,Paid Social - Meta,mofu-retarget,false
L007996,2026-06-02 08:30:00,Ivo,Doyle,ivo.doyle@marlowe.com,marlowe.com,Paid Social - Meta,lead-form-broad,false
L007997,2026-06-03 12:15:00,Elodie,Kavanagh,elodie.kavanagh@copperline.com,copperline.com,Paid Social - Meta,mofu-retarget,false
L007998,2026-06-16 19:15:00,Siobhan,Demir,siobhan.demir@redwood.com,redwood.com,Paid Social - Meta,mofu-retarget,false
L007999,2026-06-24 15:15:00,Cormac,Castellanos,cormac.castellanos@redwood.com,redwood.com,Paid Social - Meta,mofu-retarget,false
L008000,2026-06-26 16:15:00,Priya,Whitfield,priya.whitfield@dovetail.com,dovetail.com,Paid Social - Meta,mofu-retarget,false
L008001,2026-06-30 15:30:00,Marcus,Petrov,marcus.petrov@ridgeline.com,ridgeline.com,Paid Social - Meta,lead-form-broad,false
L008002,2026-06-11 11:00:00,Yusuf,Ferreira,yusuf.ferreira@arclight.com,arclight.com,Paid Search - Non-Brand,competitor-terms,false
L008003,2026-06-27 20:30:00,Alicia,Grant,alicia.grant@saltmarsh.com,saltmarsh.com,Paid Search - Non-Brand,solution-terms,false
L008004,2026-06-04 18:00:00,Marcus,Doyle,marcus.doyle@halcyon.com,halcyon.com,Paid Search - Non-Brand,competitor-terms,false
L008005,2026-06-07 13:00:00,Marcus,Szabo,marcus.szabo@oakhurst.com,oakhurst.com,Paid Search - Non-Brand,solution-terms,false
L008006,2026-06-25 10:30:00,Priya,Zhang,priya.zhang@redwood.com,redwood.com,Paid Search - Non-Brand,solution-terms,false
L008007,2026-06-18 16:00:00,Callum,Farrell,callum.farrell@marlowe.com,marlowe.com,Paid Search - Non-Brand,category-terms,false
L008008,2026-06-24 11:30:00,Noor,Bahri,noor.bahri@foxglove.com,foxglove.com,Paid Search - Non-Brand,competitor-terms,false
L008009,2026-06-10 11:15:00,Tomas,Grant,tomas.grant@meridian.com,meridian.com,Paid Search - Non-Brand,competitor-terms,false
L008010,2026-06-15 17:00:00,Peter,Bahri,peter.bahri@ember.com,ember.com,Paid Search - Non-Brand,category-terms,false
L008011,2026-06-01 13:45:00,Jonas,Castellanos,jonas.castellanos@saltmarsh.com,saltmarsh.com,Paid Search - Non-Brand,solution-terms,true
L008012,2026-06-09 12:00:00,Priya,Szabo,priya.szabo@nimbus.com,nimbus.com,Paid Search - Non-Brand,competitor-terms,false
L008013,2026-06-02 16:00:00,Renata,Grant,renata.grant@lumen.com,lumen.com,Paid Search - Non-Brand,solution-terms,false
L008014,2026-06-18 15:15:00,Grace,Doyle,grace.doyle@lumen.com,lumen.com,Paid Search - Non-Brand,competitor-terms,false
L008015,2026-06-26 18:30:00,Lena,Doyle,lena.doyle@halcyon.com,halcyon.com,Paid Search - Non-Brand,category-terms,false
L008016,2026-06-12 15:00:00,Hollis,Castellanos,hollis.castellanos@brightpath.com,brightpath.com,Paid Search - Non-Brand,competitor-terms,false
L008017,2026-06-21 19:45:00,Renata,Bahri,renata.bahri@brightpath.com,brightpath.com,Paid Search - Non-Brand,category-terms,false
L008018,2026-06-26 17:15:00,Anaya,Petrov,anaya.petrov@granitepeak.com,granitepeak.com,Paid Search - Non-Brand,solution-terms,false
L008019,2026-06-16 15:00:00,Cormac,Novak,cormac.novak@northwind.com,northwind.com,Paid Search - Non-Brand,category-terms,false
L008020,2026-06-05 14:00:00,Kenji,Bahri,kenji.bahri@harborview.com,harborview.com,Paid Search - Non-Brand,category-terms,false
L008021,2026-06-05 19:45:00,Mei,Vieira,mei.vieira@tessellate.com,tessellate.com,Paid Search - Non-Brand,competitor-terms,false
L008022,2026-06-14 14:15:00,Alicia,Mulvaney,alicia.mulvaney@solvent.com,solvent.com,Paid Search - Non-Brand,competitor-terms,true
L008023,2026-06-08 08:00:00,Omar,Raghunathan,omar.raghunathan@cascade.com,cascade.com,Paid Search - Non-Brand,solution-terms,false
L008024,2026-06-11 14:30:00,Adeola,Petrov,adeola.petrov@oakhurst.com,oakhurst.com,Paid Search - Non-Brand,solution-terms,false
L008025,2026-06-25 09:15:00,Margit,Horvat,margit.horvat@saltmarsh.com,saltmarsh.com,Paid Search - Non-Brand,solution-terms,false
L008026,2026-06-24 16:45:00,Omar,Lindqvist,omar.lindqvist@pinnacle.com,pinnacle.com,Paid Search - Non-Brand,competitor-terms,false
L008027,2026-06-21 10:15:00,Elodie,Raghunathan,elodie.raghunathan@tessellate.com,tessellate.com,Paid Search - Non-Brand,competitor-terms,false
L008028,2026-06-03 17:15:00,Yusuf,Moreau,yusuf.moreau@lumen.com,lumen.com,Paid Search - Non-Brand,competitor-terms,false
L008029,2026-06-09 20:30:00,Alicia,Demir,alicia.demir@arclight.com,arclight.com,Paid Search - Non-Brand,competitor-terms,false
L008030,2026-06-09 12:45:00,Elodie,Haddad,elodie.haddad@harborview.com,harborview.com,Paid Search - Non-Brand,solution-terms,false
L008031,2026-06-20 17:15:00,Yusuf,Doyle,yusuf.doyle@arclight.com,arclight.com,Paid Search - Non-Brand,competitor-terms,false
L008032,2026-06-10 07:45:00,Anaya,Vieira,anaya.vieira@foxglove.com,foxglove.com,Paid Search - Non-Brand,solution-terms,false
L008033,2026-06-25 17:00:00,Hollis,Bahri,hollis.bahri@pinnacle.com,pinnacle.com,Paid Search - Non-Brand,solution-terms,false
L008034,2026-06-24 18:30:00,Malik,Pires,malik.pires@brightpath.com,brightpath.com,Paid Search - Non-Brand,category-terms,false
L008035,2026-06-21 18:45:00,Cormac,Whitfield,cormac.whitfield@oakhurst.com,oakhurst.com,Paid Search - Non-Brand,solution-terms,false
L008036,2026-06-01 14:15:00,Arun,Okonkwo,arun.okonkwo@kestrel.com,kestrel.com,Paid Search - Non-Brand,competitor-terms,false
L008037,2026-06-26 20:30:00,Omar,Haddad,omar.haddad@lumen.com,lumen.com,Paid Search - Non-Brand,solution-terms,false
L008038,2026-06-12 17:15:00,Callum,Whitfield,callum.whitfield@anvil.com,anvil.com,Paid Search - Non-Brand,competitor-terms,false
L008039,2026-06-19 19:30:00,Ingrid,Szabo,ingrid.szabo@nimbus.com,nimbus.com,Paid Search - Non-Brand,competitor-terms,false
L008040,2026-06-12 08:45:00,Adeola,Nwosu,adeola.nwosu@arclight.com,arclight.com,Paid Search - Non-Brand,solution-terms,false
L008041,2026-06-02 18:00:00,Anaya,Almeida,anaya.almeida@granitepeak.com,granitepeak.com,Paid Search - Non-Brand,solution-terms,false
L008042,2026-06-30 16:15:00,Darius,Aaltonen,darius.aaltonen@ferrous.com,ferrous.com,Paid Search - Non-Brand,category-terms,false
L008043,2026-06-27 09:45:00,Arun,Mulvaney,arun.mulvaney@ember.com,ember.com,Paid Search - Non-Brand,category-terms,false
L008044,2026-06-07 11:15:00,Siobhan,Whitfield,siobhan.whitfield@anvil.com,anvil.com,Paid Search - Non-Brand,competitor-terms,false
L008045,2026-06-24 15:30:00,Beatriz,Okonkwo,beatriz.okonkwo@kestrel.com,kestrel.com,Paid Search - Non-Brand,category-terms,false
L008046,2026-06-01 14:15:00,Jonas,Pires,jonas.pires@ember.com,ember.com,Paid Search - Non-Brand,solution-terms,false
L008047,2026-06-18 13:30:00,Kenji,Watanabe,kenji.watanabe@nimbus.com,nimbus.com,Paid Search - Non-Brand,category-terms,false
L008048,2026-06-12 20:00:00,Rafael,Petrov,rafael.petrov@anvil.com,anvil.com,Paid Search - Non-Brand,category-terms,false
L008049,2026-06-02 16:30:00,Callum,Szabo,callum.szabo@foxglove.com,foxglove.com,Paid Search - Non-Brand,competitor-terms,false
L008050,2026-06-14 15:45:00,Malik,Pires,malik.pires@dovetail.com,dovetail.com,Paid Search - Non-Brand,solution-terms,false
L008051,2026-06-14 09:45:00,Tomas,Moreau,tomas.moreau@redwood.com,redwood.com,Paid Search - Non-Brand,solution-terms,false
L008052,2026-06-23 17:30:00,Renata,Aaltonen,renata.aaltonen@saltmarsh.com,saltmarsh.com,Paid Search - Non-Brand,competitor-terms,false
L008053,2026-06-19 08:00:00,Callum,Haddad,callum.haddad@brightpath.com,brightpath.com,Paid Search - Non-Brand,solution-terms,false
L008054,2026-06-15 14:15:00,Elodie,Okonkwo,elodie.okonkwo@quarry.com,quarry.com,Paid Search - Non-Brand,solution-terms,false
L008055,2026-06-22 11:15:00,Marcus,Farrell,marcus.farrell@foxglove.com,foxglove.com,Paid Search - Non-Brand,category-terms,false
L008056,2026-06-26 18:00:00,Omar,Bergstrom,omar.bergstrom@solvent.com,solvent.com,Paid Search - Non-Brand,competitor-terms,false
L008057,2026-06-24 19:00:00,Rafael,Doyle,rafael.doyle@meridian.com,meridian.com,Paid Search - Non-Brand,category-terms,false
L008058,2026-06-16 15:45:00,Cormac,Almeida,cormac.almeida@cascade.com,cascade.com,Paid Search - Non-Brand,solution-terms,false
L008059,2026-06-02 09:30:00,Tomas,Lindqvist,tomas.lindqvist@lumen.com,lumen.com,Paid Search - Non-Brand,category-terms,false
L008060,2026-06-13 20:45:00,Kenji,Szabo,kenji.szabo@ferrous.com,ferrous.com,Paid Search - Non-Brand,category-terms,false
L008061,2026-06-29 19:15:00,Callum,Szabo,callum.szabo@northwind.com,northwind.com,Paid Search - Non-Brand,competitor-terms,false
L008062,2026-06-26 09:45:00,Cormac,Castellanos,cormac.castellanos@copperline.com,copperline.com,Paid Search - Non-Brand,competitor-terms,false
L008063,2026-06-18 10:00:00,Cormac,Szabo,cormac.szabo@anvil.com,anvil.com,Paid Search - Non-Brand,category-terms,false
L008064,2026-06-22 15:15:00,Estelle,Zhang,estelle.zhang@redwood.com,redwood.com,Paid Search - Non-Brand,solution-terms,false
L008065,2026-06-30 09:30:00,Mei,Okonkwo,mei.okonkwo@copperline.com,copperline.com,Paid Search - Non-Brand,category-terms,false
L008066,2026-06-17 10:45:00,Beatriz,Krishnan,beatriz.krishnan@marlowe.com,marlowe.com,Paid Search - Non-Brand,category-terms,true
L008067,2026-06-13 20:15:00,Ivo,Bergstrom,ivo.bergstrom@ember.com,ember.com,Paid Search - Non-Brand,solution-terms,false
L008068,2026-06-08 07:30:00,Lena,Doyle,lena.doyle@marlowe.com,marlowe.com,Paid Search - Non-Brand,solution-terms,false
L008069,2026-06-13 09:00:00,Priya,Kavanagh,priya.kavanagh@quillon.com,quillon.com,Paid Search - Non-Brand,competitor-terms,false
L008070,2026-06-02 08:00:00,Rafael,Okonkwo,rafael.okonkwo@foxglove.com,foxglove.com,Paid Search - Non-Brand,solution-terms,false
L008071,2026-06-20 07:45:00,Cormac,Watanabe,cormac.watanabe@ember.com,ember.com,Paid Search - Non-Brand,solution-terms,false
L008072,2026-06-05 19:15:00,Ivo,Whitfield,ivo.whitfield@oakhurst.com,oakhurst.com,Paid Search - Non-Brand,solution-terms,false
L008073,2026-06-29 13:45:00,Callum,Iyer,callum.iyer@thornbury.com,thornbury.com,Paid Search - Non-Brand,category-terms,false
L008074,2026-06-11 20:45:00,Omar,Demir,omar.demir@marlowe.com,marlowe.com,Paid Search - Non-Brand,solution-terms,false
L008075,2026-06-21 15:45:00,Beatriz,Doyle,beatriz.doyle@northwind.com,northwind.com,Paid Search - Non-Brand,solution-terms,false
L008076,2026-06-29 18:15:00,Anaya,Lindqvist,anaya.lindqvist@kestrel.com,kestrel.com,Paid Search - Non-Brand,solution-terms,false
L008077,2026-06-24 10:15:00,Marcus,Demir,marcus.demir@tessellate.com,tessellate.com,Paid Social - LinkedIn,jobtitle-targeting,true
L008078,2026-06-15 19:15:00,Arun,Ferreira,arun.ferreira@ferrous.com,ferrous.com,Paid Social - LinkedIn,abm-tier1,false
L008079,2026-06-30 14:15:00,Omar,Mulvaney,omar.mulvaney@oakhurst.com,oakhurst.com,Paid Social - LinkedIn,jobtitle-targeting,false
L008080,2026-06-24 07:30:00,Malik,Farrell,malik.farrell@meridian.com,meridian.com,Paid Social - LinkedIn,abm-tier1,false
L008081,2026-06-11 13:15:00,Adeola,Bergstrom,adeola.bergstrom@dovetail.com,dovetail.com,Paid Social - LinkedIn,content-download,true
L008082,2026-06-14 08:00:00,Marcus,Iyer,marcus.iyer@granitepeak.com,granitepeak.com,Paid Social - LinkedIn,content-download,false
L008083,2026-06-05 12:15:00,Grace,Whitfield,grace.whitfield@ironwood.com,ironwood.com,Paid Social - LinkedIn,abm-tier1,false
L008084,2026-06-08 09:00:00,Grace,Krishnan,grace.krishnan@thornbury.com,thornbury.com,Paid Social - LinkedIn,content-download,true
L008085,2026-06-29 10:45:00,Beatriz,Pires,beatriz.pires@saltmarsh.com,saltmarsh.com,Paid Social - LinkedIn,jobtitle-targeting,false
L008086,2026-06-19 10:30:00,Beatriz,Moreau,beatriz.moreau@lumen.com,lumen.com,Paid Social - LinkedIn,content-download,false
L008087,2026-06-19 08:45:00,Jonas,Petrov,jonas.petrov@tessellate.com,tessellate.com,Paid Social - LinkedIn,jobtitle-targeting,false
L008088,2026-06-29 17:00:00,Lena,Okonkwo,lena.okonkwo@tessellate.com,tessellate.com,Paid Social - LinkedIn,abm-tier1,false
L008089,2026-06-27 08:45:00,Grace,Doyle,grace.doyle@meridian.com,meridian.com,Paid Social - LinkedIn,jobtitle-targeting,false
L008090,2026-06-30 07:00:00,Malik,Haddad,malik.haddad@thornbury.com,thornbury.com,Paid Social - LinkedIn,content-download,false
L008091,2026-06-01 15:15:00,Anaya,Grant,anaya.grant@quarry.com,quarry.com,Paid Social - LinkedIn,abm-tier1,false
L008092,2026-06-24 16:15:00,Rafael,Lindqvist,rafael.lindqvist@ridgeline.com,ridgeline.com,Paid Social - LinkedIn,jobtitle-targeting,false
L008093,2026-06-25 12:30:00,Alicia,Aaltonen,alicia.aaltonen@nimbus.com,nimbus.com,Paid Social - LinkedIn,jobtitle-targeting,false
L008094,2026-06-30 16:45:00,Siobhan,Raghunathan,siobhan.raghunathan@ironwood.com,ironwood.com,Paid Social - LinkedIn,jobtitle-targeting,false
L008095,2026-06-17 19:15:00,Kenji,Novak,kenji.novak@foxglove.com,foxglove.com,Paid Social - LinkedIn,jobtitle-targeting,false
L008096,2026-06-06 12:30:00,Rafael,Watanabe,rafael.watanabe@quillon.com,quillon.com,Paid Social - LinkedIn,jobtitle-targeting,false
L008097,2026-06-08 08:15:00,Rafael,Krishnan,rafael.krishnan@nimbus.com,nimbus.com,Paid Social - LinkedIn,jobtitle-targeting,false
L008098,2026-06-28 16:15:00,Marcus,Whitfield,marcus.whitfield@halcyon.com,halcyon.com,Paid Social - LinkedIn,content-download,false
L008099,2026-06-12 18:15:00,Priya,Bergstrom,priya.bergstrom@lumen.com,lumen.com,Paid Social - LinkedIn,abm-tier1,false
L008100,2026-06-21 18:00:00,Arun,Pires,arun.pires@solvent.com,solvent.com,Paid Social - LinkedIn,content-download,true
L008101,2026-06-01 18:45:00,Darius,Mulvaney,darius.mulvaney@foxglove.com,foxglove.com,Paid Social - LinkedIn,abm-tier1,false
L008102,2026-06-04 10:00:00,Beatriz,Grant,beatriz.grant@ember.com,ember.com,Paid Social - LinkedIn,content-download,false
L008103,2026-06-07 10:00:00,Estelle,Horvat,estelle.horvat@arclight.com,arclight.com,Paid Social - LinkedIn,jobtitle-targeting,true
L008104,2026-06-20 17:45:00,Peter,Horvat,peter.horvat@solvent.com,solvent.com,Paid Social - LinkedIn,content-download,false
L008105,2026-06-28 17:45:00,Tomas,Doyle,tomas.doyle@ember.com,ember.com,Paid Social - LinkedIn,abm-tier1,false
L008106,2026-06-25 10:15:00,Grace,Byrne,grace.byrne@juniper.com,juniper.com,Organic / Direct,none,false
L008107,2026-06-13 12:00:00,Darius,Ferreira,darius.ferreira@oakhurst.com,oakhurst.com,Organic / Direct,none,true
L008108,2026-06-13 15:00:00,Ivo,Haddad,ivo.haddad@dovetail.com,dovetail.com,Organic / Direct,none,false
L008109,2026-06-29 16:00:00,Grace,Demir,grace.demir@anvil.com,anvil.com,Organic / Direct,none,false
L008110,2026-06-21 17:15:00,Siobhan,Almeida,siobhan.almeida@lumen.com,lumen.com,Organic / Direct,none,false
L008111,2026-06-11 19:45:00,Arun,Lindqvist,arun.lindqvist@oakhurst.com,oakhurst.com,Organic / Direct,none,false
L008112,2026-06-12 13:45:00,Callum,Demir,callum.demir@brightpath.com,brightpath.com,Organic / Direct,none,false
L008113,2026-06-23 16:00:00,Rafael,Castellanos,rafael.castellanos@granitepeak.com,granitepeak.com,Organic / Direct,none,false
L008114,2026-06-10 08:45:00,Beatriz,Horvat,beatriz.horvat@pinnacle.com,pinnacle.com,Organic / Direct,none,true
L008115,2026-06-17 09:45:00,Omar,Horvat,omar.horvat@dovetail.com,dovetail.com,Organic / Direct,none,true
L008116,2026-06-10 10:00:00,Priya,Watanabe,priya.watanabe@ember.com,ember.com,Organic / Direct,none,false
L008117,2026-06-22 10:30:00,Yusuf,Haddad,yusuf.haddad@brightpath.com,brightpath.com,Organic / Direct,none,true
L008118,2026-06-03 07:45:00,Grace,Doyle,grace.doyle@quillon.com,quillon.com,Organic / Direct,none,false
L008119,2026-06-20 12:45:00,Renata,Iyer,renata.iyer@marlowe.com,marlowe.com,Organic / Direct,none,false
L008120,2026-06-14 08:45:00,Noor,Novak,noor.novak@northwind.com,northwind.com,Organic / Direct,none,true
L008121,2026-06-01 17:45:00,Margit,Pires,margit.pires@ember.com,ember.com,Organic / Direct,none,false
L008122,2026-06-07 10:30:00,Marcus,Castellanos,marcus.castellanos@ironwood.com,ironwood.com,Organic / Direct,none,false
L008123,2026-06-01 07:30:00,Lena,Farrell,lena.farrell@ironwood.com,ironwood.com,Organic / Direct,none,false
L008124,2026-06-19 14:15:00,Kenji,Bahri,kenji.bahri@ridgeline.com,ridgeline.com,Organic / Direct,none,false
L008125,2026-06-23 18:15:00,Omar,Grant,omar.grant@lumen.com,lumen.com,Organic / Direct,none,false
L008126,2026-06-14 09:30:00,Anaya,Mulvaney,anaya.mulvaney@foxglove.com,foxglove.com,Organic / Direct,none,false
L008127,2026-06-01 08:45:00,Siobhan,Lindqvist,siobhan.lindqvist@saltmarsh.com,saltmarsh.com,Organic / Direct,none,false
L008128,2026-06-13 14:30:00,Ivo,Aaltonen,ivo.aaltonen@oakhurst.com,oakhurst.com,Organic / Direct,none,false
L008129,2026-06-06 12:00:00,Renata,Horvat,renata.horvat@cascade.com,cascade.com,Organic / Direct,none,true
L008130,2026-06-17 10:00:00,Lena,Szabo,lena.szabo@redwood.com,redwood.com,Organic / Direct,none,false
L008131,2026-06-19 15:00:00,Elodie,Bahri,elodie.bahri@meridian.com,meridian.com,Organic / Direct,none,false
L008132,2026-06-15 11:00:00,Elodie,Watanabe,elodie.watanabe@brightpath.com,brightpath.com,Organic / Direct,none,false
L008133,2026-06-25 19:45:00,Cormac,Doyle,cormac.doyle@anvil.com,anvil.com,Organic / Direct,none,false
L008134,2026-06-15 07:00:00,Yusuf,Moreau,yusuf.moreau@kestrel.com,kestrel.com,Organic / Direct,none,true
